[     127ms] [INFO] %cDownload the React DevTools for a better development experience: https://reactjs.org/link/react-devtools font-weight:bold @ http://localhost:3000/_next/static/chunks/node_modules_react-dom_cjs_react-dom_development_07i0ttg.js:25055
[     297ms] [LOG] [HMR] connected @ http://localhost:3000/_next/static/chunks/node_modules_next_dist_0bc8q4g._.js:1233
[     332ms] [WARNING] Image with src "/images/index/tree.jpg" has legacy prop "layout". Did you forget to run the codemod?
Read more: https://nextjs.org/docs/messages/next-image-upgrade-to-13 @ http://localhost:3000/_next/static/chunks/node_modules_next_dist_0bc8q4g._.js:1233
[     332ms] [WARNING] Image with src "/images/index/tree.jpg" has legacy prop "objectFit". Did you forget to run the codemod?
Read more: https://nextjs.org/docs/messages/next-image-upgrade-to-13 @ http://localhost:3000/_next/static/chunks/node_modules_next_dist_0bc8q4g._.js:1233
[     436ms] [WARNING] Image with src "/images/index/tree.jpg" has "fill" and parent element with invalid "position". Provided "static" should be one of absolute,fixed,relative. @ http://localhost:3000/_next/static/chunks/node_modules_next_dist_0bc8q4g._.js:1233
[     462ms] [WARNING] Image with src "/images/index/tree.jpg" was detected as the Largest Contentful Paint (LCP). Please add the `loading="eager"` property if this image is above the fold.
Read more: https://nextjs.org/docs/app/api-reference/components/image#loading @ http://localhost:3000/_next/static/chunks/node_modules_next_dist_0bc8q4g._.js:1233
[     946ms] [WARNING] Image with src "/images/index/tree-m.png" has legacy prop "layout". Did you forget to run the codemod?
Read more: https://nextjs.org/docs/messages/next-image-upgrade-to-13 @ http://localhost:3000/_next/static/chunks/node_modules_next_dist_0bc8q4g._.js:1233
[     946ms] [WARNING] Image with src "/images/index/tree-m.png" has legacy prop "objectFit". Did you forget to run the codemod?
Read more: https://nextjs.org/docs/messages/next-image-upgrade-to-13 @ http://localhost:3000/_next/static/chunks/node_modules_next_dist_0bc8q4g._.js:1233
[    1016ms] [WARNING] Image with src "/images/index/tree-m.png" has "fill" and parent element with invalid "position". Provided "static" should be one of absolute,fixed,relative. @ http://localhost:3000/_next/static/chunks/node_modules_next_dist_0bc8q4g._.js:1233
[    3475ms] [LOG] [Fast Refresh] rebuilding @ http://localhost:3000/_next/static/chunks/node_modules_next_dist_0bc8q4g._.js:1233
[    5314ms] [LOG] [Fast Refresh] done in 1949ms @ http://localhost:3000/_next/static/chunks/node_modules_next_dist_0bc8q4g._.js:1233
[    9404ms] [LOG] [Fast Refresh] rebuilding @ http://localhost:3000/_next/static/chunks/node_modules_next_dist_0bc8q4g._.js:1233
[    9411ms] [LOG] [Fast Refresh] done in 110ms @ http://localhost:3000/_next/static/chunks/node_modules_next_dist_0bc8q4g._.js:1233
[   85563ms] [LOG] [Fast Refresh] rebuilding @ http://localhost:3000/_next/static/chunks/node_modules_next_dist_0bc8q4g._.js:1233
[   85594ms] [LOG] [Fast Refresh] done in 137ms @ http://localhost:3000/_next/static/chunks/node_modules_next_dist_0bc8q4g._.js:1233
[  128981ms] [LOG] [Fast Refresh] rebuilding @ http://localhost:3000/_next/static/chunks/node_modules_next_dist_0bc8q4g._.js:1233
[  129029ms] [LOG] [Fast Refresh] done in 162ms @ http://localhost:3000/_next/static/chunks/node_modules_next_dist_0bc8q4g._.js:1233
[  129419ms] [LOG] [Fast Refresh] rebuilding @ http://localhost:3000/_next/static/chunks/node_modules_next_dist_0bc8q4g._.js:1233
[  133352ms] [LOG] [Fast Refresh] done in 4043ms @ http://localhost:3000/_next/static/chunks/node_modules_next_dist_0bc8q4g._.js:1233
[  136666ms] [LOG] [Fast Refresh] rebuilding @ http://localhost:3000/_next/static/chunks/node_modules_next_dist_0bc8q4g._.js:1233
[  136666ms] [LOG] [Fast Refresh] done in 111ms @ http://localhost:3000/_next/static/chunks/node_modules_next_dist_0bc8q4g._.js:1233
[  552726ms] [WARNING] Image with src "/images/index/tree.jpg" has "fill" but is missing "sizes" prop. Please add it to improve page performance. Read more: https://nextjs.org/docs/api-reference/next/image#sizes @ http://localhost:3000/_next/static/chunks/node_modules_next_dist_0bc8q4g._.js:1233
[  911004ms] [LOG] [Fast Refresh] rebuilding @ http://localhost:3000/_next/static/chunks/node_modules_next_dist_0bc8q4g._.js:1233
[  911032ms] [LOG] [Fast Refresh] done in 132ms @ http://localhost:3000/_next/static/chunks/node_modules_next_dist_0bc8q4g._.js:1233
[  914396ms] [LOG] [Fast Refresh] rebuilding @ http://localhost:3000/_next/static/chunks/node_modules_next_dist_0bc8q4g._.js:1233
[  914425ms] [LOG] [Fast Refresh] done in 140ms @ http://localhost:3000/_next/static/chunks/node_modules_next_dist_0bc8q4g._.js:1233
[  925261ms] [LOG] [Fast Refresh] rebuilding @ http://localhost:3000/_next/static/chunks/node_modules_next_dist_0bc8q4g._.js:1233
[  925281ms] [LOG] [Fast Refresh] done in 204ms @ http://localhost:3000/_next/static/chunks/node_modules_next_dist_0bc8q4g._.js:1233
[ 1199349ms] [LOG] [HMR] connected @ http://localhost:3000/_next/static/chunks/node_modules_next_dist_0bc8q4g._.js:1233
[ 1201389ms] [INFO] %cDownload the React DevTools for a better development experience: https://reactjs.org/link/react-devtools font-weight:bold @ http://localhost:3000/_next/static/chunks/node_modules_react-dom_cjs_react-dom_development_07i0ttg.js:25055
[ 1201667ms] [LOG] [HMR] connected @ http://localhost:3000/_next/static/chunks/node_modules_next_dist_0bc8q4g._.js:1233
[ 1201756ms] [WARNING] Image with src "/images/index/tree.jpg" has legacy prop "layout". Did you forget to run the codemod?
Read more: https://nextjs.org/docs/messages/next-image-upgrade-to-13 @ http://localhost:3000/_next/static/chunks/node_modules_next_dist_0bc8q4g._.js:1233
[ 1201756ms] [WARNING] Image with src "/images/index/tree.jpg" has legacy prop "objectFit". Did you forget to run the codemod?
Read more: https://nextjs.org/docs/messages/next-image-upgrade-to-13 @ http://localhost:3000/_next/static/chunks/node_modules_next_dist_0bc8q4g._.js:1233
[ 1201840ms] [WARNING] Image with src "/images/index/tree.jpg" has "fill" but is missing "sizes" prop. Please add it to improve page performance. Read more: https://nextjs.org/docs/api-reference/next/image#sizes @ http://localhost:3000/_next/static/chunks/node_modules_next_dist_0bc8q4g._.js:1233
[ 1201913ms] [WARNING] Image with src "/images/index/tree.jpg" was detected as the Largest Contentful Paint (LCP). Please add the `loading="eager"` property if this image is above the fold.
Read more: https://nextjs.org/docs/app/api-reference/components/image#loading @ http://localhost:3000/_next/static/chunks/node_modules_next_dist_0bc8q4g._.js:1233
[ 1247241ms] [LOG] [Fast Refresh] rebuilding @ http://localhost:3000/_next/static/chunks/node_modules_next_dist_0bc8q4g._.js:1233
[ 1247269ms] [LOG] [Fast Refresh] done in 138ms @ http://localhost:3000/_next/static/chunks/node_modules_next_dist_0bc8q4g._.js:1233
[ 1685142ms] [LOG] [Fast Refresh] rebuilding @ http://localhost:3000/_next/static/chunks/node_modules_next_dist_0bc8q4g._.js:1233
[ 1685143ms] [LOG] [Fast Refresh] done in 107ms @ http://localhost:3000/_next/static/chunks/node_modules_next_dist_0bc8q4g._.js:1233
[ 2337061ms] [LOG] [Fast Refresh] rebuilding @ http://localhost:3000/_next/static/chunks/node_modules_next_dist_0bc8q4g._.js:1233
[ 2337097ms] [LOG] [Fast Refresh] done in 143ms @ http://localhost:3000/_next/static/chunks/node_modules_next_dist_0bc8q4g._.js:1233
[ 2461334ms] [LOG] [Fast Refresh] rebuilding @ http://localhost:3000/_next/static/chunks/node_modules_next_dist_0bc8q4g._.js:1233
[ 2462179ms] [LOG] [Fast Refresh] done in 957ms @ http://localhost:3000/_next/static/chunks/node_modules_next_dist_0bc8q4g._.js:1233
[ 2569232ms] [LOG] [Fast Refresh] rebuilding @ http://localhost:3000/_next/static/chunks/node_modules_next_dist_0bc8q4g._.js:1233
[ 2573226ms] [LOG] [Fast Refresh] done in 4082ms @ http://localhost:3000/_next/static/chunks/node_modules_next_dist_0bc8q4g._.js:1233
[ 2667215ms] [LOG] [Fast Refresh] rebuilding @ http://localhost:3000/_next/static/chunks/node_modules_next_dist_0bc8q4g._.js:1233
[ 2667224ms] [LOG] [Fast Refresh] done in 62ms @ http://localhost:3000/_next/static/chunks/node_modules_next_dist_0bc8q4g._.js:1233
[ 2726244ms] [LOG] [Fast Refresh] rebuilding @ http://localhost:3000/_next/static/chunks/node_modules_next_dist_0bc8q4g._.js:1233
[ 2726949ms] [LOG] [Fast Refresh] done in 814ms @ http://localhost:3000/_next/static/chunks/node_modules_next_dist_0bc8q4g._.js:1233
[ 2856993ms] [LOG] [Fast Refresh] rebuilding @ http://localhost:3000/_next/static/chunks/node_modules_next_dist_0bc8q4g._.js:1233
[ 2857023ms] [LOG] [Fast Refresh] done in 60ms @ http://localhost:3000/_next/static/chunks/node_modules_next_dist_0bc8q4g._.js:1233
[ 3092110ms] [LOG] [Fast Refresh] rebuilding @ http://localhost:3000/_next/static/chunks/node_modules_next_dist_0bc8q4g._.js:1233
[ 3092213ms] [LOG] [Fast Refresh] done in 209ms @ http://localhost:3000/_next/static/chunks/node_modules_next_dist_0bc8q4g._.js:1233
[ 3169221ms] [LOG] [Fast Refresh] rebuilding @ http://localhost:3000/_next/static/chunks/node_modules_next_dist_0bc8q4g._.js:1233
[ 3170856ms] [LOG] [Fast Refresh] done in 1744ms @ http://localhost:3000/_next/static/chunks/node_modules_next_dist_0bc8q4g._.js:1233
[ 3226023ms] [LOG] [Fast Refresh] rebuilding @ http://localhost:3000/_next/static/chunks/node_modules_next_dist_0bc8q4g._.js:1233
[ 3226129ms] [LOG] [Fast Refresh] done in 342ms @ http://localhost:3000/_next/static/chunks/node_modules_next_dist_0bc8q4g._.js:1233
[ 3312321ms] [LOG] [Fast Refresh] rebuilding @ http://localhost:3000/_next/static/chunks/node_modules_next_dist_0bc8q4g._.js:1233
[ 3312444ms] [LOG] [Fast Refresh] done in 228ms @ http://localhost:3000/_next/static/chunks/node_modules_next_dist_0bc8q4g._.js:1233
[ 3348632ms] [LOG] [Fast Refresh] rebuilding @ http://localhost:3000/_next/static/chunks/node_modules_next_dist_0bc8q4g._.js:1233
[ 3348755ms] [LOG] [Fast Refresh] done in 234ms @ http://localhost:3000/_next/static/chunks/node_modules_next_dist_0bc8q4g._.js:1233
[ 3432498ms] [LOG] [Fast Refresh] rebuilding @ http://localhost:3000/_next/static/chunks/node_modules_next_dist_0bc8q4g._.js:1233
[ 3432527ms] [LOG] [Fast Refresh] done in 91ms @ http://localhost:3000/_next/static/chunks/node_modules_next_dist_0bc8q4g._.js:1233
[ 3443651ms] [LOG] [Fast Refresh] rebuilding @ http://localhost:3000/_next/static/chunks/node_modules_next_dist_0bc8q4g._.js:1233
[ 3446535ms] [LOG] [Fast Refresh] done in 2990ms @ http://localhost:3000/_next/static/chunks/node_modules_next_dist_0bc8q4g._.js:1233
[ 3540313ms] [LOG] [Fast Refresh] rebuilding @ http://localhost:3000/_next/static/chunks/node_modules_next_dist_0bc8q4g._.js:1233
[ 3540497ms] [LOG] [Fast Refresh] done in 348ms @ http://localhost:3000/_next/static/chunks/node_modules_next_dist_0bc8q4g._.js:1233
[ 3690531ms] [LOG] [Fast Refresh] rebuilding @ http://localhost:3000/_next/static/chunks/node_modules_next_dist_0bc8q4g._.js:1233
[ 3690534ms] [LOG] [Fast Refresh] done in 104ms @ http://localhost:3000/_next/static/chunks/node_modules_next_dist_0bc8q4g._.js:1233
[ 3693709ms] [LOG] [Fast Refresh] rebuilding @ http://localhost:3000/_next/static/chunks/node_modules_next_dist_0bc8q4g._.js:1233
[ 3693724ms] [LOG] [Fast Refresh] done in 116ms @ http://localhost:3000/_next/static/chunks/node_modules_next_dist_0bc8q4g._.js:1233
[ 3697504ms] [LOG] [Fast Refresh] rebuilding @ http://localhost:3000/_next/static/chunks/node_modules_next_dist_0bc8q4g._.js:1233
[ 3697509ms] [LOG] [Fast Refresh] done in 111ms @ http://localhost:3000/_next/static/chunks/node_modules_next_dist_0bc8q4g._.js:1233
[ 3697689ms] [LOG] [Fast Refresh] rebuilding @ http://localhost:3000/_next/static/chunks/node_modules_next_dist_0bc8q4g._.js:1233
[ 3697763ms] [LOG] [Fast Refresh] done in 179ms @ http://localhost:3000/_next/static/chunks/node_modules_next_dist_0bc8q4g._.js:1233
[ 3749991ms] [LOG] [Fast Refresh] rebuilding @ http://localhost:3000/_next/static/chunks/node_modules_next_dist_0bc8q4g._.js:1233
[ 3750058ms] [LOG] [Fast Refresh] done in 168ms @ http://localhost:3000/_next/static/chunks/node_modules_next_dist_0bc8q4g._.js:1233
[ 7652369ms] [LOG] [Fast Refresh] rebuilding @ http://localhost:3000/_next/static/chunks/node_modules_next_dist_0bc8q4g._.js:1233
[ 7652525ms] [LOG] [Fast Refresh] done in 251ms @ http://localhost:3000/_next/static/chunks/node_modules_next_dist_0bc8q4g._.js:1233
[ 7714205ms] [LOG] [Fast Refresh] rebuilding @ http://localhost:3000/_next/static/chunks/node_modules_next_dist_0bc8q4g._.js:1233
[ 7715933ms] [LOG] [Fast Refresh] done in 1841ms @ http://localhost:3000/_next/static/chunks/node_modules_next_dist_0bc8q4g._.js:1233
[ 8140182ms] [LOG] [Fast Refresh] rebuilding @ http://localhost:3000/_next/static/chunks/node_modules_next_dist_0bc8q4g._.js:1233
[ 8140215ms] [LOG] [Fast Refresh] done in 144ms @ http://localhost:3000/_next/static/chunks/node_modules_next_dist_0bc8q4g._.js:1233
[ 8146822ms] [LOG] [Fast Refresh] rebuilding @ http://localhost:3000/_next/static/chunks/node_modules_next_dist_0bc8q4g._.js:1233
[ 8146880ms] [LOG] [Fast Refresh] done in 172ms @ http://localhost:3000/_next/static/chunks/node_modules_next_dist_0bc8q4g._.js:1233
[ 8278887ms] [LOG] [Fast Refresh] rebuilding @ http://localhost:3000/_next/static/chunks/node_modules_next_dist_0bc8q4g._.js:1233
[ 8279382ms] [LOG] [Fast Refresh] done in 393ms @ http://localhost:3000/_next/static/chunks/node_modules_next_dist_0bc8q4g._.js:1233
[ 8284343ms] [LOG] [Fast Refresh] rebuilding @ http://localhost:3000/_next/static/chunks/node_modules_next_dist_0bc8q4g._.js:1233
[ 8284611ms] [LOG] [Fast Refresh] done in 173ms @ http://localhost:3000/_next/static/chunks/node_modules_next_dist_0bc8q4g._.js:1233
[ 8454081ms] [LOG] [Fast Refresh] rebuilding @ http://localhost:3000/_next/static/chunks/node_modules_next_dist_0bc8q4g._.js:1233
[ 8458936ms] [LOG] [Fast Refresh] done in 4965ms @ http://localhost:3000/_next/static/chunks/node_modules_next_dist_0bc8q4g._.js:1233
[ 8468106ms] [LOG] [Fast Refresh] rebuilding @ http://localhost:3000/_next/static/chunks/node_modules_next_dist_0bc8q4g._.js:1233
[ 8468241ms] [LOG] [Fast Refresh] done in 118ms @ http://localhost:3000/_next/static/chunks/node_modules_next_dist_0bc8q4g._.js:1233
[ 8468389ms] [LOG] [Fast Refresh] rebuilding @ http://localhost:3000/_next/static/chunks/node_modules_next_dist_0bc8q4g._.js:1233
[ 8468488ms] [ERROR] ./src/components/pages/LoginPage/LoginPage.styled.tsx:49:47
Unterminated template
  47 |         width: 500px;
  48 |         height: ${({ $mode }) => ($mode === 'register' ? '645px' : '484px')};
> 49 |         background: ${color('popupBackground')};
     |                                               ^
> 50 |         box-shadow: none;
     | ^^^^^^^^^^^^^^^^^^^^^^^^^
> 51 |
     | ^

Parsing ecmascript source code failed

Import traces:
  Browser:
    ./src/components/pages/LoginPage/LoginPage.styled.tsx
    ./src/pages/login.tsx

  SSR:
    ./src/components/pages/LoginPage/LoginPage.styled.tsx
    ./src/pages/login.tsx @ http://localhost:3000/_next/static/chunks/node_modules_next_dist_0bc8q4g._.js:1952
[ 8468827ms] [ERROR] ./src/components/pages/LoginPage/LoginPage.styled.tsx:49:47
Unterminated template
  47 |         width: 500px;
  48 |         height: ${({ $mode }) => ($mode === 'register' ? '645px' : '484px')};
> 49 |         background: ${color('popupBackground')};
     |                                               ^
> 50 |         box-shadow: none;
     | ^^^^^^^^^^^^^^^^^^^^^^^^^
> 51 |
     | ^

Parsing ecmascript source code failed

Import traces:
  Browser:
    ./src/components/pages/LoginPage/LoginPage.styled.tsx
    ./src/pages/login.tsx

  SSR:
    ./src/components/pages/LoginPage/LoginPage.styled.tsx
    ./src/pages/login.tsx @ http://localhost:3000/_next/static/chunks/node_modules_next_dist_0bc8q4g._.js:1952
[ 8468930ms] [LOG] [Fast Refresh] rebuilding @ http://localhost:3000/_next/static/chunks/node_modules_next_dist_0bc8q4g._.js:1233
[ 8471046ms] [ERROR] ./src/components/pages/LoginPage/LoginPage.styled.tsx:49:47
Unterminated template
  47 |         width: 500px;
  48 |         height: ${({ $mode }) => ($mode === 'register' ? '645px' : '484px')};
> 49 |         background: ${color('popupBackground')};
     |                                               ^
> 50 |         box-shadow: none;
     | ^^^^^^^^^^^^^^^^^^^^^^^^^
> 51 |
     | ^

Parsing ecmascript source code failed

Import traces:
  Browser:
    ./src/components/pages/LoginPage/LoginPage.styled.tsx
    ./src/pages/login.tsx

  SSR:
    ./src/components/pages/LoginPage/LoginPage.styled.tsx
    ./src/pages/login.tsx @ http://localhost:3000/_next/static/chunks/node_modules_next_dist_0bc8q4g._.js:1952
[ 8471424ms] [LOG] [Fast Refresh] rebuilding @ http://localhost:3000/_next/static/chunks/node_modules_next_dist_0bc8q4g._.js:1233
[ 8475707ms] [ERROR] ./src/components/pages/LoginPage/LoginPage.styled.tsx:49:47
Unterminated template
  47 |         width: 500px;
  48 |         height: ${({ $mode }) => ($mode === 'register' ? '645px' : '484px')};
> 49 |         background: ${color('popupBackground')};
     |                                               ^
> 50 |         box-shadow: none;
     | ^^^^^^^^^^^^^^^^^^^^^^^^^
> 51 |
     | ^

Parsing ecmascript source code failed

Import traces:
  Browser:
    ./src/components/pages/LoginPage/LoginPage.styled.tsx
    ./src/pages/login.tsx

  SSR:
    ./src/components/pages/LoginPage/LoginPage.styled.tsx
    ./src/pages/login.tsx @ http://localhost:3000/_next/static/chunks/node_modules_next_dist_0bc8q4g._.js:1952
[ 8493731ms] [LOG] [Fast Refresh] rebuilding @ http://localhost:3000/_next/static/chunks/node_modules_next_dist_0bc8q4g._.js:1233
[ 8495224ms] [ERROR] Failed to load resource: the server responded with a status of 500 (Internal Server Error) @ http://localhost:3000/:0
[ 8495634ms] [INFO] %cDownload the React DevTools for a better development experience: https://reactjs.org/link/react-devtools font-weight:bold @ http://localhost:3000/_next/static/chunks/node_modules_react-dom_cjs_react-dom_development_07i0ttg.js:25055
[ 8495813ms] Error: ./src/pages/login.tsx:6:1
Export Action doesn't exist in target module
   4 | import { serverSideTranslations } from 'next-i18next/serverSideTranslations';
   5 | import { useRouter } from 'next/router';
>  6 | import {
     | ^^^^^^^
>  7 |     Action,
     | ^^^^^^^^^^^
>  8 |     AuxiliaryAction,
     | ^^^^^^^^^^^^^^^^^^^^
>  9 |     CheckboxRow,
     | ^^^^^^^^^^^^^^^^
> 10 |     Close,
     | ^^^^^^^^^^
> 11 |     Error,
     | ^^^^^^^^^^
> 12 |     Form,
     | ^^^^^^^^^
> 13 |     Input,
     | ^^^^^^^^^^
> 14 |     Modal,
     | ^^^^^^^^^^
> 15 |     ModalBody,
     | ^^^^^^^^^^^^^^
> 16 |     ModalHeader,
     | ^^^^^^^^^^^^^^^^
> 17 |     Page,
     | ^^^^^^^^^
> 18 |     Status,
     | ^^^^^^^^^^^
> 19 |     Tab,
     | ^^^^^^^^
> 20 |     Tabs,
     | ^^^^^^^^^
> 21 |     Title
     | ^^^^^^^^^
> 22 | } from '@/components/pages/LoginPage/LoginPage.styled';
     | ^^^^^^^^^^^^^^^^^^^^^^^^^^^^^^^^^^^^^^^^^^^^^^^^^^^^^^^
  23 |
  24 | type User = { username: string; email: string; password: string };
  25 |

The export Action was not found in module [project]/src/components/pages/LoginPage/LoginPage.styled.tsx [client] (ecmascript).
Did you mean to import CheckboxRow?
All exports of the module are statically known (It doesn't have dynamic exports). So it's known statically that the requested export doesn't exist.


    at <unknown> (Error: ./src/pages/login.tsx:6:1)
    at Object.getCompilationErrors (file://C:\Users\stani\projects\stammbaum\node_modules\next\dist\server\dev\hot-reloader-turbopack.js:1186:59)
    at DevBundlerService.getCompilationError (file://C:\Users\stani\projects\stammbaum\node_modules\next\dist\server\lib\dev-bundler-service.js:44:55)
    at DevServer.getCompilationError (file://C:\Users\stani\projects\stammbaum\node_modules\next\dist\server\dev\next-dev-server.js:720:42)
    at DevServer.findPageComponents (file://C:\Users\stani\projects\stammbaum\node_modules\next\dist\server\dev\next-dev-server.js:690:43)
    at async DevServer.renderErrorToResponseImpl (file://C:\Users\stani\projects\stammbaum\node_modules\next\dist\server\base-server.js:1753:26)
[ 8495742ms] [LOG] [HMR] connected @ http://localhost:3000/_next/static/chunks/node_modules_next_dist_0bc8q4g._.js:1233
[ 8495751ms] [ERROR] ./src/pages/login.tsx:6:1
Export Action doesn't exist in target module
   4 | import { serverSideTranslations } from 'next-i18next/serverSideTranslations';
   5 | import { useRouter } from 'next/router';
>  6 | import {
     | ^^^^^^^
>  7 |     Action,
     | ^^^^^^^^^^^
>  8 |     AuxiliaryAction,
     | ^^^^^^^^^^^^^^^^^^^^
>  9 |     CheckboxRow,
     | ^^^^^^^^^^^^^^^^
> 10 |     Close,
     | ^^^^^^^^^^
> 11 |     Error,
     | ^^^^^^^^^^
> 12 |     Form,
     | ^^^^^^^^^
> 13 |     Input,
     | ^^^^^^^^^^
> 14 |     Modal,
     | ^^^^^^^^^^
> 15 |     ModalBody,
     | ^^^^^^^^^^^^^^
> 16 |     ModalHeader,
     | ^^^^^^^^^^^^^^^^
> 17 |     Page,
     | ^^^^^^^^^
> 18 |     Status,
     | ^^^^^^^^^^^
> 19 |     Tab,
     | ^^^^^^^^
> 20 |     Tabs,
     | ^^^^^^^^^
> 21 |     Title
     | ^^^^^^^^^
> 22 | } from '@/components/pages/LoginPage/LoginPage.styled';
     | ^^^^^^^^^^^^^^^^^^^^^^^^^^^^^^^^^^^^^^^^^^^^^^^^^^^^^^^
  23 |
  24 | type User = { username: string; email: string; password: string };
  25 |

The export Action was not found in module [project]/src/components/pages/LoginPage/LoginPage.styled.tsx [client] (ecmascript).
Did you mean to import CheckboxRow?
All exports of the module are statically known (It doesn't have dynamic exports). So it's known statically that the requested export doesn't exist. @ http://localhost:3000/_next/static/chunks/node_modules_next_dist_0bc8q4g._.js:1952
[ 8495752ms] [ERROR] ./src/pages/login.tsx:6:1
Export Action doesn't exist in target module
   4 | import { serverSideTranslations } from 'next-i18next/serverSideTranslations';
   5 | import { useRouter } from 'next/router';
>  6 | import {
     | ^^^^^^^
>  7 |     Action,
     | ^^^^^^^^^^^
>  8 |     AuxiliaryAction,
     | ^^^^^^^^^^^^^^^^^^^^
>  9 |     CheckboxRow,
     | ^^^^^^^^^^^^^^^^
> 10 |     Close,
     | ^^^^^^^^^^
> 11 |     Error,
     | ^^^^^^^^^^
> 12 |     Form,
     | ^^^^^^^^^
> 13 |     Input,
     | ^^^^^^^^^^
> 14 |     Modal,
     | ^^^^^^^^^^
> 15 |     ModalBody,
     | ^^^^^^^^^^^^^^
> 16 |     ModalHeader,
     | ^^^^^^^^^^^^^^^^
> 17 |     Page,
     | ^^^^^^^^^
> 18 |     Status,
     | ^^^^^^^^^^^
> 19 |     Tab,
     | ^^^^^^^^
> 20 |     Tabs,
     | ^^^^^^^^^
> 21 |     Title
     | ^^^^^^^^^
> 22 | } from '@/components/pages/LoginPage/LoginPage.styled';
     | ^^^^^^^^^^^^^^^^^^^^^^^^^^^^^^^^^^^^^^^^^^^^^^^^^^^^^^^
  23 |
  24 | type User = { username: string; email: string; password: string };
  25 |

The export Action was not found in module [project]/src/components/pages/LoginPage/LoginPage.styled.tsx [ssr] (ecmascript).
Did you mean to import CheckboxRow?
All exports of the module are statically known (It doesn't have dynamic exports). So it's known statically that the requested export doesn't exist. @ http://localhost:3000/_next/static/chunks/node_modules_next_dist_0bc8q4g._.js:1952
[ 8495753ms] [ERROR] ./src/pages/login.tsx:6:1
Export AuxiliaryAction doesn't exist in target module
   4 | import { serverSideTranslations } from 'next-i18next/serverSideTranslations';
   5 | import { useRouter } from 'next/router';
>  6 | import {
     | ^^^^^^^
>  7 |     Action,
     | ^^^^^^^^^^^
>  8 |     AuxiliaryAction,
     | ^^^^^^^^^^^^^^^^^^^^
>  9 |     CheckboxRow,
     | ^^^^^^^^^^^^^^^^
> 10 |     Close,
     | ^^^^^^^^^^
> 11 |     Error,
     | ^^^^^^^^^^
> 12 |     Form,
     | ^^^^^^^^^
> 13 |     Input,
     | ^^^^^^^^^^
> 14 |     Modal,
     | ^^^^^^^^^^
> 15 |     ModalBody,
     | ^^^^^^^^^^^^^^
> 16 |     ModalHeader,
     | ^^^^^^^^^^^^^^^^
> 17 |     Page,
     | ^^^^^^^^^
> 18 |     Status,
     | ^^^^^^^^^^^
> 19 |     Tab,
     | ^^^^^^^^
> 20 |     Tabs,
     | ^^^^^^^^^
> 21 |     Title
     | ^^^^^^^^^
> 22 | } from '@/components/pages/LoginPage/LoginPage.styled';
     | ^^^^^^^^^^^^^^^^^^^^^^^^^^^^^^^^^^^^^^^^^^^^^^^^^^^^^^^
  23 |
  24 | type User = { username: string; email: string; password: string };
  25 |

The export AuxiliaryAction was not found in module [project]/src/components/pages/LoginPage/LoginPage.styled.tsx [client] (ecmascript).
Did you mean to import Title?
All exports of the module are statically known (It doesn't have dynamic exports). So it's known statically that the requested export doesn't exist. @ http://localhost:3000/_next/static/chunks/node_modules_next_dist_0bc8q4g._.js:1952
[ 8495754ms] [ERROR] ./src/pages/login.tsx:6:1
Export AuxiliaryAction doesn't exist in target module
   4 | import { serverSideTranslations } from 'next-i18next/serverSideTranslations';
   5 | import { useRouter } from 'next/router';
>  6 | import {
     | ^^^^^^^
>  7 |     Action,
     | ^^^^^^^^^^^
>  8 |     AuxiliaryAction,
     | ^^^^^^^^^^^^^^^^^^^^
>  9 |     CheckboxRow,
     | ^^^^^^^^^^^^^^^^
> 10 |     Close,
     | ^^^^^^^^^^
> 11 |     Error,
     | ^^^^^^^^^^
> 12 |     Form,
     | ^^^^^^^^^
> 13 |     Input,
     | ^^^^^^^^^^
> 14 |     Modal,
     | ^^^^^^^^^^
> 15 |     ModalBody,
     | ^^^^^^^^^^^^^^
> 16 |     ModalHeader,
     | ^^^^^^^^^^^^^^^^
> 17 |     Page,
     | ^^^^^^^^^
> 18 |     Status,
     | ^^^^^^^^^^^
> 19 |     Tab,
     | ^^^^^^^^
> 20 |     Tabs,
     | ^^^^^^^^^
> 21 |     Title
     | ^^^^^^^^^
> 22 | } from '@/components/pages/LoginPage/LoginPage.styled';
     | ^^^^^^^^^^^^^^^^^^^^^^^^^^^^^^^^^^^^^^^^^^^^^^^^^^^^^^^
  23 |
  24 | type User = { username: string; email: string; password: string };
  25 |

The export AuxiliaryAction was not found in module [project]/src/components/pages/LoginPage/LoginPage.styled.tsx [ssr] (ecmascript).
Did you mean to import Title?
All exports of the module are statically known (It doesn't have dynamic exports). So it's known statically that the requested export doesn't exist. @ http://localhost:3000/_next/static/chunks/node_modules_next_dist_0bc8q4g._.js:1952
[ 8495754ms] [ERROR] ./src/pages/login.tsx:6:1
Export Error doesn't exist in target module
   4 | import { serverSideTranslations } from 'next-i18next/serverSideTranslations';
   5 | import { useRouter } from 'next/router';
>  6 | import {
     | ^^^^^^^
>  7 |     Action,
     | ^^^^^^^^^^^
>  8 |     AuxiliaryAction,
     | ^^^^^^^^^^^^^^^^^^^^
>  9 |     CheckboxRow,
     | ^^^^^^^^^^^^^^^^
> 10 |     Close,
     | ^^^^^^^^^^
> 11 |     Error,
     | ^^^^^^^^^^
> 12 |     Form,
     | ^^^^^^^^^
> 13 |     Input,
     | ^^^^^^^^^^
> 14 |     Modal,
     | ^^^^^^^^^^
> 15 |     ModalBody,
     | ^^^^^^^^^^^^^^
> 16 |     ModalHeader,
     | ^^^^^^^^^^^^^^^^
> 17 |     Page,
     | ^^^^^^^^^
> 18 |     Status,
     | ^^^^^^^^^^^
> 19 |     Tab,
     | ^^^^^^^^
> 20 |     Tabs,
     | ^^^^^^^^^
> 21 |     Title
     | ^^^^^^^^^
> 22 | } from '@/components/pages/LoginPage/LoginPage.styled';
     | ^^^^^^^^^^^^^^^^^^^^^^^^^^^^^^^^^^^^^^^^^^^^^^^^^^^^^^^
  23 |
  24 | type User = { username: string; email: string; password: string };
  25 |

The export Error was not found in module [project]/src/components/pages/LoginPage/LoginPage.styled.tsx [client] (ecmascript).
Did you mean to import Form?
All exports of the module are statically known (It doesn't have dynamic exports). So it's known statically that the requested export doesn't exist. @ http://localhost:3000/_next/static/chunks/node_modules_next_dist_0bc8q4g._.js:1952
[ 8495754ms] [ERROR] ./src/pages/login.tsx:6:1
Export Error doesn't exist in target module
   4 | import { serverSideTranslations } from 'next-i18next/serverSideTranslations';
   5 | import { useRouter } from 'next/router';
>  6 | import {
     | ^^^^^^^
>  7 |     Action,
     | ^^^^^^^^^^^
>  8 |     AuxiliaryAction,
     | ^^^^^^^^^^^^^^^^^^^^
>  9 |     CheckboxRow,
     | ^^^^^^^^^^^^^^^^
> 10 |     Close,
     | ^^^^^^^^^^
> 11 |     Error,
     | ^^^^^^^^^^
> 12 |     Form,
     | ^^^^^^^^^
> 13 |     Input,
     | ^^^^^^^^^^
> 14 |     Modal,
     | ^^^^^^^^^^
> 15 |     ModalBody,
     | ^^^^^^^^^^^^^^
> 16 |     ModalHeader,
     | ^^^^^^^^^^^^^^^^
> 17 |     Page,
     | ^^^^^^^^^
> 18 |     Status,
     | ^^^^^^^^^^^
> 19 |     Tab,
     | ^^^^^^^^
> 20 |     Tabs,
     | ^^^^^^^^^
> 21 |     Title
     | ^^^^^^^^^
> 22 | } from '@/components/pages/LoginPage/LoginPage.styled';
     | ^^^^^^^^^^^^^^^^^^^^^^^^^^^^^^^^^^^^^^^^^^^^^^^^^^^^^^^
  23 |
  24 | type User = { username: string; email: string; password: string };
  25 |

The export Error was not found in module [project]/src/components/pages/LoginPage/LoginPage.styled.tsx [ssr] (ecmascript).
Did you mean to import Form?
All exports of the module are statically known (It doesn't have dynamic exports). So it's known statically that the requested export doesn't exist. @ http://localhost:3000/_next/static/chunks/node_modules_next_dist_0bc8q4g._.js:1952
[ 8495755ms] [ERROR] ./src/pages/login.tsx:6:1
Export Status doesn't exist in target module
   4 | import { serverSideTranslations } from 'next-i18next/serverSideTranslations';
   5 | import { useRouter } from 'next/router';
>  6 | import {
     | ^^^^^^^
>  7 |     Action,
     | ^^^^^^^^^^^
>  8 |     AuxiliaryAction,
     | ^^^^^^^^^^^^^^^^^^^^
>  9 |     CheckboxRow,
     | ^^^^^^^^^^^^^^^^
> 10 |     Close,
     | ^^^^^^^^^^
> 11 |     Error,
     | ^^^^^^^^^^
> 12 |     Form,
     | ^^^^^^^^^
> 13 |     Input,
     | ^^^^^^^^^^
> 14 |     Modal,
     | ^^^^^^^^^^
> 15 |     ModalBody,
     | ^^^^^^^^^^^^^^
> 16 |     ModalHeader,
     | ^^^^^^^^^^^^^^^^
> 17 |     Page,
     | ^^^^^^^^^
> 18 |     Status,
     | ^^^^^^^^^^^
> 19 |     Tab,
     | ^^^^^^^^
> 20 |     Tabs,
     | ^^^^^^^^^
> 21 |     Title
     | ^^^^^^^^^
> 22 | } from '@/components/pages/LoginPage/LoginPage.styled';
     | ^^^^^^^^^^^^^^^^^^^^^^^^^^^^^^^^^^^^^^^^^^^^^^^^^^^^^^^
  23 |
  24 | type User = { username: string; email: string; password: string };
  25 |

The export Status was not found in module [project]/src/components/pages/LoginPage/LoginPage.styled.tsx [client] (ecmascript).
Did you mean to import Tabs?
All exports of the module are statically known (It doesn't have dynamic exports). So it's known statically that the requested export doesn't exist. @ http://localhost:3000/_next/static/chunks/node_modules_next_dist_0bc8q4g._.js:1952
[ 8495755ms] [ERROR] ./src/pages/login.tsx:6:1
Export Status doesn't exist in target module
   4 | import { serverSideTranslations } from 'next-i18next/serverSideTranslations';
   5 | import { useRouter } from 'next/router';
>  6 | import {
     | ^^^^^^^
>  7 |     Action,
     | ^^^^^^^^^^^
>  8 |     AuxiliaryAction,
     | ^^^^^^^^^^^^^^^^^^^^
>  9 |     CheckboxRow,
     | ^^^^^^^^^^^^^^^^
> 10 |     Close,
     | ^^^^^^^^^^
> 11 |     Error,
     | ^^^^^^^^^^
> 12 |     Form,
     | ^^^^^^^^^
> 13 |     Input,
     | ^^^^^^^^^^
> 14 |     Modal,
     | ^^^^^^^^^^
> 15 |     ModalBody,
     | ^^^^^^^^^^^^^^
> 16 |     ModalHeader,
     | ^^^^^^^^^^^^^^^^
> 17 |     Page,
     | ^^^^^^^^^
> 18 |     Status,
     | ^^^^^^^^^^^
> 19 |     Tab,
     | ^^^^^^^^
> 20 |     Tabs,
     | ^^^^^^^^^
> 21 |     Title
     | ^^^^^^^^^
> 22 | } from '@/components/pages/LoginPage/LoginPage.styled';
     | ^^^^^^^^^^^^^^^^^^^^^^^^^^^^^^^^^^^^^^^^^^^^^^^^^^^^^^^
  23 |
  24 | type User = { username: string; email: string; password: string };
  25 |

The export Status was not found in module [project]/src/components/pages/LoginPage/LoginPage.styled.tsx [ssr] (ecmascript).
Did you mean to import Tabs?
All exports of the module are statically known (It doesn't have dynamic exports). So it's known statically that the requested export doesn't exist. @ http://localhost:3000/_next/static/chunks/node_modules_next_dist_0bc8q4g._.js:1952
[ 8496073ms] [LOG] [Fast Refresh] rebuilding @ http://localhost:3000/_next/static/chunks/node_modules_next_dist_0bc8q4g._.js:1233
[ 8496076ms] [ERROR] ./src/pages/login.tsx:6:1
Export Action doesn't exist in target module
   4 | import { serverSideTranslations } from 'next-i18next/serverSideTranslations';
   5 | import { useRouter } from 'next/router';
>  6 | import {
     | ^^^^^^^
>  7 |     Action,
     | ^^^^^^^^^^^
>  8 |     AuxiliaryAction,
     | ^^^^^^^^^^^^^^^^^^^^
>  9 |     CheckboxRow,
     | ^^^^^^^^^^^^^^^^
> 10 |     Close,
     | ^^^^^^^^^^
> 11 |     Error,
     | ^^^^^^^^^^
> 12 |     Form,
     | ^^^^^^^^^
> 13 |     Input,
     | ^^^^^^^^^^
> 14 |     Modal,
     | ^^^^^^^^^^
> 15 |     ModalBody,
     | ^^^^^^^^^^^^^^
> 16 |     ModalHeader,
     | ^^^^^^^^^^^^^^^^
> 17 |     Page,
     | ^^^^^^^^^
> 18 |     Status,
     | ^^^^^^^^^^^
> 19 |     Tab,
     | ^^^^^^^^
> 20 |     Tabs,
     | ^^^^^^^^^
> 21 |     Title
     | ^^^^^^^^^
> 22 | } from '@/components/pages/LoginPage/LoginPage.styled';
     | ^^^^^^^^^^^^^^^^^^^^^^^^^^^^^^^^^^^^^^^^^^^^^^^^^^^^^^^
  23 |
  24 | type User = { username: string; email: string; password: string };
  25 |

The export Action was not found in module [project]/src/components/pages/LoginPage/LoginPage.styled.tsx [client] (ecmascript).
Did you mean to import CheckboxRow?
All exports of the module are statically known (It doesn't have dynamic exports). So it's known statically that the requested export doesn't exist. @ http://localhost:3000/_next/static/chunks/node_modules_next_dist_0bc8q4g._.js:1952
[ 8496076ms] [ERROR] ./src/pages/login.tsx:6:1
Export Action doesn't exist in target module
   4 | import { serverSideTranslations } from 'next-i18next/serverSideTranslations';
   5 | import { useRouter } from 'next/router';
>  6 | import {
     | ^^^^^^^
>  7 |     Action,
     | ^^^^^^^^^^^
>  8 |     AuxiliaryAction,
     | ^^^^^^^^^^^^^^^^^^^^
>  9 |     CheckboxRow,
     | ^^^^^^^^^^^^^^^^
> 10 |     Close,
     | ^^^^^^^^^^
> 11 |     Error,
     | ^^^^^^^^^^
> 12 |     Form,
     | ^^^^^^^^^
> 13 |     Input,
     | ^^^^^^^^^^
> 14 |     Modal,
     | ^^^^^^^^^^
> 15 |     ModalBody,
     | ^^^^^^^^^^^^^^
> 16 |     ModalHeader,
     | ^^^^^^^^^^^^^^^^
> 17 |     Page,
     | ^^^^^^^^^
> 18 |     Status,
     | ^^^^^^^^^^^
> 19 |     Tab,
     | ^^^^^^^^
> 20 |     Tabs,
     | ^^^^^^^^^
> 21 |     Title
     | ^^^^^^^^^
> 22 | } from '@/components/pages/LoginPage/LoginPage.styled';
     | ^^^^^^^^^^^^^^^^^^^^^^^^^^^^^^^^^^^^^^^^^^^^^^^^^^^^^^^
  23 |
  24 | type User = { username: string; email: string; password: string };
  25 |

The export Action was not found in module [project]/src/components/pages/LoginPage/LoginPage.styled.tsx [ssr] (ecmascript).
Did you mean to import CheckboxRow?
All exports of the module are statically known (It doesn't have dynamic exports). So it's known statically that the requested export doesn't exist. @ http://localhost:3000/_next/static/chunks/node_modules_next_dist_0bc8q4g._.js:1952
[ 8496077ms] [ERROR] ./src/pages/login.tsx:6:1
Export AuxiliaryAction doesn't exist in target module
   4 | import { serverSideTranslations } from 'next-i18next/serverSideTranslations';
   5 | import { useRouter } from 'next/router';
>  6 | import {
     | ^^^^^^^
>  7 |     Action,
     | ^^^^^^^^^^^
>  8 |     AuxiliaryAction,
     | ^^^^^^^^^^^^^^^^^^^^
>  9 |     CheckboxRow,
     | ^^^^^^^^^^^^^^^^
> 10 |     Close,
     | ^^^^^^^^^^
> 11 |     Error,
     | ^^^^^^^^^^
> 12 |     Form,
     | ^^^^^^^^^
> 13 |     Input,
     | ^^^^^^^^^^
> 14 |     Modal,
     | ^^^^^^^^^^
> 15 |     ModalBody,
     | ^^^^^^^^^^^^^^
> 16 |     ModalHeader,
     | ^^^^^^^^^^^^^^^^
> 17 |     Page,
     | ^^^^^^^^^
> 18 |     Status,
     | ^^^^^^^^^^^
> 19 |     Tab,
     | ^^^^^^^^
> 20 |     Tabs,
     | ^^^^^^^^^
> 21 |     Title
     | ^^^^^^^^^
> 22 | } from '@/components/pages/LoginPage/LoginPage.styled';
     | ^^^^^^^^^^^^^^^^^^^^^^^^^^^^^^^^^^^^^^^^^^^^^^^^^^^^^^^
  23 |
  24 | type User = { username: string; email: string; password: string };
  25 |

The export AuxiliaryAction was not found in module [project]/src/components/pages/LoginPage/LoginPage.styled.tsx [client] (ecmascript).
Did you mean to import Title?
All exports of the module are statically known (It doesn't have dynamic exports). So it's known statically that the requested export doesn't exist. @ http://localhost:3000/_next/static/chunks/node_modules_next_dist_0bc8q4g._.js:1952
[ 8496077ms] [ERROR] ./src/pages/login.tsx:6:1
Export AuxiliaryAction doesn't exist in target module
   4 | import { serverSideTranslations } from 'next-i18next/serverSideTranslations';
   5 | import { useRouter } from 'next/router';
>  6 | import {
     | ^^^^^^^
>  7 |     Action,
     | ^^^^^^^^^^^
>  8 |     AuxiliaryAction,
     | ^^^^^^^^^^^^^^^^^^^^
>  9 |     CheckboxRow,
     | ^^^^^^^^^^^^^^^^
> 10 |     Close,
     | ^^^^^^^^^^
> 11 |     Error,
     | ^^^^^^^^^^
> 12 |     Form,
     | ^^^^^^^^^
> 13 |     Input,
     | ^^^^^^^^^^
> 14 |     Modal,
     | ^^^^^^^^^^
> 15 |     ModalBody,
     | ^^^^^^^^^^^^^^
> 16 |     ModalHeader,
     | ^^^^^^^^^^^^^^^^
> 17 |     Page,
     | ^^^^^^^^^
> 18 |     Status,
     | ^^^^^^^^^^^
> 19 |     Tab,
     | ^^^^^^^^
> 20 |     Tabs,
     | ^^^^^^^^^
> 21 |     Title
     | ^^^^^^^^^
> 22 | } from '@/components/pages/LoginPage/LoginPage.styled';
     | ^^^^^^^^^^^^^^^^^^^^^^^^^^^^^^^^^^^^^^^^^^^^^^^^^^^^^^^
  23 |
  24 | type User = { username: string; email: string; password: string };
  25 |

The export AuxiliaryAction was not found in module [project]/src/components/pages/LoginPage/LoginPage.styled.tsx [ssr] (ecmascript).
Did you mean to import Title?
All exports of the module are statically known (It doesn't have dynamic exports). So it's known statically that the requested export doesn't exist. @ http://localhost:3000/_next/static/chunks/node_modules_next_dist_0bc8q4g._.js:1952
[ 8496077ms] [ERROR] ./src/pages/login.tsx:6:1
Export Error doesn't exist in target module
   4 | import { serverSideTranslations } from 'next-i18next/serverSideTranslations';
   5 | import { useRouter } from 'next/router';
>  6 | import {
     | ^^^^^^^
>  7 |     Action,
     | ^^^^^^^^^^^
>  8 |     AuxiliaryAction,
     | ^^^^^^^^^^^^^^^^^^^^
>  9 |     CheckboxRow,
     | ^^^^^^^^^^^^^^^^
> 10 |     Close,
     | ^^^^^^^^^^
> 11 |     Error,
     | ^^^^^^^^^^
> 12 |     Form,
     | ^^^^^^^^^
> 13 |     Input,
     | ^^^^^^^^^^
> 14 |     Modal,
     | ^^^^^^^^^^
> 15 |     ModalBody,
     | ^^^^^^^^^^^^^^
> 16 |     ModalHeader,
     | ^^^^^^^^^^^^^^^^
> 17 |     Page,
     | ^^^^^^^^^
> 18 |     Status,
     | ^^^^^^^^^^^
> 19 |     Tab,
     | ^^^^^^^^
> 20 |     Tabs,
     | ^^^^^^^^^
> 21 |     Title
     | ^^^^^^^^^
> 22 | } from '@/components/pages/LoginPage/LoginPage.styled';
     | ^^^^^^^^^^^^^^^^^^^^^^^^^^^^^^^^^^^^^^^^^^^^^^^^^^^^^^^
  23 |
  24 | type User = { username: string; email: string; password: string };
  25 |

The export Error was not found in module [project]/src/components/pages/LoginPage/LoginPage.styled.tsx [client] (ecmascript).
Did you mean to import Form?
All exports of the module are statically known (It doesn't have dynamic exports). So it's known statically that the requested export doesn't exist. @ http://localhost:3000/_next/static/chunks/node_modules_next_dist_0bc8q4g._.js:1952
[ 8496077ms] [ERROR] ./src/pages/login.tsx:6:1
Export Error doesn't exist in target module
   4 | import { serverSideTranslations } from 'next-i18next/serverSideTranslations';
   5 | import { useRouter } from 'next/router';
>  6 | import {
     | ^^^^^^^
>  7 |     Action,
     | ^^^^^^^^^^^
>  8 |     AuxiliaryAction,
     | ^^^^^^^^^^^^^^^^^^^^
>  9 |     CheckboxRow,
     | ^^^^^^^^^^^^^^^^
> 10 |     Close,
     | ^^^^^^^^^^
> 11 |     Error,
     | ^^^^^^^^^^
> 12 |     Form,
     | ^^^^^^^^^
> 13 |     Input,
     | ^^^^^^^^^^
> 14 |     Modal,
     | ^^^^^^^^^^
> 15 |     ModalBody,
     | ^^^^^^^^^^^^^^
> 16 |     ModalHeader,
     | ^^^^^^^^^^^^^^^^
> 17 |     Page,
     | ^^^^^^^^^
> 18 |     Status,
     | ^^^^^^^^^^^
> 19 |     Tab,
     | ^^^^^^^^
> 20 |     Tabs,
     | ^^^^^^^^^
> 21 |     Title
     | ^^^^^^^^^
> 22 | } from '@/components/pages/LoginPage/LoginPage.styled';
     | ^^^^^^^^^^^^^^^^^^^^^^^^^^^^^^^^^^^^^^^^^^^^^^^^^^^^^^^
  23 |
  24 | type User = { username: string; email: string; password: string };
  25 |

The export Error was not found in module [project]/src/components/pages/LoginPage/LoginPage.styled.tsx [ssr] (ecmascript).
Did you mean to import Form?
All exports of the module are statically known (It doesn't have dynamic exports). So it's known statically that the requested export doesn't exist. @ http://localhost:3000/_next/static/chunks/node_modules_next_dist_0bc8q4g._.js:1952
[ 8496078ms] [ERROR] ./src/pages/login.tsx:6:1
Export Status doesn't exist in target module
   4 | import { serverSideTranslations } from 'next-i18next/serverSideTranslations';
   5 | import { useRouter } from 'next/router';
>  6 | import {
     | ^^^^^^^
>  7 |     Action,
     | ^^^^^^^^^^^
>  8 |     AuxiliaryAction,
     | ^^^^^^^^^^^^^^^^^^^^
>  9 |     CheckboxRow,
     | ^^^^^^^^^^^^^^^^
> 10 |     Close,
     | ^^^^^^^^^^
> 11 |     Error,
     | ^^^^^^^^^^
> 12 |     Form,
     | ^^^^^^^^^
> 13 |     Input,
     | ^^^^^^^^^^
> 14 |     Modal,
     | ^^^^^^^^^^
> 15 |     ModalBody,
     | ^^^^^^^^^^^^^^
> 16 |     ModalHeader,
     | ^^^^^^^^^^^^^^^^
> 17 |     Page,
     | ^^^^^^^^^
> 18 |     Status,
     | ^^^^^^^^^^^
> 19 |     Tab,
     | ^^^^^^^^
> 20 |     Tabs,
     | ^^^^^^^^^
> 21 |     Title
     | ^^^^^^^^^
> 22 | } from '@/components/pages/LoginPage/LoginPage.styled';
     | ^^^^^^^^^^^^^^^^^^^^^^^^^^^^^^^^^^^^^^^^^^^^^^^^^^^^^^^
  23 |
  24 | type User = { username: string; email: string; password: string };
  25 |

The export Status was not found in module [project]/src/components/pages/LoginPage/LoginPage.styled.tsx [client] (ecmascript).
Did you mean to import Tabs?
All exports of the module are statically known (It doesn't have dynamic exports). So it's known statically that the requested export doesn't exist. @ http://localhost:3000/_next/static/chunks/node_modules_next_dist_0bc8q4g._.js:1952
[ 8496082ms] [ERROR] ./src/pages/login.tsx:6:1
Export Status doesn't exist in target module
   4 | import { serverSideTranslations } from 'next-i18next/serverSideTranslations';
   5 | import { useRouter } from 'next/router';
>  6 | import {
     | ^^^^^^^
>  7 |     Action,
     | ^^^^^^^^^^^
>  8 |     AuxiliaryAction,
     | ^^^^^^^^^^^^^^^^^^^^
>  9 |     CheckboxRow,
     | ^^^^^^^^^^^^^^^^
> 10 |     Close,
     | ^^^^^^^^^^
> 11 |     Error,
     | ^^^^^^^^^^
> 12 |     Form,
     | ^^^^^^^^^
> 13 |     Input,
     | ^^^^^^^^^^
> 14 |     Modal,
     | ^^^^^^^^^^
> 15 |     ModalBody,
     | ^^^^^^^^^^^^^^
> 16 |     ModalHeader,
     | ^^^^^^^^^^^^^^^^
> 17 |     Page,
     | ^^^^^^^^^
> 18 |     Status,
     | ^^^^^^^^^^^
> 19 |     Tab,
     | ^^^^^^^^
> 20 |     Tabs,
     | ^^^^^^^^^
> 21 |     Title
     | ^^^^^^^^^
> 22 | } from '@/components/pages/LoginPage/LoginPage.styled';
     | ^^^^^^^^^^^^^^^^^^^^^^^^^^^^^^^^^^^^^^^^^^^^^^^^^^^^^^^
  23 |
  24 | type User = { username: string; email: string; password: string };
  25 |

The export Status was not found in module [project]/src/components/pages/LoginPage/LoginPage.styled.tsx [ssr] (ecmascript).
Did you mean to import Tabs?
All exports of the module are statically known (It doesn't have dynamic exports). So it's known statically that the requested export doesn't exist. @ http://localhost:3000/_next/static/chunks/node_modules_next_dist_0bc8q4g._.js:1952
[ 8496086ms] [ERROR] ./src/pages/login.tsx:6:1
Export Action doesn't exist in target module
   4 | import { serverSideTranslations } from 'next-i18next/serverSideTranslations';
   5 | import { useRouter } from 'next/router';
>  6 | import {
     | ^^^^^^^
>  7 |     Action,
     | ^^^^^^^^^^^
>  8 |     AuxiliaryAction,
     | ^^^^^^^^^^^^^^^^^^^^
>  9 |     CheckboxRow,
     | ^^^^^^^^^^^^^^^^
> 10 |     Close,
     | ^^^^^^^^^^
> 11 |     Error,
     | ^^^^^^^^^^
> 12 |     Form,
     | ^^^^^^^^^
> 13 |     Input,
     | ^^^^^^^^^^
> 14 |     Modal,
     | ^^^^^^^^^^
> 15 |     ModalBody,
     | ^^^^^^^^^^^^^^
> 16 |     ModalHeader,
     | ^^^^^^^^^^^^^^^^
> 17 |     Page,
     | ^^^^^^^^^
> 18 |     Status,
     | ^^^^^^^^^^^
> 19 |     Tab,
     | ^^^^^^^^
> 20 |     Tabs,
     | ^^^^^^^^^
> 21 |     Title
     | ^^^^^^^^^
> 22 | } from '@/components/pages/LoginPage/LoginPage.styled';
     | ^^^^^^^^^^^^^^^^^^^^^^^^^^^^^^^^^^^^^^^^^^^^^^^^^^^^^^^
  23 |
  24 | type User = { username: string; email: string; password: string };
  25 |

The export Action was not found in module [project]/src/components/pages/LoginPage/LoginPage.styled.tsx [client] (ecmascript).
Did you mean to import CheckboxRow?
All exports of the module are statically known (It doesn't have dynamic exports). So it's known statically that the requested export doesn't exist. @ http://localhost:3000/_next/static/chunks/node_modules_next_dist_0bc8q4g._.js:1952
[ 8496086ms] [ERROR] ./src/pages/login.tsx:6:1
Export Action doesn't exist in target module
   4 | import { serverSideTranslations } from 'next-i18next/serverSideTranslations';
   5 | import { useRouter } from 'next/router';
>  6 | import {
     | ^^^^^^^
>  7 |     Action,
     | ^^^^^^^^^^^
>  8 |     AuxiliaryAction,
     | ^^^^^^^^^^^^^^^^^^^^
>  9 |     CheckboxRow,
     | ^^^^^^^^^^^^^^^^
> 10 |     Close,
     | ^^^^^^^^^^
> 11 |     Error,
     | ^^^^^^^^^^
> 12 |     Form,
     | ^^^^^^^^^
> 13 |     Input,
     | ^^^^^^^^^^
> 14 |     Modal,
     | ^^^^^^^^^^
> 15 |     ModalBody,
     | ^^^^^^^^^^^^^^
> 16 |     ModalHeader,
     | ^^^^^^^^^^^^^^^^
> 17 |     Page,
     | ^^^^^^^^^
> 18 |     Status,
     | ^^^^^^^^^^^
> 19 |     Tab,
     | ^^^^^^^^
> 20 |     Tabs,
     | ^^^^^^^^^
> 21 |     Title
     | ^^^^^^^^^
> 22 | } from '@/components/pages/LoginPage/LoginPage.styled';
     | ^^^^^^^^^^^^^^^^^^^^^^^^^^^^^^^^^^^^^^^^^^^^^^^^^^^^^^^
  23 |
  24 | type User = { username: string; email: string; password: string };
  25 |

The export Action was not found in module [project]/src/components/pages/LoginPage/LoginPage.styled.tsx [ssr] (ecmascript).
Did you mean to import CheckboxRow?
All exports of the module are statically known (It doesn't have dynamic exports). So it's known statically that the requested export doesn't exist. @ http://localhost:3000/_next/static/chunks/node_modules_next_dist_0bc8q4g._.js:1952
[ 8496086ms] [ERROR] ./src/pages/login.tsx:6:1
Export AuxiliaryAction doesn't exist in target module
   4 | import { serverSideTranslations } from 'next-i18next/serverSideTranslations';
   5 | import { useRouter } from 'next/router';
>  6 | import {
     | ^^^^^^^
>  7 |     Action,
     | ^^^^^^^^^^^
>  8 |     AuxiliaryAction,
     | ^^^^^^^^^^^^^^^^^^^^
>  9 |     CheckboxRow,
     | ^^^^^^^^^^^^^^^^
> 10 |     Close,
     | ^^^^^^^^^^
> 11 |     Error,
     | ^^^^^^^^^^
> 12 |     Form,
     | ^^^^^^^^^
> 13 |     Input,
     | ^^^^^^^^^^
> 14 |     Modal,
     | ^^^^^^^^^^
> 15 |     ModalBody,
     | ^^^^^^^^^^^^^^
> 16 |     ModalHeader,
     | ^^^^^^^^^^^^^^^^
> 17 |     Page,
     | ^^^^^^^^^
> 18 |     Status,
     | ^^^^^^^^^^^
> 19 |     Tab,
     | ^^^^^^^^
> 20 |     Tabs,
     | ^^^^^^^^^
> 21 |     Title
     | ^^^^^^^^^
> 22 | } from '@/components/pages/LoginPage/LoginPage.styled';
     | ^^^^^^^^^^^^^^^^^^^^^^^^^^^^^^^^^^^^^^^^^^^^^^^^^^^^^^^
  23 |
  24 | type User = { username: string; email: string; password: string };
  25 |

The export AuxiliaryAction was not found in module [project]/src/components/pages/LoginPage/LoginPage.styled.tsx [client] (ecmascript).
Did you mean to import Title?
All exports of the module are statically known (It doesn't have dynamic exports). So it's known statically that the requested export doesn't exist. @ http://localhost:3000/_next/static/chunks/node_modules_next_dist_0bc8q4g._.js:1952
[ 8496087ms] [ERROR] ./src/pages/login.tsx:6:1
Export AuxiliaryAction doesn't exist in target module
   4 | import { serverSideTranslations } from 'next-i18next/serverSideTranslations';
   5 | import { useRouter } from 'next/router';
>  6 | import {
     | ^^^^^^^
>  7 |     Action,
     | ^^^^^^^^^^^
>  8 |     AuxiliaryAction,
     | ^^^^^^^^^^^^^^^^^^^^
>  9 |     CheckboxRow,
     | ^^^^^^^^^^^^^^^^
> 10 |     Close,
     | ^^^^^^^^^^
> 11 |     Error,
     | ^^^^^^^^^^
> 12 |     Form,
     | ^^^^^^^^^
> 13 |     Input,
     | ^^^^^^^^^^
> 14 |     Modal,
     | ^^^^^^^^^^
> 15 |     ModalBody,
     | ^^^^^^^^^^^^^^
> 16 |     ModalHeader,
     | ^^^^^^^^^^^^^^^^
> 17 |     Page,
     | ^^^^^^^^^
> 18 |     Status,
     | ^^^^^^^^^^^
> 19 |     Tab,
     | ^^^^^^^^
> 20 |     Tabs,
     | ^^^^^^^^^
> 21 |     Title
     | ^^^^^^^^^
> 22 | } from '@/components/pages/LoginPage/LoginPage.styled';
     | ^^^^^^^^^^^^^^^^^^^^^^^^^^^^^^^^^^^^^^^^^^^^^^^^^^^^^^^
  23 |
  24 | type User = { username: string; email: string; password: string };
  25 |

The export AuxiliaryAction was not found in module [project]/src/components/pages/LoginPage/LoginPage.styled.tsx [ssr] (ecmascript).
Did you mean to import Title?
All exports of the module are statically known (It doesn't have dynamic exports). So it's known statically that the requested export doesn't exist. @ http://localhost:3000/_next/static/chunks/node_modules_next_dist_0bc8q4g._.js:1952
[ 8496087ms] [ERROR] ./src/pages/login.tsx:6:1
Export Error doesn't exist in target module
   4 | import { serverSideTranslations } from 'next-i18next/serverSideTranslations';
   5 | import { useRouter } from 'next/router';
>  6 | import {
     | ^^^^^^^
>  7 |     Action,
     | ^^^^^^^^^^^
>  8 |     AuxiliaryAction,
     | ^^^^^^^^^^^^^^^^^^^^
>  9 |     CheckboxRow,
     | ^^^^^^^^^^^^^^^^
> 10 |     Close,
     | ^^^^^^^^^^
> 11 |     Error,
     | ^^^^^^^^^^
> 12 |     Form,
     | ^^^^^^^^^
> 13 |     Input,
     | ^^^^^^^^^^
> 14 |     Modal,
     | ^^^^^^^^^^
> 15 |     ModalBody,
     | ^^^^^^^^^^^^^^
> 16 |     ModalHeader,
     | ^^^^^^^^^^^^^^^^
> 17 |     Page,
     | ^^^^^^^^^
> 18 |     Status,
     | ^^^^^^^^^^^
> 19 |     Tab,
     | ^^^^^^^^
> 20 |     Tabs,
     | ^^^^^^^^^
> 21 |     Title
     | ^^^^^^^^^
> 22 | } from '@/components/pages/LoginPage/LoginPage.styled';
     | ^^^^^^^^^^^^^^^^^^^^^^^^^^^^^^^^^^^^^^^^^^^^^^^^^^^^^^^
  23 |
  24 | type User = { username: string; email: string; password: string };
  25 |

The export Error was not found in module [project]/src/components/pages/LoginPage/LoginPage.styled.tsx [client] (ecmascript).
Did you mean to import Form?
All exports of the module are statically known (It doesn't have dynamic exports). So it's known statically that the requested export doesn't exist. @ http://localhost:3000/_next/static/chunks/node_modules_next_dist_0bc8q4g._.js:1952
[ 8496087ms] [ERROR] ./src/pages/login.tsx:6:1
Export Error doesn't exist in target module
   4 | import { serverSideTranslations } from 'next-i18next/serverSideTranslations';
   5 | import { useRouter } from 'next/router';
>  6 | import {
     | ^^^^^^^
>  7 |     Action,
     | ^^^^^^^^^^^
>  8 |     AuxiliaryAction,
     | ^^^^^^^^^^^^^^^^^^^^
>  9 |     CheckboxRow,
     | ^^^^^^^^^^^^^^^^
> 10 |     Close,
     | ^^^^^^^^^^
> 11 |     Error,
     | ^^^^^^^^^^
> 12 |     Form,
     | ^^^^^^^^^
> 13 |     Input,
     | ^^^^^^^^^^
> 14 |     Modal,
     | ^^^^^^^^^^
> 15 |     ModalBody,
     | ^^^^^^^^^^^^^^
> 16 |     ModalHeader,
     | ^^^^^^^^^^^^^^^^
> 17 |     Page,
     | ^^^^^^^^^
> 18 |     Status,
     | ^^^^^^^^^^^
> 19 |     Tab,
     | ^^^^^^^^
> 20 |     Tabs,
     | ^^^^^^^^^
> 21 |     Title
     | ^^^^^^^^^
> 22 | } from '@/components/pages/LoginPage/LoginPage.styled';
     | ^^^^^^^^^^^^^^^^^^^^^^^^^^^^^^^^^^^^^^^^^^^^^^^^^^^^^^^
  23 |
  24 | type User = { username: string; email: string; password: string };
  25 |

The export Error was not found in module [project]/src/components/pages/LoginPage/LoginPage.styled.tsx [ssr] (ecmascript).
Did you mean to import Form?
All exports of the module are statically known (It doesn't have dynamic exports). So it's known statically that the requested export doesn't exist. @ http://localhost:3000/_next/static/chunks/node_modules_next_dist_0bc8q4g._.js:1952
[ 8496087ms] [ERROR] ./src/pages/login.tsx:6:1
Export Status doesn't exist in target module
   4 | import { serverSideTranslations } from 'next-i18next/serverSideTranslations';
   5 | import { useRouter } from 'next/router';
>  6 | import {
     | ^^^^^^^
>  7 |     Action,
     | ^^^^^^^^^^^
>  8 |     AuxiliaryAction,
     | ^^^^^^^^^^^^^^^^^^^^
>  9 |     CheckboxRow,
     | ^^^^^^^^^^^^^^^^
> 10 |     Close,
     | ^^^^^^^^^^
> 11 |     Error,
     | ^^^^^^^^^^
> 12 |     Form,
     | ^^^^^^^^^
> 13 |     Input,
     | ^^^^^^^^^^
> 14 |     Modal,
     | ^^^^^^^^^^
> 15 |     ModalBody,
     | ^^^^^^^^^^^^^^
> 16 |     ModalHeader,
     | ^^^^^^^^^^^^^^^^
> 17 |     Page,
     | ^^^^^^^^^
> 18 |     Status,
     | ^^^^^^^^^^^
> 19 |     Tab,
     | ^^^^^^^^
> 20 |     Tabs,
     | ^^^^^^^^^
> 21 |     Title
     | ^^^^^^^^^
> 22 | } from '@/components/pages/LoginPage/LoginPage.styled';
     | ^^^^^^^^^^^^^^^^^^^^^^^^^^^^^^^^^^^^^^^^^^^^^^^^^^^^^^^
  23 |
  24 | type User = { username: string; email: string; password: string };
  25 |

The export Status was not found in module [project]/src/components/pages/LoginPage/LoginPage.styled.tsx [client] (ecmascript).
Did you mean to import Tabs?
All exports of the module are statically known (It doesn't have dynamic exports). So it's known statically that the requested export doesn't exist. @ http://localhost:3000/_next/static/chunks/node_modules_next_dist_0bc8q4g._.js:1952
[ 8496087ms] [ERROR] ./src/pages/login.tsx:6:1
Export Status doesn't exist in target module
   4 | import { serverSideTranslations } from 'next-i18next/serverSideTranslations';
   5 | import { useRouter } from 'next/router';
>  6 | import {
     | ^^^^^^^
>  7 |     Action,
     | ^^^^^^^^^^^
>  8 |     AuxiliaryAction,
     | ^^^^^^^^^^^^^^^^^^^^
>  9 |     CheckboxRow,
     | ^^^^^^^^^^^^^^^^
> 10 |     Close,
     | ^^^^^^^^^^
> 11 |     Error,
     | ^^^^^^^^^^
> 12 |     Form,
     | ^^^^^^^^^
> 13 |     Input,
     | ^^^^^^^^^^
> 14 |     Modal,
     | ^^^^^^^^^^
> 15 |     ModalBody,
     | ^^^^^^^^^^^^^^
> 16 |     ModalHeader,
     | ^^^^^^^^^^^^^^^^
> 17 |     Page,
     | ^^^^^^^^^
> 18 |     Status,
     | ^^^^^^^^^^^
> 19 |     Tab,
     | ^^^^^^^^
> 20 |     Tabs,
     | ^^^^^^^^^
> 21 |     Title
     | ^^^^^^^^^
> 22 | } from '@/components/pages/LoginPage/LoginPage.styled';
     | ^^^^^^^^^^^^^^^^^^^^^^^^^^^^^^^^^^^^^^^^^^^^^^^^^^^^^^^
  23 |
  24 | type User = { username: string; email: string; password: string };
  25 |

The export Status was not found in module [project]/src/components/pages/LoginPage/LoginPage.styled.tsx [ssr] (ecmascript).
Did you mean to import Tabs?
All exports of the module are statically known (It doesn't have dynamic exports). So it's known statically that the requested export doesn't exist. @ http://localhost:3000/_next/static/chunks/node_modules_next_dist_0bc8q4g._.js:1952
[ 8496197ms] [LOG] [Fast Refresh] rebuilding @ http://localhost:3000/_next/static/chunks/node_modules_next_dist_0bc8q4g._.js:1233
[ 8510273ms] [ERROR] ./src/pages/login.tsx:6:1
Export Action doesn't exist in target module
   4 | import { serverSideTranslations } from 'next-i18next/serverSideTranslations';
   5 | import { useRouter } from 'next/router';
>  6 | import {
     | ^^^^^^^
>  7 |     Action,
     | ^^^^^^^^^^^
>  8 |     AuxiliaryAction,
     | ^^^^^^^^^^^^^^^^^^^^
>  9 |     CheckboxRow,
     | ^^^^^^^^^^^^^^^^
> 10 |     Close,
     | ^^^^^^^^^^
> 11 |     Error,
     | ^^^^^^^^^^
> 12 |     Form,
     | ^^^^^^^^^
> 13 |     Input,
     | ^^^^^^^^^^
> 14 |     Modal,
     | ^^^^^^^^^^
> 15 |     ModalBody,
     | ^^^^^^^^^^^^^^
> 16 |     ModalHeader,
     | ^^^^^^^^^^^^^^^^
> 17 |     Page,
     | ^^^^^^^^^
> 18 |     Status,
     | ^^^^^^^^^^^
> 19 |     Tab,
     | ^^^^^^^^
> 20 |     Tabs,
     | ^^^^^^^^^
> 21 |     Title
     | ^^^^^^^^^
> 22 | } from '@/components/pages/LoginPage/LoginPage.styled';
     | ^^^^^^^^^^^^^^^^^^^^^^^^^^^^^^^^^^^^^^^^^^^^^^^^^^^^^^^
  23 |
  24 | type User = { username: string; email: string; password: string };
  25 |

The export Action was not found in module [project]/src/components/pages/LoginPage/LoginPage.styled.tsx [client] (ecmascript).
Did you mean to import CheckboxRow?
All exports of the module are statically known (It doesn't have dynamic exports). So it's known statically that the requested export doesn't exist. @ http://localhost:3000/_next/static/chunks/node_modules_next_dist_0bc8q4g._.js:1952
[ 8510273ms] [ERROR] ./src/pages/login.tsx:6:1
Export Action doesn't exist in target module
   4 | import { serverSideTranslations } from 'next-i18next/serverSideTranslations';
   5 | import { useRouter } from 'next/router';
>  6 | import {
     | ^^^^^^^
>  7 |     Action,
     | ^^^^^^^^^^^
>  8 |     AuxiliaryAction,
     | ^^^^^^^^^^^^^^^^^^^^
>  9 |     CheckboxRow,
     | ^^^^^^^^^^^^^^^^
> 10 |     Close,
     | ^^^^^^^^^^
> 11 |     Error,
     | ^^^^^^^^^^
> 12 |     Form,
     | ^^^^^^^^^
> 13 |     Input,
     | ^^^^^^^^^^
> 14 |     Modal,
     | ^^^^^^^^^^
> 15 |     ModalBody,
     | ^^^^^^^^^^^^^^
> 16 |     ModalHeader,
     | ^^^^^^^^^^^^^^^^
> 17 |     Page,
     | ^^^^^^^^^
> 18 |     Status,
     | ^^^^^^^^^^^
> 19 |     Tab,
     | ^^^^^^^^
> 20 |     Tabs,
     | ^^^^^^^^^
> 21 |     Title
     | ^^^^^^^^^
> 22 | } from '@/components/pages/LoginPage/LoginPage.styled';
     | ^^^^^^^^^^^^^^^^^^^^^^^^^^^^^^^^^^^^^^^^^^^^^^^^^^^^^^^
  23 |
  24 | type User = { username: string; email: string; password: string };
  25 |

The export Action was not found in module [project]/src/components/pages/LoginPage/LoginPage.styled.tsx [ssr] (ecmascript).
Did you mean to import CheckboxRow?
All exports of the module are statically known (It doesn't have dynamic exports). So it's known statically that the requested export doesn't exist. @ http://localhost:3000/_next/static/chunks/node_modules_next_dist_0bc8q4g._.js:1952
[ 8510274ms] [ERROR] ./src/pages/login.tsx:6:1
Export AuxiliaryAction doesn't exist in target module
   4 | import { serverSideTranslations } from 'next-i18next/serverSideTranslations';
   5 | import { useRouter } from 'next/router';
>  6 | import {
     | ^^^^^^^
>  7 |     Action,
     | ^^^^^^^^^^^
>  8 |     AuxiliaryAction,
     | ^^^^^^^^^^^^^^^^^^^^
>  9 |     CheckboxRow,
     | ^^^^^^^^^^^^^^^^
> 10 |     Close,
     | ^^^^^^^^^^
> 11 |     Error,
     | ^^^^^^^^^^
> 12 |     Form,
     | ^^^^^^^^^
> 13 |     Input,
     | ^^^^^^^^^^
> 14 |     Modal,
     | ^^^^^^^^^^
> 15 |     ModalBody,
     | ^^^^^^^^^^^^^^
> 16 |     ModalHeader,
     | ^^^^^^^^^^^^^^^^
> 17 |     Page,
     | ^^^^^^^^^
> 18 |     Status,
     | ^^^^^^^^^^^
> 19 |     Tab,
     | ^^^^^^^^
> 20 |     Tabs,
     | ^^^^^^^^^
> 21 |     Title
     | ^^^^^^^^^
> 22 | } from '@/components/pages/LoginPage/LoginPage.styled';
     | ^^^^^^^^^^^^^^^^^^^^^^^^^^^^^^^^^^^^^^^^^^^^^^^^^^^^^^^
  23 |
  24 | type User = { username: string; email: string; password: string };
  25 |

The export AuxiliaryAction was not found in module [project]/src/components/pages/LoginPage/LoginPage.styled.tsx [client] (ecmascript).
Did you mean to import Title?
All exports of the module are statically known (It doesn't have dynamic exports). So it's known statically that the requested export doesn't exist. @ http://localhost:3000/_next/static/chunks/node_modules_next_dist_0bc8q4g._.js:1952
[ 8510274ms] [ERROR] ./src/pages/login.tsx:6:1
Export AuxiliaryAction doesn't exist in target module
   4 | import { serverSideTranslations } from 'next-i18next/serverSideTranslations';
   5 | import { useRouter } from 'next/router';
>  6 | import {
     | ^^^^^^^
>  7 |     Action,
     | ^^^^^^^^^^^
>  8 |     AuxiliaryAction,
     | ^^^^^^^^^^^^^^^^^^^^
>  9 |     CheckboxRow,
     | ^^^^^^^^^^^^^^^^
> 10 |     Close,
     | ^^^^^^^^^^
> 11 |     Error,
     | ^^^^^^^^^^
> 12 |     Form,
     | ^^^^^^^^^
> 13 |     Input,
     | ^^^^^^^^^^
> 14 |     Modal,
     | ^^^^^^^^^^
> 15 |     ModalBody,
     | ^^^^^^^^^^^^^^
> 16 |     ModalHeader,
     | ^^^^^^^^^^^^^^^^
> 17 |     Page,
     | ^^^^^^^^^
> 18 |     Status,
     | ^^^^^^^^^^^
> 19 |     Tab,
     | ^^^^^^^^
> 20 |     Tabs,
     | ^^^^^^^^^
> 21 |     Title
     | ^^^^^^^^^
> 22 | } from '@/components/pages/LoginPage/LoginPage.styled';
     | ^^^^^^^^^^^^^^^^^^^^^^^^^^^^^^^^^^^^^^^^^^^^^^^^^^^^^^^
  23 |
  24 | type User = { username: string; email: string; password: string };
  25 |

The export AuxiliaryAction was not found in module [project]/src/components/pages/LoginPage/LoginPage.styled.tsx [ssr] (ecmascript).
Did you mean to import Title?
All exports of the module are statically known (It doesn't have dynamic exports). So it's known statically that the requested export doesn't exist. @ http://localhost:3000/_next/static/chunks/node_modules_next_dist_0bc8q4g._.js:1952
[ 8510277ms] [ERROR] ./src/pages/login.tsx:6:1
Export Error doesn't exist in target module
   4 | import { serverSideTranslations } from 'next-i18next/serverSideTranslations';
   5 | import { useRouter } from 'next/router';
>  6 | import {
     | ^^^^^^^
>  7 |     Action,
     | ^^^^^^^^^^^
>  8 |     AuxiliaryAction,
     | ^^^^^^^^^^^^^^^^^^^^
>  9 |     CheckboxRow,
     | ^^^^^^^^^^^^^^^^
> 10 |     Close,
     | ^^^^^^^^^^
> 11 |     Error,
     | ^^^^^^^^^^
> 12 |     Form,
     | ^^^^^^^^^
> 13 |     Input,
     | ^^^^^^^^^^
> 14 |     Modal,
     | ^^^^^^^^^^
> 15 |     ModalBody,
     | ^^^^^^^^^^^^^^
> 16 |     ModalHeader,
     | ^^^^^^^^^^^^^^^^
> 17 |     Page,
     | ^^^^^^^^^
> 18 |     Status,
     | ^^^^^^^^^^^
> 19 |     Tab,
     | ^^^^^^^^
> 20 |     Tabs,
     | ^^^^^^^^^
> 21 |     Title
     | ^^^^^^^^^
> 22 | } from '@/components/pages/LoginPage/LoginPage.styled';
     | ^^^^^^^^^^^^^^^^^^^^^^^^^^^^^^^^^^^^^^^^^^^^^^^^^^^^^^^
  23 |
  24 | type User = { username: string; email: string; password: string };
  25 |

The export Error was not found in module [project]/src/components/pages/LoginPage/LoginPage.styled.tsx [client] (ecmascript).
Did you mean to import Form?
All exports of the module are statically known (It doesn't have dynamic exports). So it's known statically that the requested export doesn't exist. @ http://localhost:3000/_next/static/chunks/node_modules_next_dist_0bc8q4g._.js:1952
[ 8510278ms] [ERROR] ./src/pages/login.tsx:6:1
Export Error doesn't exist in target module
   4 | import { serverSideTranslations } from 'next-i18next/serverSideTranslations';
   5 | import { useRouter } from 'next/router';
>  6 | import {
     | ^^^^^^^
>  7 |     Action,
     | ^^^^^^^^^^^
>  8 |     AuxiliaryAction,
     | ^^^^^^^^^^^^^^^^^^^^
>  9 |     CheckboxRow,
     | ^^^^^^^^^^^^^^^^
> 10 |     Close,
     | ^^^^^^^^^^
> 11 |     Error,
     | ^^^^^^^^^^
> 12 |     Form,
     | ^^^^^^^^^
> 13 |     Input,
     | ^^^^^^^^^^
> 14 |     Modal,
     | ^^^^^^^^^^
> 15 |     ModalBody,
     | ^^^^^^^^^^^^^^
> 16 |     ModalHeader,
     | ^^^^^^^^^^^^^^^^
> 17 |     Page,
     | ^^^^^^^^^
> 18 |     Status,
     | ^^^^^^^^^^^
> 19 |     Tab,
     | ^^^^^^^^
> 20 |     Tabs,
     | ^^^^^^^^^
> 21 |     Title
     | ^^^^^^^^^
> 22 | } from '@/components/pages/LoginPage/LoginPage.styled';
     | ^^^^^^^^^^^^^^^^^^^^^^^^^^^^^^^^^^^^^^^^^^^^^^^^^^^^^^^
  23 |
  24 | type User = { username: string; email: string; password: string };
  25 |

The export Error was not found in module [project]/src/components/pages/LoginPage/LoginPage.styled.tsx [ssr] (ecmascript).
Did you mean to import Form?
All exports of the module are statically known (It doesn't have dynamic exports). So it's known statically that the requested export doesn't exist. @ http://localhost:3000/_next/static/chunks/node_modules_next_dist_0bc8q4g._.js:1952
[ 8510284ms] [ERROR] ./src/pages/login.tsx:6:1
Export Status doesn't exist in target module
   4 | import { serverSideTranslations } from 'next-i18next/serverSideTranslations';
   5 | import { useRouter } from 'next/router';
>  6 | import {
     | ^^^^^^^
>  7 |     Action,
     | ^^^^^^^^^^^
>  8 |     AuxiliaryAction,
     | ^^^^^^^^^^^^^^^^^^^^
>  9 |     CheckboxRow,
     | ^^^^^^^^^^^^^^^^
> 10 |     Close,
     | ^^^^^^^^^^
> 11 |     Error,
     | ^^^^^^^^^^
> 12 |     Form,
     | ^^^^^^^^^
> 13 |     Input,
     | ^^^^^^^^^^
> 14 |     Modal,
     | ^^^^^^^^^^
> 15 |     ModalBody,
     | ^^^^^^^^^^^^^^
> 16 |     ModalHeader,
     | ^^^^^^^^^^^^^^^^
> 17 |     Page,
     | ^^^^^^^^^
> 18 |     Status,
     | ^^^^^^^^^^^
> 19 |     Tab,
     | ^^^^^^^^
> 20 |     Tabs,
     | ^^^^^^^^^
> 21 |     Title
     | ^^^^^^^^^
> 22 | } from '@/components/pages/LoginPage/LoginPage.styled';
     | ^^^^^^^^^^^^^^^^^^^^^^^^^^^^^^^^^^^^^^^^^^^^^^^^^^^^^^^
  23 |
  24 | type User = { username: string; email: string; password: string };
  25 |

The export Status was not found in module [project]/src/components/pages/LoginPage/LoginPage.styled.tsx [client] (ecmascript).
Did you mean to import Tabs?
All exports of the module are statically known (It doesn't have dynamic exports). So it's known statically that the requested export doesn't exist. @ http://localhost:3000/_next/static/chunks/node_modules_next_dist_0bc8q4g._.js:1952
[ 8510285ms] [ERROR] ./src/pages/login.tsx:6:1
Export Status doesn't exist in target module
   4 | import { serverSideTranslations } from 'next-i18next/serverSideTranslations';
   5 | import { useRouter } from 'next/router';
>  6 | import {
     | ^^^^^^^
>  7 |     Action,
     | ^^^^^^^^^^^
>  8 |     AuxiliaryAction,
     | ^^^^^^^^^^^^^^^^^^^^
>  9 |     CheckboxRow,
     | ^^^^^^^^^^^^^^^^
> 10 |     Close,
     | ^^^^^^^^^^
> 11 |     Error,
     | ^^^^^^^^^^
> 12 |     Form,
     | ^^^^^^^^^
> 13 |     Input,
     | ^^^^^^^^^^
> 14 |     Modal,
     | ^^^^^^^^^^
> 15 |     ModalBody,
     | ^^^^^^^^^^^^^^
> 16 |     ModalHeader,
     | ^^^^^^^^^^^^^^^^
> 17 |     Page,
     | ^^^^^^^^^
> 18 |     Status,
     | ^^^^^^^^^^^
> 19 |     Tab,
     | ^^^^^^^^
> 20 |     Tabs,
     | ^^^^^^^^^
> 21 |     Title
     | ^^^^^^^^^
> 22 | } from '@/components/pages/LoginPage/LoginPage.styled';
     | ^^^^^^^^^^^^^^^^^^^^^^^^^^^^^^^^^^^^^^^^^^^^^^^^^^^^^^^
  23 |
  24 | type User = { username: string; email: string; password: string };
  25 |

The export Status was not found in module [project]/src/components/pages/LoginPage/LoginPage.styled.tsx [ssr] (ecmascript).
Did you mean to import Tabs?
All exports of the module are statically known (It doesn't have dynamic exports). So it's known statically that the requested export doesn't exist. @ http://localhost:3000/_next/static/chunks/node_modules_next_dist_0bc8q4g._.js:1952
[ 8510306ms] [LOG] [Fast Refresh] rebuilding @ http://localhost:3000/_next/static/chunks/node_modules_next_dist_0bc8q4g._.js:1233
[ 8510631ms] [ERROR] ./src/pages/login.tsx:6:1
Export Action doesn't exist in target module
   4 | import { serverSideTranslations } from 'next-i18next/serverSideTranslations';
   5 | import { useRouter } from 'next/router';
>  6 | import {
     | ^^^^^^^
>  7 |     Action,
     | ^^^^^^^^^^^
>  8 |     AuxiliaryAction,
     | ^^^^^^^^^^^^^^^^^^^^
>  9 |     CheckboxRow,
     | ^^^^^^^^^^^^^^^^
> 10 |     Close,
     | ^^^^^^^^^^
> 11 |     Error,
     | ^^^^^^^^^^
> 12 |     Form,
     | ^^^^^^^^^
> 13 |     Input,
     | ^^^^^^^^^^
> 14 |     Modal,
     | ^^^^^^^^^^
> 15 |     ModalBody,
     | ^^^^^^^^^^^^^^
> 16 |     ModalHeader,
     | ^^^^^^^^^^^^^^^^
> 17 |     Page,
     | ^^^^^^^^^
> 18 |     Status,
     | ^^^^^^^^^^^
> 19 |     Tab,
     | ^^^^^^^^
> 20 |     Tabs,
     | ^^^^^^^^^
> 21 |     Title
     | ^^^^^^^^^
> 22 | } from '@/components/pages/LoginPage/LoginPage.styled';
     | ^^^^^^^^^^^^^^^^^^^^^^^^^^^^^^^^^^^^^^^^^^^^^^^^^^^^^^^
  23 |
  24 | type User = { username: string; email: string; password: string };
  25 |

The export Action was not found in module [project]/src/components/pages/LoginPage/LoginPage.styled.tsx [client] (ecmascript).
Did you mean to import CheckboxRow?
All exports of the module are statically known (It doesn't have dynamic exports). So it's known statically that the requested export doesn't exist. @ http://localhost:3000/_next/static/chunks/node_modules_next_dist_0bc8q4g._.js:1952
[ 8510631ms] [ERROR] ./src/pages/login.tsx:6:1
Export Action doesn't exist in target module
   4 | import { serverSideTranslations } from 'next-i18next/serverSideTranslations';
   5 | import { useRouter } from 'next/router';
>  6 | import {
     | ^^^^^^^
>  7 |     Action,
     | ^^^^^^^^^^^
>  8 |     AuxiliaryAction,
     | ^^^^^^^^^^^^^^^^^^^^
>  9 |     CheckboxRow,
     | ^^^^^^^^^^^^^^^^
> 10 |     Close,
     | ^^^^^^^^^^
> 11 |     Error,
     | ^^^^^^^^^^
> 12 |     Form,
     | ^^^^^^^^^
> 13 |     Input,
     | ^^^^^^^^^^
> 14 |     Modal,
     | ^^^^^^^^^^
> 15 |     ModalBody,
     | ^^^^^^^^^^^^^^
> 16 |     ModalHeader,
     | ^^^^^^^^^^^^^^^^
> 17 |     Page,
     | ^^^^^^^^^
> 18 |     Status,
     | ^^^^^^^^^^^
> 19 |     Tab,
     | ^^^^^^^^
> 20 |     Tabs,
     | ^^^^^^^^^
> 21 |     Title
     | ^^^^^^^^^
> 22 | } from '@/components/pages/LoginPage/LoginPage.styled';
     | ^^^^^^^^^^^^^^^^^^^^^^^^^^^^^^^^^^^^^^^^^^^^^^^^^^^^^^^
  23 |
  24 | type User = { username: string; email: string; password: string };
  25 |

The export Action was not found in module [project]/src/components/pages/LoginPage/LoginPage.styled.tsx [ssr] (ecmascript).
Did you mean to import CheckboxRow?
All exports of the module are statically known (It doesn't have dynamic exports). So it's known statically that the requested export doesn't exist. @ http://localhost:3000/_next/static/chunks/node_modules_next_dist_0bc8q4g._.js:1952
[ 8510632ms] [ERROR] ./src/pages/login.tsx:6:1
Export AuxiliaryAction doesn't exist in target module
   4 | import { serverSideTranslations } from 'next-i18next/serverSideTranslations';
   5 | import { useRouter } from 'next/router';
>  6 | import {
     | ^^^^^^^
>  7 |     Action,
     | ^^^^^^^^^^^
>  8 |     AuxiliaryAction,
     | ^^^^^^^^^^^^^^^^^^^^
>  9 |     CheckboxRow,
     | ^^^^^^^^^^^^^^^^
> 10 |     Close,
     | ^^^^^^^^^^
> 11 |     Error,
     | ^^^^^^^^^^
> 12 |     Form,
     | ^^^^^^^^^
> 13 |     Input,
     | ^^^^^^^^^^
> 14 |     Modal,
     | ^^^^^^^^^^
> 15 |     ModalBody,
     | ^^^^^^^^^^^^^^
> 16 |     ModalHeader,
     | ^^^^^^^^^^^^^^^^
> 17 |     Page,
     | ^^^^^^^^^
> 18 |     Status,
     | ^^^^^^^^^^^
> 19 |     Tab,
     | ^^^^^^^^
> 20 |     Tabs,
     | ^^^^^^^^^
> 21 |     Title
     | ^^^^^^^^^
> 22 | } from '@/components/pages/LoginPage/LoginPage.styled';
     | ^^^^^^^^^^^^^^^^^^^^^^^^^^^^^^^^^^^^^^^^^^^^^^^^^^^^^^^
  23 |
  24 | type User = { username: string; email: string; password: string };
  25 |

The export AuxiliaryAction was not found in module [project]/src/components/pages/LoginPage/LoginPage.styled.tsx [client] (ecmascript).
Did you mean to import Title?
All exports of the module are statically known (It doesn't have dynamic exports). So it's known statically that the requested export doesn't exist. @ http://localhost:3000/_next/static/chunks/node_modules_next_dist_0bc8q4g._.js:1952
[ 8510634ms] [ERROR] ./src/pages/login.tsx:6:1
Export AuxiliaryAction doesn't exist in target module
   4 | import { serverSideTranslations } from 'next-i18next/serverSideTranslations';
   5 | import { useRouter } from 'next/router';
>  6 | import {
     | ^^^^^^^
>  7 |     Action,
     | ^^^^^^^^^^^
>  8 |     AuxiliaryAction,
     | ^^^^^^^^^^^^^^^^^^^^
>  9 |     CheckboxRow,
     | ^^^^^^^^^^^^^^^^
> 10 |     Close,
     | ^^^^^^^^^^
> 11 |     Error,
     | ^^^^^^^^^^
> 12 |     Form,
     | ^^^^^^^^^
> 13 |     Input,
     | ^^^^^^^^^^
> 14 |     Modal,
     | ^^^^^^^^^^
> 15 |     ModalBody,
     | ^^^^^^^^^^^^^^
> 16 |     ModalHeader,
     | ^^^^^^^^^^^^^^^^
> 17 |     Page,
     | ^^^^^^^^^
> 18 |     Status,
     | ^^^^^^^^^^^
> 19 |     Tab,
     | ^^^^^^^^
> 20 |     Tabs,
     | ^^^^^^^^^
> 21 |     Title
     | ^^^^^^^^^
> 22 | } from '@/components/pages/LoginPage/LoginPage.styled';
     | ^^^^^^^^^^^^^^^^^^^^^^^^^^^^^^^^^^^^^^^^^^^^^^^^^^^^^^^
  23 |
  24 | type User = { username: string; email: string; password: string };
  25 |

The export AuxiliaryAction was not found in module [project]/src/components/pages/LoginPage/LoginPage.styled.tsx [ssr] (ecmascript).
Did you mean to import Title?
All exports of the module are statically known (It doesn't have dynamic exports). So it's known statically that the requested export doesn't exist. @ http://localhost:3000/_next/static/chunks/node_modules_next_dist_0bc8q4g._.js:1952
[ 8510634ms] [ERROR] ./src/pages/login.tsx:6:1
Export Error doesn't exist in target module
   4 | import { serverSideTranslations } from 'next-i18next/serverSideTranslations';
   5 | import { useRouter } from 'next/router';
>  6 | import {
     | ^^^^^^^
>  7 |     Action,
     | ^^^^^^^^^^^
>  8 |     AuxiliaryAction,
     | ^^^^^^^^^^^^^^^^^^^^
>  9 |     CheckboxRow,
     | ^^^^^^^^^^^^^^^^
> 10 |     Close,
     | ^^^^^^^^^^
> 11 |     Error,
     | ^^^^^^^^^^
> 12 |     Form,
     | ^^^^^^^^^
> 13 |     Input,
     | ^^^^^^^^^^
> 14 |     Modal,
     | ^^^^^^^^^^
> 15 |     ModalBody,
     | ^^^^^^^^^^^^^^
> 16 |     ModalHeader,
     | ^^^^^^^^^^^^^^^^
> 17 |     Page,
     | ^^^^^^^^^
> 18 |     Status,
     | ^^^^^^^^^^^
> 19 |     Tab,
     | ^^^^^^^^
> 20 |     Tabs,
     | ^^^^^^^^^
> 21 |     Title
     | ^^^^^^^^^
> 22 | } from '@/components/pages/LoginPage/LoginPage.styled';
     | ^^^^^^^^^^^^^^^^^^^^^^^^^^^^^^^^^^^^^^^^^^^^^^^^^^^^^^^
  23 |
  24 | type User = { username: string; email: string; password: string };
  25 |

The export Error was not found in module [project]/src/components/pages/LoginPage/LoginPage.styled.tsx [client] (ecmascript).
Did you mean to import Form?
All exports of the module are statically known (It doesn't have dynamic exports). So it's known statically that the requested export doesn't exist. @ http://localhost:3000/_next/static/chunks/node_modules_next_dist_0bc8q4g._.js:1952
[ 8510635ms] [ERROR] ./src/pages/login.tsx:6:1
Export Error doesn't exist in target module
   4 | import { serverSideTranslations } from 'next-i18next/serverSideTranslations';
   5 | import { useRouter } from 'next/router';
>  6 | import {
     | ^^^^^^^
>  7 |     Action,
     | ^^^^^^^^^^^
>  8 |     AuxiliaryAction,
     | ^^^^^^^^^^^^^^^^^^^^
>  9 |     CheckboxRow,
     | ^^^^^^^^^^^^^^^^
> 10 |     Close,
     | ^^^^^^^^^^
> 11 |     Error,
     | ^^^^^^^^^^
> 12 |     Form,
     | ^^^^^^^^^
> 13 |     Input,
     | ^^^^^^^^^^
> 14 |     Modal,
     | ^^^^^^^^^^
> 15 |     ModalBody,
     | ^^^^^^^^^^^^^^
> 16 |     ModalHeader,
     | ^^^^^^^^^^^^^^^^
> 17 |     Page,
     | ^^^^^^^^^
> 18 |     Status,
     | ^^^^^^^^^^^
> 19 |     Tab,
     | ^^^^^^^^
> 20 |     Tabs,
     | ^^^^^^^^^
> 21 |     Title
     | ^^^^^^^^^
> 22 | } from '@/components/pages/LoginPage/LoginPage.styled';
     | ^^^^^^^^^^^^^^^^^^^^^^^^^^^^^^^^^^^^^^^^^^^^^^^^^^^^^^^
  23 |
  24 | type User = { username: string; email: string; password: string };
  25 |

The export Error was not found in module [project]/src/components/pages/LoginPage/LoginPage.styled.tsx [ssr] (ecmascript).
Did you mean to import Form?
All exports of the module are statically known (It doesn't have dynamic exports). So it's known statically that the requested export doesn't exist. @ http://localhost:3000/_next/static/chunks/node_modules_next_dist_0bc8q4g._.js:1952
[ 8510637ms] [ERROR] ./src/pages/login.tsx:6:1
Export Status doesn't exist in target module
   4 | import { serverSideTranslations } from 'next-i18next/serverSideTranslations';
   5 | import { useRouter } from 'next/router';
>  6 | import {
     | ^^^^^^^
>  7 |     Action,
     | ^^^^^^^^^^^
>  8 |     AuxiliaryAction,
     | ^^^^^^^^^^^^^^^^^^^^
>  9 |     CheckboxRow,
     | ^^^^^^^^^^^^^^^^
> 10 |     Close,
     | ^^^^^^^^^^
> 11 |     Error,
     | ^^^^^^^^^^
> 12 |     Form,
     | ^^^^^^^^^
> 13 |     Input,
     | ^^^^^^^^^^
> 14 |     Modal,
     | ^^^^^^^^^^
> 15 |     ModalBody,
     | ^^^^^^^^^^^^^^
> 16 |     ModalHeader,
     | ^^^^^^^^^^^^^^^^
> 17 |     Page,
     | ^^^^^^^^^
> 18 |     Status,
     | ^^^^^^^^^^^
> 19 |     Tab,
     | ^^^^^^^^
> 20 |     Tabs,
     | ^^^^^^^^^
> 21 |     Title
     | ^^^^^^^^^
> 22 | } from '@/components/pages/LoginPage/LoginPage.styled';
     | ^^^^^^^^^^^^^^^^^^^^^^^^^^^^^^^^^^^^^^^^^^^^^^^^^^^^^^^
  23 |
  24 | type User = { username: string; email: string; password: string };
  25 |

The export Status was not found in module [project]/src/components/pages/LoginPage/LoginPage.styled.tsx [client] (ecmascript).
Did you mean to import Tabs?
All exports of the module are statically known (It doesn't have dynamic exports). So it's known statically that the requested export doesn't exist. @ http://localhost:3000/_next/static/chunks/node_modules_next_dist_0bc8q4g._.js:1952
[ 8510638ms] [ERROR] ./src/pages/login.tsx:6:1
Export Status doesn't exist in target module
   4 | import { serverSideTranslations } from 'next-i18next/serverSideTranslations';
   5 | import { useRouter } from 'next/router';
>  6 | import {
     | ^^^^^^^
>  7 |     Action,
     | ^^^^^^^^^^^
>  8 |     AuxiliaryAction,
     | ^^^^^^^^^^^^^^^^^^^^
>  9 |     CheckboxRow,
     | ^^^^^^^^^^^^^^^^
> 10 |     Close,
     | ^^^^^^^^^^
> 11 |     Error,
     | ^^^^^^^^^^
> 12 |     Form,
     | ^^^^^^^^^
> 13 |     Input,
     | ^^^^^^^^^^
> 14 |     Modal,
     | ^^^^^^^^^^
> 15 |     ModalBody,
     | ^^^^^^^^^^^^^^
> 16 |     ModalHeader,
     | ^^^^^^^^^^^^^^^^
> 17 |     Page,
     | ^^^^^^^^^
> 18 |     Status,
     | ^^^^^^^^^^^
> 19 |     Tab,
     | ^^^^^^^^
> 20 |     Tabs,
     | ^^^^^^^^^
> 21 |     Title
     | ^^^^^^^^^
> 22 | } from '@/components/pages/LoginPage/LoginPage.styled';
     | ^^^^^^^^^^^^^^^^^^^^^^^^^^^^^^^^^^^^^^^^^^^^^^^^^^^^^^^
  23 |
  24 | type User = { username: string; email: string; password: string };
  25 |

The export Status was not found in module [project]/src/components/pages/LoginPage/LoginPage.styled.tsx [ssr] (ecmascript).
Did you mean to import Tabs?
All exports of the module are statically known (It doesn't have dynamic exports). So it's known statically that the requested export doesn't exist. @ http://localhost:3000/_next/static/chunks/node_modules_next_dist_0bc8q4g._.js:1952
[ 8510695ms] [LOG] [Fast Refresh] rebuilding @ http://localhost:3000/_next/static/chunks/node_modules_next_dist_0bc8q4g._.js:1233
[ 8514090ms] [ERROR] ./src/pages/login.tsx:6:1
Export Action doesn't exist in target module
   4 | import { serverSideTranslations } from 'next-i18next/serverSideTranslations';
   5 | import { useRouter } from 'next/router';
>  6 | import {
     | ^^^^^^^
>  7 |     Action,
     | ^^^^^^^^^^^
>  8 |     AuxiliaryAction,
     | ^^^^^^^^^^^^^^^^^^^^
>  9 |     CheckboxRow,
     | ^^^^^^^^^^^^^^^^
> 10 |     Close,
     | ^^^^^^^^^^
> 11 |     Error,
     | ^^^^^^^^^^
> 12 |     Form,
     | ^^^^^^^^^
> 13 |     Input,
     | ^^^^^^^^^^
> 14 |     Modal,
     | ^^^^^^^^^^
> 15 |     ModalBody,
     | ^^^^^^^^^^^^^^
> 16 |     ModalHeader,
     | ^^^^^^^^^^^^^^^^
> 17 |     Page,
     | ^^^^^^^^^
> 18 |     Status,
     | ^^^^^^^^^^^
> 19 |     Tab,
     | ^^^^^^^^
> 20 |     Tabs,
     | ^^^^^^^^^
> 21 |     Title
     | ^^^^^^^^^
> 22 | } from '@/components/pages/LoginPage/LoginPage.styled';
     | ^^^^^^^^^^^^^^^^^^^^^^^^^^^^^^^^^^^^^^^^^^^^^^^^^^^^^^^
  23 |
  24 | type User = { username: string; email: string; password: string };
  25 |

The export Action was not found in module [project]/src/components/pages/LoginPage/LoginPage.styled.tsx [client] (ecmascript).
Did you mean to import CheckboxRow?
All exports of the module are statically known (It doesn't have dynamic exports). So it's known statically that the requested export doesn't exist. @ http://localhost:3000/_next/static/chunks/node_modules_next_dist_0bc8q4g._.js:1952
[ 8514090ms] [ERROR] ./src/pages/login.tsx:6:1
Export Action doesn't exist in target module
   4 | import { serverSideTranslations } from 'next-i18next/serverSideTranslations';
   5 | import { useRouter } from 'next/router';
>  6 | import {
     | ^^^^^^^
>  7 |     Action,
     | ^^^^^^^^^^^
>  8 |     AuxiliaryAction,
     | ^^^^^^^^^^^^^^^^^^^^
>  9 |     CheckboxRow,
     | ^^^^^^^^^^^^^^^^
> 10 |     Close,
     | ^^^^^^^^^^
> 11 |     Error,
     | ^^^^^^^^^^
> 12 |     Form,
     | ^^^^^^^^^
> 13 |     Input,
     | ^^^^^^^^^^
> 14 |     Modal,
     | ^^^^^^^^^^
> 15 |     ModalBody,
     | ^^^^^^^^^^^^^^
> 16 |     ModalHeader,
     | ^^^^^^^^^^^^^^^^
> 17 |     Page,
     | ^^^^^^^^^
> 18 |     Status,
     | ^^^^^^^^^^^
> 19 |     Tab,
     | ^^^^^^^^
> 20 |     Tabs,
     | ^^^^^^^^^
> 21 |     Title
     | ^^^^^^^^^
> 22 | } from '@/components/pages/LoginPage/LoginPage.styled';
     | ^^^^^^^^^^^^^^^^^^^^^^^^^^^^^^^^^^^^^^^^^^^^^^^^^^^^^^^
  23 |
  24 | type User = { username: string; email: string; password: string };
  25 |

The export Action was not found in module [project]/src/components/pages/LoginPage/LoginPage.styled.tsx [ssr] (ecmascript).
Did you mean to import CheckboxRow?
All exports of the module are statically known (It doesn't have dynamic exports). So it's known statically that the requested export doesn't exist. @ http://localhost:3000/_next/static/chunks/node_modules_next_dist_0bc8q4g._.js:1952
[ 8514091ms] [ERROR] ./src/pages/login.tsx:6:1
Export AuxiliaryAction doesn't exist in target module
   4 | import { serverSideTranslations } from 'next-i18next/serverSideTranslations';
   5 | import { useRouter } from 'next/router';
>  6 | import {
     | ^^^^^^^
>  7 |     Action,
     | ^^^^^^^^^^^
>  8 |     AuxiliaryAction,
     | ^^^^^^^^^^^^^^^^^^^^
>  9 |     CheckboxRow,
     | ^^^^^^^^^^^^^^^^
> 10 |     Close,
     | ^^^^^^^^^^
> 11 |     Error,
     | ^^^^^^^^^^
> 12 |     Form,
     | ^^^^^^^^^
> 13 |     Input,
     | ^^^^^^^^^^
> 14 |     Modal,
     | ^^^^^^^^^^
> 15 |     ModalBody,
     | ^^^^^^^^^^^^^^
> 16 |     ModalHeader,
     | ^^^^^^^^^^^^^^^^
> 17 |     Page,
     | ^^^^^^^^^
> 18 |     Status,
     | ^^^^^^^^^^^
> 19 |     Tab,
     | ^^^^^^^^
> 20 |     Tabs,
     | ^^^^^^^^^
> 21 |     Title
     | ^^^^^^^^^
> 22 | } from '@/components/pages/LoginPage/LoginPage.styled';
     | ^^^^^^^^^^^^^^^^^^^^^^^^^^^^^^^^^^^^^^^^^^^^^^^^^^^^^^^
  23 |
  24 | type User = { username: string; email: string; password: string };
  25 |

The export AuxiliaryAction was not found in module [project]/src/components/pages/LoginPage/LoginPage.styled.tsx [client] (ecmascript).
Did you mean to import Title?
All exports of the module are statically known (It doesn't have dynamic exports). So it's known statically that the requested export doesn't exist. @ http://localhost:3000/_next/static/chunks/node_modules_next_dist_0bc8q4g._.js:1952
[ 8514091ms] [ERROR] ./src/pages/login.tsx:6:1
Export AuxiliaryAction doesn't exist in target module
   4 | import { serverSideTranslations } from 'next-i18next/serverSideTranslations';
   5 | import { useRouter } from 'next/router';
>  6 | import {
     | ^^^^^^^
>  7 |     Action,
     | ^^^^^^^^^^^
>  8 |     AuxiliaryAction,
     | ^^^^^^^^^^^^^^^^^^^^
>  9 |     CheckboxRow,
     | ^^^^^^^^^^^^^^^^
> 10 |     Close,
     | ^^^^^^^^^^
> 11 |     Error,
     | ^^^^^^^^^^
> 12 |     Form,
     | ^^^^^^^^^
> 13 |     Input,
     | ^^^^^^^^^^
> 14 |     Modal,
     | ^^^^^^^^^^
> 15 |     ModalBody,
     | ^^^^^^^^^^^^^^
> 16 |     ModalHeader,
     | ^^^^^^^^^^^^^^^^
> 17 |     Page,
     | ^^^^^^^^^
> 18 |     Status,
     | ^^^^^^^^^^^
> 19 |     Tab,
     | ^^^^^^^^
> 20 |     Tabs,
     | ^^^^^^^^^
> 21 |     Title
     | ^^^^^^^^^
> 22 | } from '@/components/pages/LoginPage/LoginPage.styled';
     | ^^^^^^^^^^^^^^^^^^^^^^^^^^^^^^^^^^^^^^^^^^^^^^^^^^^^^^^
  23 |
  24 | type User = { username: string; email: string; password: string };
  25 |

The export AuxiliaryAction was not found in module [project]/src/components/pages/LoginPage/LoginPage.styled.tsx [ssr] (ecmascript).
Did you mean to import Title?
All exports of the module are statically known (It doesn't have dynamic exports). So it's known statically that the requested export doesn't exist. @ http://localhost:3000/_next/static/chunks/node_modules_next_dist_0bc8q4g._.js:1952
[ 8514092ms] [ERROR] ./src/pages/login.tsx:6:1
Export Error doesn't exist in target module
   4 | import { serverSideTranslations } from 'next-i18next/serverSideTranslations';
   5 | import { useRouter } from 'next/router';
>  6 | import {
     | ^^^^^^^
>  7 |     Action,
     | ^^^^^^^^^^^
>  8 |     AuxiliaryAction,
     | ^^^^^^^^^^^^^^^^^^^^
>  9 |     CheckboxRow,
     | ^^^^^^^^^^^^^^^^
> 10 |     Close,
     | ^^^^^^^^^^
> 11 |     Error,
     | ^^^^^^^^^^
> 12 |     Form,
     | ^^^^^^^^^
> 13 |     Input,
     | ^^^^^^^^^^
> 14 |     Modal,
     | ^^^^^^^^^^
> 15 |     ModalBody,
     | ^^^^^^^^^^^^^^
> 16 |     ModalHeader,
     | ^^^^^^^^^^^^^^^^
> 17 |     Page,
     | ^^^^^^^^^
> 18 |     Status,
     | ^^^^^^^^^^^
> 19 |     Tab,
     | ^^^^^^^^
> 20 |     Tabs,
     | ^^^^^^^^^
> 21 |     Title
     | ^^^^^^^^^
> 22 | } from '@/components/pages/LoginPage/LoginPage.styled';
     | ^^^^^^^^^^^^^^^^^^^^^^^^^^^^^^^^^^^^^^^^^^^^^^^^^^^^^^^
  23 |
  24 | type User = { username: string; email: string; password: string };
  25 |

The export Error was not found in module [project]/src/components/pages/LoginPage/LoginPage.styled.tsx [client] (ecmascript).
Did you mean to import Form?
All exports of the module are statically known (It doesn't have dynamic exports). So it's known statically that the requested export doesn't exist. @ http://localhost:3000/_next/static/chunks/node_modules_next_dist_0bc8q4g._.js:1952
[ 8514092ms] [ERROR] ./src/pages/login.tsx:6:1
Export Error doesn't exist in target module
   4 | import { serverSideTranslations } from 'next-i18next/serverSideTranslations';
   5 | import { useRouter } from 'next/router';
>  6 | import {
     | ^^^^^^^
>  7 |     Action,
     | ^^^^^^^^^^^
>  8 |     AuxiliaryAction,
     | ^^^^^^^^^^^^^^^^^^^^
>  9 |     CheckboxRow,
     | ^^^^^^^^^^^^^^^^
> 10 |     Close,
     | ^^^^^^^^^^
> 11 |     Error,
     | ^^^^^^^^^^
> 12 |     Form,
     | ^^^^^^^^^
> 13 |     Input,
     | ^^^^^^^^^^
> 14 |     Modal,
     | ^^^^^^^^^^
> 15 |     ModalBody,
     | ^^^^^^^^^^^^^^
> 16 |     ModalHeader,
     | ^^^^^^^^^^^^^^^^
> 17 |     Page,
     | ^^^^^^^^^
> 18 |     Status,
     | ^^^^^^^^^^^
> 19 |     Tab,
     | ^^^^^^^^
> 20 |     Tabs,
     | ^^^^^^^^^
> 21 |     Title
     | ^^^^^^^^^
> 22 | } from '@/components/pages/LoginPage/LoginPage.styled';
     | ^^^^^^^^^^^^^^^^^^^^^^^^^^^^^^^^^^^^^^^^^^^^^^^^^^^^^^^
  23 |
  24 | type User = { username: string; email: string; password: string };
  25 |

The export Error was not found in module [project]/src/components/pages/LoginPage/LoginPage.styled.tsx [ssr] (ecmascript).
Did you mean to import Form?
All exports of the module are statically known (It doesn't have dynamic exports). So it's known statically that the requested export doesn't exist. @ http://localhost:3000/_next/static/chunks/node_modules_next_dist_0bc8q4g._.js:1952
[ 8514092ms] [ERROR] ./src/pages/login.tsx:6:1
Export Status doesn't exist in target module
   4 | import { serverSideTranslations } from 'next-i18next/serverSideTranslations';
   5 | import { useRouter } from 'next/router';
>  6 | import {
     | ^^^^^^^
>  7 |     Action,
     | ^^^^^^^^^^^
>  8 |     AuxiliaryAction,
     | ^^^^^^^^^^^^^^^^^^^^
>  9 |     CheckboxRow,
     | ^^^^^^^^^^^^^^^^
> 10 |     Close,
     | ^^^^^^^^^^
> 11 |     Error,
     | ^^^^^^^^^^
> 12 |     Form,
     | ^^^^^^^^^
> 13 |     Input,
     | ^^^^^^^^^^
> 14 |     Modal,
     | ^^^^^^^^^^
> 15 |     ModalBody,
     | ^^^^^^^^^^^^^^
> 16 |     ModalHeader,
     | ^^^^^^^^^^^^^^^^
> 17 |     Page,
     | ^^^^^^^^^
> 18 |     Status,
     | ^^^^^^^^^^^
> 19 |     Tab,
     | ^^^^^^^^
> 20 |     Tabs,
     | ^^^^^^^^^
> 21 |     Title
     | ^^^^^^^^^
> 22 | } from '@/components/pages/LoginPage/LoginPage.styled';
     | ^^^^^^^^^^^^^^^^^^^^^^^^^^^^^^^^^^^^^^^^^^^^^^^^^^^^^^^
  23 |
  24 | type User = { username: string; email: string; password: string };
  25 |

The export Status was not found in module [project]/src/components/pages/LoginPage/LoginPage.styled.tsx [client] (ecmascript).
Did you mean to import Tabs?
All exports of the module are statically known (It doesn't have dynamic exports). So it's known statically that the requested export doesn't exist. @ http://localhost:3000/_next/static/chunks/node_modules_next_dist_0bc8q4g._.js:1952
[ 8514092ms] [ERROR] ./src/pages/login.tsx:6:1
Export Status doesn't exist in target module
   4 | import { serverSideTranslations } from 'next-i18next/serverSideTranslations';
   5 | import { useRouter } from 'next/router';
>  6 | import {
     | ^^^^^^^
>  7 |     Action,
     | ^^^^^^^^^^^
>  8 |     AuxiliaryAction,
     | ^^^^^^^^^^^^^^^^^^^^
>  9 |     CheckboxRow,
     | ^^^^^^^^^^^^^^^^
> 10 |     Close,
     | ^^^^^^^^^^
> 11 |     Error,
     | ^^^^^^^^^^
> 12 |     Form,
     | ^^^^^^^^^
> 13 |     Input,
     | ^^^^^^^^^^
> 14 |     Modal,
     | ^^^^^^^^^^
> 15 |     ModalBody,
     | ^^^^^^^^^^^^^^
> 16 |     ModalHeader,
     | ^^^^^^^^^^^^^^^^
> 17 |     Page,
     | ^^^^^^^^^
> 18 |     Status,
     | ^^^^^^^^^^^
> 19 |     Tab,
     | ^^^^^^^^
> 20 |     Tabs,
     | ^^^^^^^^^
> 21 |     Title
     | ^^^^^^^^^
> 22 | } from '@/components/pages/LoginPage/LoginPage.styled';
     | ^^^^^^^^^^^^^^^^^^^^^^^^^^^^^^^^^^^^^^^^^^^^^^^^^^^^^^^
  23 |
  24 | type User = { username: string; email: string; password: string };
  25 |

The export Status was not found in module [project]/src/components/pages/LoginPage/LoginPage.styled.tsx [ssr] (ecmascript).
Did you mean to import Tabs?
All exports of the module are statically known (It doesn't have dynamic exports). So it's known statically that the requested export doesn't exist. @ http://localhost:3000/_next/static/chunks/node_modules_next_dist_0bc8q4g._.js:1952
[ 8514139ms] [LOG] [Fast Refresh] rebuilding @ http://localhost:3000/_next/static/chunks/node_modules_next_dist_0bc8q4g._.js:1233
[ 8525113ms] [ERROR] ./src/pages/login.tsx:6:1
Export Action doesn't exist in target module
   4 | import { serverSideTranslations } from 'next-i18next/serverSideTranslations';
   5 | import { useRouter } from 'next/router';
>  6 | import {
     | ^^^^^^^
>  7 |     Action,
     | ^^^^^^^^^^^
>  8 |     AuxiliaryAction,
     | ^^^^^^^^^^^^^^^^^^^^
>  9 |     CheckboxRow,
     | ^^^^^^^^^^^^^^^^
> 10 |     Close,
     | ^^^^^^^^^^
> 11 |     Error,
     | ^^^^^^^^^^
> 12 |     Form,
     | ^^^^^^^^^
> 13 |     Input,
     | ^^^^^^^^^^
> 14 |     Modal,
     | ^^^^^^^^^^
> 15 |     ModalBody,
     | ^^^^^^^^^^^^^^
> 16 |     ModalHeader,
     | ^^^^^^^^^^^^^^^^
> 17 |     Page,
     | ^^^^^^^^^
> 18 |     Status,
     | ^^^^^^^^^^^
> 19 |     Tab,
     | ^^^^^^^^
> 20 |     Tabs,
     | ^^^^^^^^^
> 21 |     Title
     | ^^^^^^^^^
> 22 | } from '@/components/pages/LoginPage/LoginPage.styled';
     | ^^^^^^^^^^^^^^^^^^^^^^^^^^^^^^^^^^^^^^^^^^^^^^^^^^^^^^^
  23 |
  24 | type User = { username: string; email: string; password: string };
  25 |

The export Action was not found in module [project]/src/components/pages/LoginPage/LoginPage.styled.tsx [client] (ecmascript).
Did you mean to import CheckboxRow?
All exports of the module are statically known (It doesn't have dynamic exports). So it's known statically that the requested export doesn't exist. @ http://localhost:3000/_next/static/chunks/node_modules_next_dist_0bc8q4g._.js:1952
[ 8525114ms] [ERROR] ./src/pages/login.tsx:6:1
Export Action doesn't exist in target module
   4 | import { serverSideTranslations } from 'next-i18next/serverSideTranslations';
   5 | import { useRouter } from 'next/router';
>  6 | import {
     | ^^^^^^^
>  7 |     Action,
     | ^^^^^^^^^^^
>  8 |     AuxiliaryAction,
     | ^^^^^^^^^^^^^^^^^^^^
>  9 |     CheckboxRow,
     | ^^^^^^^^^^^^^^^^
> 10 |     Close,
     | ^^^^^^^^^^
> 11 |     Error,
     | ^^^^^^^^^^
> 12 |     Form,
     | ^^^^^^^^^
> 13 |     Input,
     | ^^^^^^^^^^
> 14 |     Modal,
     | ^^^^^^^^^^
> 15 |     ModalBody,
     | ^^^^^^^^^^^^^^
> 16 |     ModalHeader,
     | ^^^^^^^^^^^^^^^^
> 17 |     Page,
     | ^^^^^^^^^
> 18 |     Status,
     | ^^^^^^^^^^^
> 19 |     Tab,
     | ^^^^^^^^
> 20 |     Tabs,
     | ^^^^^^^^^
> 21 |     Title
     | ^^^^^^^^^
> 22 | } from '@/components/pages/LoginPage/LoginPage.styled';
     | ^^^^^^^^^^^^^^^^^^^^^^^^^^^^^^^^^^^^^^^^^^^^^^^^^^^^^^^
  23 |
  24 | type User = { username: string; email: string; password: string };
  25 |

The export Action was not found in module [project]/src/components/pages/LoginPage/LoginPage.styled.tsx [ssr] (ecmascript).
Did you mean to import CheckboxRow?
All exports of the module are statically known (It doesn't have dynamic exports). So it's known statically that the requested export doesn't exist. @ http://localhost:3000/_next/static/chunks/node_modules_next_dist_0bc8q4g._.js:1952
[ 8525114ms] [ERROR] ./src/pages/login.tsx:6:1
Export AuxiliaryAction doesn't exist in target module
   4 | import { serverSideTranslations } from 'next-i18next/serverSideTranslations';
   5 | import { useRouter } from 'next/router';
>  6 | import {
     | ^^^^^^^
>  7 |     Action,
     | ^^^^^^^^^^^
>  8 |     AuxiliaryAction,
     | ^^^^^^^^^^^^^^^^^^^^
>  9 |     CheckboxRow,
     | ^^^^^^^^^^^^^^^^
> 10 |     Close,
     | ^^^^^^^^^^
> 11 |     Error,
     | ^^^^^^^^^^
> 12 |     Form,
     | ^^^^^^^^^
> 13 |     Input,
     | ^^^^^^^^^^
> 14 |     Modal,
     | ^^^^^^^^^^
> 15 |     ModalBody,
     | ^^^^^^^^^^^^^^
> 16 |     ModalHeader,
     | ^^^^^^^^^^^^^^^^
> 17 |     Page,
     | ^^^^^^^^^
> 18 |     Status,
     | ^^^^^^^^^^^
> 19 |     Tab,
     | ^^^^^^^^
> 20 |     Tabs,
     | ^^^^^^^^^
> 21 |     Title
     | ^^^^^^^^^
> 22 | } from '@/components/pages/LoginPage/LoginPage.styled';
     | ^^^^^^^^^^^^^^^^^^^^^^^^^^^^^^^^^^^^^^^^^^^^^^^^^^^^^^^
  23 |
  24 | type User = { username: string; email: string; password: string };
  25 |

The export AuxiliaryAction was not found in module [project]/src/components/pages/LoginPage/LoginPage.styled.tsx [client] (ecmascript).
Did you mean to import Title?
All exports of the module are statically known (It doesn't have dynamic exports). So it's known statically that the requested export doesn't exist. @ http://localhost:3000/_next/static/chunks/node_modules_next_dist_0bc8q4g._.js:1952
[ 8525114ms] [ERROR] ./src/pages/login.tsx:6:1
Export AuxiliaryAction doesn't exist in target module
   4 | import { serverSideTranslations } from 'next-i18next/serverSideTranslations';
   5 | import { useRouter } from 'next/router';
>  6 | import {
     | ^^^^^^^
>  7 |     Action,
     | ^^^^^^^^^^^
>  8 |     AuxiliaryAction,
     | ^^^^^^^^^^^^^^^^^^^^
>  9 |     CheckboxRow,
     | ^^^^^^^^^^^^^^^^
> 10 |     Close,
     | ^^^^^^^^^^
> 11 |     Error,
     | ^^^^^^^^^^
> 12 |     Form,
     | ^^^^^^^^^
> 13 |     Input,
     | ^^^^^^^^^^
> 14 |     Modal,
     | ^^^^^^^^^^
> 15 |     ModalBody,
     | ^^^^^^^^^^^^^^
> 16 |     ModalHeader,
     | ^^^^^^^^^^^^^^^^
> 17 |     Page,
     | ^^^^^^^^^
> 18 |     Status,
     | ^^^^^^^^^^^
> 19 |     Tab,
     | ^^^^^^^^
> 20 |     Tabs,
     | ^^^^^^^^^
> 21 |     Title
     | ^^^^^^^^^
> 22 | } from '@/components/pages/LoginPage/LoginPage.styled';
     | ^^^^^^^^^^^^^^^^^^^^^^^^^^^^^^^^^^^^^^^^^^^^^^^^^^^^^^^
  23 |
  24 | type User = { username: string; email: string; password: string };
  25 |

The export AuxiliaryAction was not found in module [project]/src/components/pages/LoginPage/LoginPage.styled.tsx [ssr] (ecmascript).
Did you mean to import Title?
All exports of the module are statically known (It doesn't have dynamic exports). So it's known statically that the requested export doesn't exist. @ http://localhost:3000/_next/static/chunks/node_modules_next_dist_0bc8q4g._.js:1952
[ 8525115ms] [ERROR] ./src/pages/login.tsx:6:1
Export Error doesn't exist in target module
   4 | import { serverSideTranslations } from 'next-i18next/serverSideTranslations';
   5 | import { useRouter } from 'next/router';
>  6 | import {
     | ^^^^^^^
>  7 |     Action,
     | ^^^^^^^^^^^
>  8 |     AuxiliaryAction,
     | ^^^^^^^^^^^^^^^^^^^^
>  9 |     CheckboxRow,
     | ^^^^^^^^^^^^^^^^
> 10 |     Close,
     | ^^^^^^^^^^
> 11 |     Error,
     | ^^^^^^^^^^
> 12 |     Form,
     | ^^^^^^^^^
> 13 |     Input,
     | ^^^^^^^^^^
> 14 |     Modal,
     | ^^^^^^^^^^
> 15 |     ModalBody,
     | ^^^^^^^^^^^^^^
> 16 |     ModalHeader,
     | ^^^^^^^^^^^^^^^^
> 17 |     Page,
     | ^^^^^^^^^
> 18 |     Status,
     | ^^^^^^^^^^^
> 19 |     Tab,
     | ^^^^^^^^
> 20 |     Tabs,
     | ^^^^^^^^^
> 21 |     Title
     | ^^^^^^^^^
> 22 | } from '@/components/pages/LoginPage/LoginPage.styled';
     | ^^^^^^^^^^^^^^^^^^^^^^^^^^^^^^^^^^^^^^^^^^^^^^^^^^^^^^^
  23 |
  24 | type User = { username: string; email: string; password: string };
  25 |

The export Error was not found in module [project]/src/components/pages/LoginPage/LoginPage.styled.tsx [client] (ecmascript).
Did you mean to import Form?
All exports of the module are statically known (It doesn't have dynamic exports). So it's known statically that the requested export doesn't exist. @ http://localhost:3000/_next/static/chunks/node_modules_next_dist_0bc8q4g._.js:1952
[ 8525117ms] [ERROR] ./src/pages/login.tsx:6:1
Export Error doesn't exist in target module
   4 | import { serverSideTranslations } from 'next-i18next/serverSideTranslations';
   5 | import { useRouter } from 'next/router';
>  6 | import {
     | ^^^^^^^
>  7 |     Action,
     | ^^^^^^^^^^^
>  8 |     AuxiliaryAction,
     | ^^^^^^^^^^^^^^^^^^^^
>  9 |     CheckboxRow,
     | ^^^^^^^^^^^^^^^^
> 10 |     Close,
     | ^^^^^^^^^^
> 11 |     Error,
     | ^^^^^^^^^^
> 12 |     Form,
     | ^^^^^^^^^
> 13 |     Input,
     | ^^^^^^^^^^
> 14 |     Modal,
     | ^^^^^^^^^^
> 15 |     ModalBody,
     | ^^^^^^^^^^^^^^
> 16 |     ModalHeader,
     | ^^^^^^^^^^^^^^^^
> 17 |     Page,
     | ^^^^^^^^^
> 18 |     Status,
     | ^^^^^^^^^^^
> 19 |     Tab,
     | ^^^^^^^^
> 20 |     Tabs,
     | ^^^^^^^^^
> 21 |     Title
     | ^^^^^^^^^
> 22 | } from '@/components/pages/LoginPage/LoginPage.styled';
     | ^^^^^^^^^^^^^^^^^^^^^^^^^^^^^^^^^^^^^^^^^^^^^^^^^^^^^^^
  23 |
  24 | type User = { username: string; email: string; password: string };
  25 |

The export Error was not found in module [project]/src/components/pages/LoginPage/LoginPage.styled.tsx [ssr] (ecmascript).
Did you mean to import Form?
All exports of the module are statically known (It doesn't have dynamic exports). So it's known statically that the requested export doesn't exist. @ http://localhost:3000/_next/static/chunks/node_modules_next_dist_0bc8q4g._.js:1952
[ 8525119ms] [ERROR] ./src/pages/login.tsx:6:1
Export Status doesn't exist in target module
   4 | import { serverSideTranslations } from 'next-i18next/serverSideTranslations';
   5 | import { useRouter } from 'next/router';
>  6 | import {
     | ^^^^^^^
>  7 |     Action,
     | ^^^^^^^^^^^
>  8 |     AuxiliaryAction,
     | ^^^^^^^^^^^^^^^^^^^^
>  9 |     CheckboxRow,
     | ^^^^^^^^^^^^^^^^
> 10 |     Close,
     | ^^^^^^^^^^
> 11 |     Error,
     | ^^^^^^^^^^
> 12 |     Form,
     | ^^^^^^^^^
> 13 |     Input,
     | ^^^^^^^^^^
> 14 |     Modal,
     | ^^^^^^^^^^
> 15 |     ModalBody,
     | ^^^^^^^^^^^^^^
> 16 |     ModalHeader,
     | ^^^^^^^^^^^^^^^^
> 17 |     Page,
     | ^^^^^^^^^
> 18 |     Status,
     | ^^^^^^^^^^^
> 19 |     Tab,
     | ^^^^^^^^
> 20 |     Tabs,
     | ^^^^^^^^^
> 21 |     Title
     | ^^^^^^^^^
> 22 | } from '@/components/pages/LoginPage/LoginPage.styled';
     | ^^^^^^^^^^^^^^^^^^^^^^^^^^^^^^^^^^^^^^^^^^^^^^^^^^^^^^^
  23 |
  24 | type User = { username: string; email: string; password: string };
  25 |

The export Status was not found in module [project]/src/components/pages/LoginPage/LoginPage.styled.tsx [client] (ecmascript).
Did you mean to import Tabs?
All exports of the module are statically known (It doesn't have dynamic exports). So it's known statically that the requested export doesn't exist. @ http://localhost:3000/_next/static/chunks/node_modules_next_dist_0bc8q4g._.js:1952
[ 8525119ms] [ERROR] ./src/pages/login.tsx:6:1
Export Status doesn't exist in target module
   4 | import { serverSideTranslations } from 'next-i18next/serverSideTranslations';
   5 | import { useRouter } from 'next/router';
>  6 | import {
     | ^^^^^^^
>  7 |     Action,
     | ^^^^^^^^^^^
>  8 |     AuxiliaryAction,
     | ^^^^^^^^^^^^^^^^^^^^
>  9 |     CheckboxRow,
     | ^^^^^^^^^^^^^^^^
> 10 |     Close,
     | ^^^^^^^^^^
> 11 |     Error,
     | ^^^^^^^^^^
> 12 |     Form,
     | ^^^^^^^^^
> 13 |     Input,
     | ^^^^^^^^^^
> 14 |     Modal,
     | ^^^^^^^^^^
> 15 |     ModalBody,
     | ^^^^^^^^^^^^^^
> 16 |     ModalHeader,
     | ^^^^^^^^^^^^^^^^
> 17 |     Page,
     | ^^^^^^^^^
> 18 |     Status,
     | ^^^^^^^^^^^
> 19 |     Tab,
     | ^^^^^^^^
> 20 |     Tabs,
     | ^^^^^^^^^
> 21 |     Title
     | ^^^^^^^^^
> 22 | } from '@/components/pages/LoginPage/LoginPage.styled';
     | ^^^^^^^^^^^^^^^^^^^^^^^^^^^^^^^^^^^^^^^^^^^^^^^^^^^^^^^
  23 |
  24 | type User = { username: string; email: string; password: string };
  25 |

The export Status was not found in module [project]/src/components/pages/LoginPage/LoginPage.styled.tsx [ssr] (ecmascript).
Did you mean to import Tabs?
All exports of the module are statically known (It doesn't have dynamic exports). So it's known statically that the requested export doesn't exist. @ http://localhost:3000/_next/static/chunks/node_modules_next_dist_0bc8q4g._.js:1952
[ 8525158ms] [LOG] [Fast Refresh] rebuilding @ http://localhost:3000/_next/static/chunks/node_modules_next_dist_0bc8q4g._.js:1233
[ 8532271ms] [ERROR] ./src/pages/login.tsx:6:1
Export Action doesn't exist in target module
   4 | import { serverSideTranslations } from 'next-i18next/serverSideTranslations';
   5 | import { useRouter } from 'next/router';
>  6 | import {
     | ^^^^^^^
>  7 |     Action,
     | ^^^^^^^^^^^
>  8 |     AuxiliaryAction,
     | ^^^^^^^^^^^^^^^^^^^^
>  9 |     CheckboxRow,
     | ^^^^^^^^^^^^^^^^
> 10 |     Close,
     | ^^^^^^^^^^
> 11 |     Error,
     | ^^^^^^^^^^
> 12 |     Form,
     | ^^^^^^^^^
> 13 |     Input,
     | ^^^^^^^^^^
> 14 |     Modal,
     | ^^^^^^^^^^
> 15 |     ModalBody,
     | ^^^^^^^^^^^^^^
> 16 |     ModalHeader,
     | ^^^^^^^^^^^^^^^^
> 17 |     Page,
     | ^^^^^^^^^
> 18 |     Status,
     | ^^^^^^^^^^^
> 19 |     Tab,
     | ^^^^^^^^
> 20 |     Tabs,
     | ^^^^^^^^^
> 21 |     Title
     | ^^^^^^^^^
> 22 | } from '@/components/pages/LoginPage/LoginPage.styled';
     | ^^^^^^^^^^^^^^^^^^^^^^^^^^^^^^^^^^^^^^^^^^^^^^^^^^^^^^^
  23 |
  24 | type User = { username: string; email: string; password: string };
  25 |

The export Action was not found in module [project]/src/components/pages/LoginPage/LoginPage.styled.tsx [client] (ecmascript).
Did you mean to import CheckboxRow?
All exports of the module are statically known (It doesn't have dynamic exports). So it's known statically that the requested export doesn't exist. @ http://localhost:3000/_next/static/chunks/node_modules_next_dist_0bc8q4g._.js:1952
[ 8532271ms] [ERROR] ./src/pages/login.tsx:6:1
Export Action doesn't exist in target module
   4 | import { serverSideTranslations } from 'next-i18next/serverSideTranslations';
   5 | import { useRouter } from 'next/router';
>  6 | import {
     | ^^^^^^^
>  7 |     Action,
     | ^^^^^^^^^^^
>  8 |     AuxiliaryAction,
     | ^^^^^^^^^^^^^^^^^^^^
>  9 |     CheckboxRow,
     | ^^^^^^^^^^^^^^^^
> 10 |     Close,
     | ^^^^^^^^^^
> 11 |     Error,
     | ^^^^^^^^^^
> 12 |     Form,
     | ^^^^^^^^^
> 13 |     Input,
     | ^^^^^^^^^^
> 14 |     Modal,
     | ^^^^^^^^^^
> 15 |     ModalBody,
     | ^^^^^^^^^^^^^^
> 16 |     ModalHeader,
     | ^^^^^^^^^^^^^^^^
> 17 |     Page,
     | ^^^^^^^^^
> 18 |     Status,
     | ^^^^^^^^^^^
> 19 |     Tab,
     | ^^^^^^^^
> 20 |     Tabs,
     | ^^^^^^^^^
> 21 |     Title
     | ^^^^^^^^^
> 22 | } from '@/components/pages/LoginPage/LoginPage.styled';
     | ^^^^^^^^^^^^^^^^^^^^^^^^^^^^^^^^^^^^^^^^^^^^^^^^^^^^^^^
  23 |
  24 | type User = { username: string; email: string; password: string };
  25 |

The export Action was not found in module [project]/src/components/pages/LoginPage/LoginPage.styled.tsx [ssr] (ecmascript).
Did you mean to import CheckboxRow?
All exports of the module are statically known (It doesn't have dynamic exports). So it's known statically that the requested export doesn't exist. @ http://localhost:3000/_next/static/chunks/node_modules_next_dist_0bc8q4g._.js:1952
[ 8532272ms] [ERROR] ./src/pages/login.tsx:6:1
Export AuxiliaryAction doesn't exist in target module
   4 | import { serverSideTranslations } from 'next-i18next/serverSideTranslations';
   5 | import { useRouter } from 'next/router';
>  6 | import {
     | ^^^^^^^
>  7 |     Action,
     | ^^^^^^^^^^^
>  8 |     AuxiliaryAction,
     | ^^^^^^^^^^^^^^^^^^^^
>  9 |     CheckboxRow,
     | ^^^^^^^^^^^^^^^^
> 10 |     Close,
     | ^^^^^^^^^^
> 11 |     Error,
     | ^^^^^^^^^^
> 12 |     Form,
     | ^^^^^^^^^
> 13 |     Input,
     | ^^^^^^^^^^
> 14 |     Modal,
     | ^^^^^^^^^^
> 15 |     ModalBody,
     | ^^^^^^^^^^^^^^
> 16 |     ModalHeader,
     | ^^^^^^^^^^^^^^^^
> 17 |     Page,
     | ^^^^^^^^^
> 18 |     Status,
     | ^^^^^^^^^^^
> 19 |     Tab,
     | ^^^^^^^^
> 20 |     Tabs,
     | ^^^^^^^^^
> 21 |     Title
     | ^^^^^^^^^
> 22 | } from '@/components/pages/LoginPage/LoginPage.styled';
     | ^^^^^^^^^^^^^^^^^^^^^^^^^^^^^^^^^^^^^^^^^^^^^^^^^^^^^^^
  23 |
  24 | type User = { username: string; email: string; password: string };
  25 |

The export AuxiliaryAction was not found in module [project]/src/components/pages/LoginPage/LoginPage.styled.tsx [client] (ecmascript).
Did you mean to import Title?
All exports of the module are statically known (It doesn't have dynamic exports). So it's known statically that the requested export doesn't exist. @ http://localhost:3000/_next/static/chunks/node_modules_next_dist_0bc8q4g._.js:1952
[ 8532272ms] [ERROR] ./src/pages/login.tsx:6:1
Export AuxiliaryAction doesn't exist in target module
   4 | import { serverSideTranslations } from 'next-i18next/serverSideTranslations';
   5 | import { useRouter } from 'next/router';
>  6 | import {
     | ^^^^^^^
>  7 |     Action,
     | ^^^^^^^^^^^
>  8 |     AuxiliaryAction,
     | ^^^^^^^^^^^^^^^^^^^^
>  9 |     CheckboxRow,
     | ^^^^^^^^^^^^^^^^
> 10 |     Close,
     | ^^^^^^^^^^
> 11 |     Error,
     | ^^^^^^^^^^
> 12 |     Form,
     | ^^^^^^^^^
> 13 |     Input,
     | ^^^^^^^^^^
> 14 |     Modal,
     | ^^^^^^^^^^
> 15 |     ModalBody,
     | ^^^^^^^^^^^^^^
> 16 |     ModalHeader,
     | ^^^^^^^^^^^^^^^^
> 17 |     Page,
     | ^^^^^^^^^
> 18 |     Status,
     | ^^^^^^^^^^^
> 19 |     Tab,
     | ^^^^^^^^
> 20 |     Tabs,
     | ^^^^^^^^^
> 21 |     Title
     | ^^^^^^^^^
> 22 | } from '@/components/pages/LoginPage/LoginPage.styled';
     | ^^^^^^^^^^^^^^^^^^^^^^^^^^^^^^^^^^^^^^^^^^^^^^^^^^^^^^^
  23 |
  24 | type User = { username: string; email: string; password: string };
  25 |

The export AuxiliaryAction was not found in module [project]/src/components/pages/LoginPage/LoginPage.styled.tsx [ssr] (ecmascript).
Did you mean to import Title?
All exports of the module are statically known (It doesn't have dynamic exports). So it's known statically that the requested export doesn't exist. @ http://localhost:3000/_next/static/chunks/node_modules_next_dist_0bc8q4g._.js:1952
[ 8532272ms] [ERROR] ./src/pages/login.tsx:6:1
Export Error doesn't exist in target module
   4 | import { serverSideTranslations } from 'next-i18next/serverSideTranslations';
   5 | import { useRouter } from 'next/router';
>  6 | import {
     | ^^^^^^^
>  7 |     Action,
     | ^^^^^^^^^^^
>  8 |     AuxiliaryAction,
     | ^^^^^^^^^^^^^^^^^^^^
>  9 |     CheckboxRow,
     | ^^^^^^^^^^^^^^^^
> 10 |     Close,
     | ^^^^^^^^^^
> 11 |     Error,
     | ^^^^^^^^^^
> 12 |     Form,
     | ^^^^^^^^^
> 13 |     Input,
     | ^^^^^^^^^^
> 14 |     Modal,
     | ^^^^^^^^^^
> 15 |     ModalBody,
     | ^^^^^^^^^^^^^^
> 16 |     ModalHeader,
     | ^^^^^^^^^^^^^^^^
> 17 |     Page,
     | ^^^^^^^^^
> 18 |     Status,
     | ^^^^^^^^^^^
> 19 |     Tab,
     | ^^^^^^^^
> 20 |     Tabs,
     | ^^^^^^^^^
> 21 |     Title
     | ^^^^^^^^^
> 22 | } from '@/components/pages/LoginPage/LoginPage.styled';
     | ^^^^^^^^^^^^^^^^^^^^^^^^^^^^^^^^^^^^^^^^^^^^^^^^^^^^^^^
  23 |
  24 | type User = { username: string; email: string; password: string };
  25 |

The export Error was not found in module [project]/src/components/pages/LoginPage/LoginPage.styled.tsx [client] (ecmascript).
Did you mean to import Form?
All exports of the module are statically known (It doesn't have dynamic exports). So it's known statically that the requested export doesn't exist. @ http://localhost:3000/_next/static/chunks/node_modules_next_dist_0bc8q4g._.js:1952
[ 8532272ms] [ERROR] ./src/pages/login.tsx:6:1
Export Error doesn't exist in target module
   4 | import { serverSideTranslations } from 'next-i18next/serverSideTranslations';
   5 | import { useRouter } from 'next/router';
>  6 | import {
     | ^^^^^^^
>  7 |     Action,
     | ^^^^^^^^^^^
>  8 |     AuxiliaryAction,
     | ^^^^^^^^^^^^^^^^^^^^
>  9 |     CheckboxRow,
     | ^^^^^^^^^^^^^^^^
> 10 |     Close,
     | ^^^^^^^^^^
> 11 |     Error,
     | ^^^^^^^^^^
> 12 |     Form,
     | ^^^^^^^^^
> 13 |     Input,
     | ^^^^^^^^^^
> 14 |     Modal,
     | ^^^^^^^^^^
> 15 |     ModalBody,
     | ^^^^^^^^^^^^^^
> 16 |     ModalHeader,
     | ^^^^^^^^^^^^^^^^
> 17 |     Page,
     | ^^^^^^^^^
> 18 |     Status,
     | ^^^^^^^^^^^
> 19 |     Tab,
     | ^^^^^^^^
> 20 |     Tabs,
     | ^^^^^^^^^
> 21 |     Title
     | ^^^^^^^^^
> 22 | } from '@/components/pages/LoginPage/LoginPage.styled';
     | ^^^^^^^^^^^^^^^^^^^^^^^^^^^^^^^^^^^^^^^^^^^^^^^^^^^^^^^
  23 |
  24 | type User = { username: string; email: string; password: string };
  25 |

The export Error was not found in module [project]/src/components/pages/LoginPage/LoginPage.styled.tsx [ssr] (ecmascript).
Did you mean to import Form?
All exports of the module are statically known (It doesn't have dynamic exports). So it's known statically that the requested export doesn't exist. @ http://localhost:3000/_next/static/chunks/node_modules_next_dist_0bc8q4g._.js:1952
[ 8532273ms] [ERROR] ./src/pages/login.tsx:6:1
Export Status doesn't exist in target module
   4 | import { serverSideTranslations } from 'next-i18next/serverSideTranslations';
   5 | import { useRouter } from 'next/router';
>  6 | import {
     | ^^^^^^^
>  7 |     Action,
     | ^^^^^^^^^^^
>  8 |     AuxiliaryAction,
     | ^^^^^^^^^^^^^^^^^^^^
>  9 |     CheckboxRow,
     | ^^^^^^^^^^^^^^^^
> 10 |     Close,
     | ^^^^^^^^^^
> 11 |     Error,
     | ^^^^^^^^^^
> 12 |     Form,
     | ^^^^^^^^^
> 13 |     Input,
     | ^^^^^^^^^^
> 14 |     Modal,
     | ^^^^^^^^^^
> 15 |     ModalBody,
     | ^^^^^^^^^^^^^^
> 16 |     ModalHeader,
     | ^^^^^^^^^^^^^^^^
> 17 |     Page,
     | ^^^^^^^^^
> 18 |     Status,
     | ^^^^^^^^^^^
> 19 |     Tab,
     | ^^^^^^^^
> 20 |     Tabs,
     | ^^^^^^^^^
> 21 |     Title
     | ^^^^^^^^^
> 22 | } from '@/components/pages/LoginPage/LoginPage.styled';
     | ^^^^^^^^^^^^^^^^^^^^^^^^^^^^^^^^^^^^^^^^^^^^^^^^^^^^^^^
  23 |
  24 | type User = { username: string; email: string; password: string };
  25 |

The export Status was not found in module [project]/src/components/pages/LoginPage/LoginPage.styled.tsx [client] (ecmascript).
Did you mean to import Tabs?
All exports of the module are statically known (It doesn't have dynamic exports). So it's known statically that the requested export doesn't exist. @ http://localhost:3000/_next/static/chunks/node_modules_next_dist_0bc8q4g._.js:1952
[ 8532274ms] [ERROR] ./src/pages/login.tsx:6:1
Export Status doesn't exist in target module
   4 | import { serverSideTranslations } from 'next-i18next/serverSideTranslations';
   5 | import { useRouter } from 'next/router';
>  6 | import {
     | ^^^^^^^
>  7 |     Action,
     | ^^^^^^^^^^^
>  8 |     AuxiliaryAction,
     | ^^^^^^^^^^^^^^^^^^^^
>  9 |     CheckboxRow,
     | ^^^^^^^^^^^^^^^^
> 10 |     Close,
     | ^^^^^^^^^^
> 11 |     Error,
     | ^^^^^^^^^^
> 12 |     Form,
     | ^^^^^^^^^
> 13 |     Input,
     | ^^^^^^^^^^
> 14 |     Modal,
     | ^^^^^^^^^^
> 15 |     ModalBody,
     | ^^^^^^^^^^^^^^
> 16 |     ModalHeader,
     | ^^^^^^^^^^^^^^^^
> 17 |     Page,
     | ^^^^^^^^^
> 18 |     Status,
     | ^^^^^^^^^^^
> 19 |     Tab,
     | ^^^^^^^^
> 20 |     Tabs,
     | ^^^^^^^^^
> 21 |     Title
     | ^^^^^^^^^
> 22 | } from '@/components/pages/LoginPage/LoginPage.styled';
     | ^^^^^^^^^^^^^^^^^^^^^^^^^^^^^^^^^^^^^^^^^^^^^^^^^^^^^^^
  23 |
  24 | type User = { username: string; email: string; password: string };
  25 |

The export Status was not found in module [project]/src/components/pages/LoginPage/LoginPage.styled.tsx [ssr] (ecmascript).
Did you mean to import Tabs?
All exports of the module are statically known (It doesn't have dynamic exports). So it's known statically that the requested export doesn't exist. @ http://localhost:3000/_next/static/chunks/node_modules_next_dist_0bc8q4g._.js:1952
[ 8532320ms] [LOG] [Fast Refresh] rebuilding @ http://localhost:3000/_next/static/chunks/node_modules_next_dist_0bc8q4g._.js:1233
[ 8576202ms] [ERROR] ./src/pages/login.tsx:6:1
Export Action doesn't exist in target module
   4 | import { serverSideTranslations } from 'next-i18next/serverSideTranslations';
   5 | import { useRouter } from 'next/router';
>  6 | import {
     | ^^^^^^^
>  7 |     Action,
     | ^^^^^^^^^^^
>  8 |     AuxiliaryAction,
     | ^^^^^^^^^^^^^^^^^^^^
>  9 |     CheckboxRow,
     | ^^^^^^^^^^^^^^^^
> 10 |     Close,
     | ^^^^^^^^^^
> 11 |     Error,
     | ^^^^^^^^^^
> 12 |     Form,
     | ^^^^^^^^^
> 13 |     Input,
     | ^^^^^^^^^^
> 14 |     Modal,
     | ^^^^^^^^^^
> 15 |     ModalBody,
     | ^^^^^^^^^^^^^^
> 16 |     ModalHeader,
     | ^^^^^^^^^^^^^^^^
> 17 |     Page,
     | ^^^^^^^^^
> 18 |     Status,
     | ^^^^^^^^^^^
> 19 |     Tab,
     | ^^^^^^^^
> 20 |     Tabs,
     | ^^^^^^^^^
> 21 |     Title
     | ^^^^^^^^^
> 22 | } from '@/components/pages/LoginPage/LoginPage.styled';
     | ^^^^^^^^^^^^^^^^^^^^^^^^^^^^^^^^^^^^^^^^^^^^^^^^^^^^^^^
  23 |
  24 | type User = { username: string; email: string; password: string };
  25 |

The export Action was not found in module [project]/src/components/pages/LoginPage/LoginPage.styled.tsx [client] (ecmascript).
Did you mean to import CheckboxRow?
All exports of the module are statically known (It doesn't have dynamic exports). So it's known statically that the requested export doesn't exist. @ http://localhost:3000/_next/static/chunks/node_modules_next_dist_0bc8q4g._.js:1952
[ 8576202ms] [ERROR] ./src/pages/login.tsx:6:1
Export Action doesn't exist in target module
   4 | import { serverSideTranslations } from 'next-i18next/serverSideTranslations';
   5 | import { useRouter } from 'next/router';
>  6 | import {
     | ^^^^^^^
>  7 |     Action,
     | ^^^^^^^^^^^
>  8 |     AuxiliaryAction,
     | ^^^^^^^^^^^^^^^^^^^^
>  9 |     CheckboxRow,
     | ^^^^^^^^^^^^^^^^
> 10 |     Close,
     | ^^^^^^^^^^
> 11 |     Error,
     | ^^^^^^^^^^
> 12 |     Form,
     | ^^^^^^^^^
> 13 |     Input,
     | ^^^^^^^^^^
> 14 |     Modal,
     | ^^^^^^^^^^
> 15 |     ModalBody,
     | ^^^^^^^^^^^^^^
> 16 |     ModalHeader,
     | ^^^^^^^^^^^^^^^^
> 17 |     Page,
     | ^^^^^^^^^
> 18 |     Status,
     | ^^^^^^^^^^^
> 19 |     Tab,
     | ^^^^^^^^
> 20 |     Tabs,
     | ^^^^^^^^^
> 21 |     Title
     | ^^^^^^^^^
> 22 | } from '@/components/pages/LoginPage/LoginPage.styled';
     | ^^^^^^^^^^^^^^^^^^^^^^^^^^^^^^^^^^^^^^^^^^^^^^^^^^^^^^^
  23 |
  24 | type User = { username: string; email: string; password: string };
  25 |

The export Action was not found in module [project]/src/components/pages/LoginPage/LoginPage.styled.tsx [ssr] (ecmascript).
Did you mean to import CheckboxRow?
All exports of the module are statically known (It doesn't have dynamic exports). So it's known statically that the requested export doesn't exist. @ http://localhost:3000/_next/static/chunks/node_modules_next_dist_0bc8q4g._.js:1952
[ 8576203ms] [ERROR] ./src/pages/login.tsx:6:1
Export AuxiliaryAction doesn't exist in target module
   4 | import { serverSideTranslations } from 'next-i18next/serverSideTranslations';
   5 | import { useRouter } from 'next/router';
>  6 | import {
     | ^^^^^^^
>  7 |     Action,
     | ^^^^^^^^^^^
>  8 |     AuxiliaryAction,
     | ^^^^^^^^^^^^^^^^^^^^
>  9 |     CheckboxRow,
     | ^^^^^^^^^^^^^^^^
> 10 |     Close,
     | ^^^^^^^^^^
> 11 |     Error,
     | ^^^^^^^^^^
> 12 |     Form,
     | ^^^^^^^^^
> 13 |     Input,
     | ^^^^^^^^^^
> 14 |     Modal,
     | ^^^^^^^^^^
> 15 |     ModalBody,
     | ^^^^^^^^^^^^^^
> 16 |     ModalHeader,
     | ^^^^^^^^^^^^^^^^
> 17 |     Page,
     | ^^^^^^^^^
> 18 |     Status,
     | ^^^^^^^^^^^
> 19 |     Tab,
     | ^^^^^^^^
> 20 |     Tabs,
     | ^^^^^^^^^
> 21 |     Title
     | ^^^^^^^^^
> 22 | } from '@/components/pages/LoginPage/LoginPage.styled';
     | ^^^^^^^^^^^^^^^^^^^^^^^^^^^^^^^^^^^^^^^^^^^^^^^^^^^^^^^
  23 |
  24 | type User = { username: string; email: string; password: string };
  25 |

The export AuxiliaryAction was not found in module [project]/src/components/pages/LoginPage/LoginPage.styled.tsx [client] (ecmascript).
Did you mean to import Title?
All exports of the module are statically known (It doesn't have dynamic exports). So it's known statically that the requested export doesn't exist. @ http://localhost:3000/_next/static/chunks/node_modules_next_dist_0bc8q4g._.js:1952
[ 8576203ms] [ERROR] ./src/pages/login.tsx:6:1
Export AuxiliaryAction doesn't exist in target module
   4 | import { serverSideTranslations } from 'next-i18next/serverSideTranslations';
   5 | import { useRouter } from 'next/router';
>  6 | import {
     | ^^^^^^^
>  7 |     Action,
     | ^^^^^^^^^^^
>  8 |     AuxiliaryAction,
     | ^^^^^^^^^^^^^^^^^^^^
>  9 |     CheckboxRow,
     | ^^^^^^^^^^^^^^^^
> 10 |     Close,
     | ^^^^^^^^^^
> 11 |     Error,
     | ^^^^^^^^^^
> 12 |     Form,
     | ^^^^^^^^^
> 13 |     Input,
     | ^^^^^^^^^^
> 14 |     Modal,
     | ^^^^^^^^^^
> 15 |     ModalBody,
     | ^^^^^^^^^^^^^^
> 16 |     ModalHeader,
     | ^^^^^^^^^^^^^^^^
> 17 |     Page,
     | ^^^^^^^^^
> 18 |     Status,
     | ^^^^^^^^^^^
> 19 |     Tab,
     | ^^^^^^^^
> 20 |     Tabs,
     | ^^^^^^^^^
> 21 |     Title
     | ^^^^^^^^^
> 22 | } from '@/components/pages/LoginPage/LoginPage.styled';
     | ^^^^^^^^^^^^^^^^^^^^^^^^^^^^^^^^^^^^^^^^^^^^^^^^^^^^^^^
  23 |
  24 | type User = { username: string; email: string; password: string };
  25 |

The export AuxiliaryAction was not found in module [project]/src/components/pages/LoginPage/LoginPage.styled.tsx [ssr] (ecmascript).
Did you mean to import Title?
All exports of the module are statically known (It doesn't have dynamic exports). So it's known statically that the requested export doesn't exist. @ http://localhost:3000/_next/static/chunks/node_modules_next_dist_0bc8q4g._.js:1952
[ 8576203ms] [ERROR] ./src/pages/login.tsx:6:1
Export Error doesn't exist in target module
   4 | import { serverSideTranslations } from 'next-i18next/serverSideTranslations';
   5 | import { useRouter } from 'next/router';
>  6 | import {
     | ^^^^^^^
>  7 |     Action,
     | ^^^^^^^^^^^
>  8 |     AuxiliaryAction,
     | ^^^^^^^^^^^^^^^^^^^^
>  9 |     CheckboxRow,
     | ^^^^^^^^^^^^^^^^
> 10 |     Close,
     | ^^^^^^^^^^
> 11 |     Error,
     | ^^^^^^^^^^
> 12 |     Form,
     | ^^^^^^^^^
> 13 |     Input,
     | ^^^^^^^^^^
> 14 |     Modal,
     | ^^^^^^^^^^
> 15 |     ModalBody,
     | ^^^^^^^^^^^^^^
> 16 |     ModalHeader,
     | ^^^^^^^^^^^^^^^^
> 17 |     Page,
     | ^^^^^^^^^
> 18 |     Status,
     | ^^^^^^^^^^^
> 19 |     Tab,
     | ^^^^^^^^
> 20 |     Tabs,
     | ^^^^^^^^^
> 21 |     Title
     | ^^^^^^^^^
> 22 | } from '@/components/pages/LoginPage/LoginPage.styled';
     | ^^^^^^^^^^^^^^^^^^^^^^^^^^^^^^^^^^^^^^^^^^^^^^^^^^^^^^^
  23 |
  24 | type User = { username: string; email: string; password: string };
  25 |

The export Error was not found in module [project]/src/components/pages/LoginPage/LoginPage.styled.tsx [client] (ecmascript).
Did you mean to import Form?
All exports of the module are statically known (It doesn't have dynamic exports). So it's known statically that the requested export doesn't exist. @ http://localhost:3000/_next/static/chunks/node_modules_next_dist_0bc8q4g._.js:1952
[ 8576204ms] [ERROR] ./src/pages/login.tsx:6:1
Export Error doesn't exist in target module
   4 | import { serverSideTranslations } from 'next-i18next/serverSideTranslations';
   5 | import { useRouter } from 'next/router';
>  6 | import {
     | ^^^^^^^
>  7 |     Action,
     | ^^^^^^^^^^^
>  8 |     AuxiliaryAction,
     | ^^^^^^^^^^^^^^^^^^^^
>  9 |     CheckboxRow,
     | ^^^^^^^^^^^^^^^^
> 10 |     Close,
     | ^^^^^^^^^^
> 11 |     Error,
     | ^^^^^^^^^^
> 12 |     Form,
     | ^^^^^^^^^
> 13 |     Input,
     | ^^^^^^^^^^
> 14 |     Modal,
     | ^^^^^^^^^^
> 15 |     ModalBody,
     | ^^^^^^^^^^^^^^
> 16 |     ModalHeader,
     | ^^^^^^^^^^^^^^^^
> 17 |     Page,
     | ^^^^^^^^^
> 18 |     Status,
     | ^^^^^^^^^^^
> 19 |     Tab,
     | ^^^^^^^^
> 20 |     Tabs,
     | ^^^^^^^^^
> 21 |     Title
     | ^^^^^^^^^
> 22 | } from '@/components/pages/LoginPage/LoginPage.styled';
     | ^^^^^^^^^^^^^^^^^^^^^^^^^^^^^^^^^^^^^^^^^^^^^^^^^^^^^^^
  23 |
  24 | type User = { username: string; email: string; password: string };
  25 |

The export Error was not found in module [project]/src/components/pages/LoginPage/LoginPage.styled.tsx [ssr] (ecmascript).
Did you mean to import Form?
All exports of the module are statically known (It doesn't have dynamic exports). So it's known statically that the requested export doesn't exist. @ http://localhost:3000/_next/static/chunks/node_modules_next_dist_0bc8q4g._.js:1952
[ 8576209ms] [ERROR] ./src/pages/login.tsx:6:1
Export Status doesn't exist in target module
   4 | import { serverSideTranslations } from 'next-i18next/serverSideTranslations';
   5 | import { useRouter } from 'next/router';
>  6 | import {
     | ^^^^^^^
>  7 |     Action,
     | ^^^^^^^^^^^
>  8 |     AuxiliaryAction,
     | ^^^^^^^^^^^^^^^^^^^^
>  9 |     CheckboxRow,
     | ^^^^^^^^^^^^^^^^
> 10 |     Close,
     | ^^^^^^^^^^
> 11 |     Error,
     | ^^^^^^^^^^
> 12 |     Form,
     | ^^^^^^^^^
> 13 |     Input,
     | ^^^^^^^^^^
> 14 |     Modal,
     | ^^^^^^^^^^
> 15 |     ModalBody,
     | ^^^^^^^^^^^^^^
> 16 |     ModalHeader,
     | ^^^^^^^^^^^^^^^^
> 17 |     Page,
     | ^^^^^^^^^
> 18 |     Status,
     | ^^^^^^^^^^^
> 19 |     Tab,
     | ^^^^^^^^
> 20 |     Tabs,
     | ^^^^^^^^^
> 21 |     Title
     | ^^^^^^^^^
> 22 | } from '@/components/pages/LoginPage/LoginPage.styled';
     | ^^^^^^^^^^^^^^^^^^^^^^^^^^^^^^^^^^^^^^^^^^^^^^^^^^^^^^^
  23 |
  24 | type User = { username: string; email: string; password: string };
  25 |

The export Status was not found in module [project]/src/components/pages/LoginPage/LoginPage.styled.tsx [client] (ecmascript).
Did you mean to import Tabs?
All exports of the module are statically known (It doesn't have dynamic exports). So it's known statically that the requested export doesn't exist. @ http://localhost:3000/_next/static/chunks/node_modules_next_dist_0bc8q4g._.js:1952
[ 8576209ms] [ERROR] ./src/pages/login.tsx:6:1
Export Status doesn't exist in target module
   4 | import { serverSideTranslations } from 'next-i18next/serverSideTranslations';
   5 | import { useRouter } from 'next/router';
>  6 | import {
     | ^^^^^^^
>  7 |     Action,
     | ^^^^^^^^^^^
>  8 |     AuxiliaryAction,
     | ^^^^^^^^^^^^^^^^^^^^
>  9 |     CheckboxRow,
     | ^^^^^^^^^^^^^^^^
> 10 |     Close,
     | ^^^^^^^^^^
> 11 |     Error,
     | ^^^^^^^^^^
> 12 |     Form,
     | ^^^^^^^^^
> 13 |     Input,
     | ^^^^^^^^^^
> 14 |     Modal,
     | ^^^^^^^^^^
> 15 |     ModalBody,
     | ^^^^^^^^^^^^^^
> 16 |     ModalHeader,
     | ^^^^^^^^^^^^^^^^
> 17 |     Page,
     | ^^^^^^^^^
> 18 |     Status,
     | ^^^^^^^^^^^
> 19 |     Tab,
     | ^^^^^^^^
> 20 |     Tabs,
     | ^^^^^^^^^
> 21 |     Title
     | ^^^^^^^^^
> 22 | } from '@/components/pages/LoginPage/LoginPage.styled';
     | ^^^^^^^^^^^^^^^^^^^^^^^^^^^^^^^^^^^^^^^^^^^^^^^^^^^^^^^
  23 |
  24 | type User = { username: string; email: string; password: string };
  25 |

The export Status was not found in module [project]/src/components/pages/LoginPage/LoginPage.styled.tsx [ssr] (ecmascript).
Did you mean to import Tabs?
All exports of the module are statically known (It doesn't have dynamic exports). So it's known statically that the requested export doesn't exist. @ http://localhost:3000/_next/static/chunks/node_modules_next_dist_0bc8q4g._.js:1952
[ 8576211ms] [LOG] [Fast Refresh] rebuilding @ http://localhost:3000/_next/static/chunks/node_modules_next_dist_0bc8q4g._.js:1233
[ 8585019ms] [LOG] [Fast Refresh] rebuilding @ http://localhost:3000/_next/static/chunks/node_modules_next_dist_0bc8q4g._.js:1233
[ 8585552ms] [WARNING] [Fast Refresh] performing full reload because your application had an unrecoverable error @ http://localhost:3000/_next/static/chunks/node_modules_next_dist_0bc8q4g._.js:1233
[ 8585562ms] [WARNING] [Fast Refresh] performing full reload because your application had an unrecoverable error @ http://localhost:3000/_next/static/chunks/node_modules_next_dist_0bc8q4g._.js:1233
[ 8585564ms] [LOG] [Fast Refresh] done in 580ms @ http://localhost:3000/_next/static/chunks/node_modules_next_dist_0bc8q4g._.js:1233
[ 8585704ms] [LOG] [Fast Refresh] rebuilding @ http://localhost:3000/_next/static/chunks/node_modules_next_dist_0bc8q4g._.js:1233
[ 8586084ms] [LOG] [Fast Refresh] done in 492ms @ http://localhost:3000/_next/static/chunks/node_modules_next_dist_0bc8q4g._.js:1233
[ 8586703ms] [INFO] %cDownload the React DevTools for a better development experience: https://reactjs.org/link/react-devtools font-weight:bold @ http://localhost:3000/_next/static/chunks/node_modules_react-dom_cjs_react-dom_development_07i0ttg.js:25055
[ 8586934ms] [LOG] [HMR] connected @ http://localhost:3000/_next/static/chunks/node_modules_next_dist_0bc8q4g._.js:1233
[ 8606112ms] [LOG] [Fast Refresh] rebuilding @ http://localhost:3000/_next/static/chunks/node_modules_next_dist_0bc8q4g._.js:1233
[ 8610195ms] [LOG] [Fast Refresh] done in 282ms @ http://localhost:3000/_next/static/chunks/node_modules_next_dist_0bc8q4g._.js:1233
[ 8624710ms] [LOG] [Fast Refresh] rebuilding @ http://localhost:3000/_next/static/chunks/node_modules_next_dist_0bc8q4g._.js:1233
[ 8624887ms] [LOG] [Fast Refresh] done in 277ms @ http://localhost:3000/_next/static/chunks/node_modules_next_dist_0bc8q4g._.js:1233
[ 8648188ms] [LOG] [Fast Refresh] rebuilding @ http://localhost:3000/_next/static/chunks/node_modules_next_dist_0bc8q4g._.js:1233
[ 8651127ms] [LOG] [Fast Refresh] done in 2856ms @ http://localhost:3000/_next/static/chunks/node_modules_next_dist_0bc8q4g._.js:1233
[ 8665476ms] [LOG] [Fast Refresh] rebuilding @ http://localhost:3000/_next/static/chunks/node_modules_next_dist_0bc8q4g._.js:1233
[ 8667865ms] [LOG] [Fast Refresh] done in 2493ms @ http://localhost:3000/_next/static/chunks/node_modules_next_dist_0bc8q4g._.js:1233
[ 8667972ms] [LOG] [Fast Refresh] rebuilding @ http://localhost:3000/_next/static/chunks/node_modules_next_dist_0bc8q4g._.js:1233
[ 8668610ms] [LOG] [Fast Refresh] done in 745ms @ http://localhost:3000/_next/static/chunks/node_modules_next_dist_0bc8q4g._.js:1233
[ 8668796ms] [LOG] [Fast Refresh] rebuilding @ http://localhost:3000/_next/static/chunks/node_modules_next_dist_0bc8q4g._.js:1233
[ 8668841ms] [LOG] [Fast Refresh] done in 159ms @ http://localhost:3000/_next/static/chunks/node_modules_next_dist_0bc8q4g._.js:1233
[ 8668952ms] [LOG] [Fast Refresh] rebuilding @ http://localhost:3000/_next/static/chunks/node_modules_next_dist_0bc8q4g._.js:1233
[ 8669002ms] [LOG] [Fast Refresh] done in 152ms @ http://localhost:3000/_next/static/chunks/node_modules_next_dist_0bc8q4g._.js:1233
[ 8669302ms] [LOG] [Fast Refresh] rebuilding @ http://localhost:3000/_next/static/chunks/node_modules_next_dist_0bc8q4g._.js:1233
[ 8669344ms] [LOG] [Fast Refresh] done in 149ms @ http://localhost:3000/_next/static/chunks/node_modules_next_dist_0bc8q4g._.js:1233
[ 8684316ms] [LOG] [Fast Refresh] rebuilding @ http://localhost:3000/_next/static/chunks/node_modules_next_dist_0bc8q4g._.js:1233
[ 8684494ms] [ERROR] ./src/pages/login.tsx:174:25
Expected '</', got ')'
  172 |                                 <AuxiliaryAction type="button" onClick={() => { setMode('...
  173 |                             </Form>
> 174 |                         ) : (
      |                         ^
  175 |                             <Form onSubmit={handleRegister}>
  176 |                                 <label htmlFor="reg-name">{isRu ? 'Имя пользователя' : 'U...
  177 |                                 <Input id="reg-name" name="username" autoComplete="userna...

Parsing ecmascript source code failed @ http://localhost:3000/_next/static/chunks/node_modules_next_dist_0bc8q4g._.js:1952
[ 8684550ms] [ERROR] ./src/pages/login.tsx:174:25
Expected '</', got ')'
  172 |                                 <AuxiliaryAction type="button" onClick={() => { setMode('...
  173 |                             </Form>
> 174 |                         ) : (
      |                         ^
  175 |                             <Form onSubmit={handleRegister}>
  176 |                                 <label htmlFor="reg-name">{isRu ? 'Имя пользователя' : 'U...
  177 |                                 <Input id="reg-name" name="username" autoComplete="userna...

Parsing ecmascript source code failed @ http://localhost:3000/_next/static/chunks/node_modules_next_dist_0bc8q4g._.js:1952
[ 8684654ms] [LOG] [Fast Refresh] rebuilding @ http://localhost:3000/_next/static/chunks/node_modules_next_dist_0bc8q4g._.js:1233
[ 8684755ms] [ERROR] ./src/pages/login.tsx:174:25
Expected '</', got ')'
  172 |                                 <AuxiliaryAction type="button" onClick={() => { setMode('...
  173 |                             </Form>
> 174 |                         ) : (
      |                         ^
  175 |                             <Form onSubmit={handleRegister}>
  176 |                                 <label htmlFor="reg-name">{isRu ? 'Имя пользователя' : 'U...
  177 |                                 <Input id="reg-name" name="username" autoComplete="userna...

Parsing ecmascript source code failed @ http://localhost:3000/_next/static/chunks/node_modules_next_dist_0bc8q4g._.js:1952
[ 8684815ms] [LOG] [Fast Refresh] rebuilding @ http://localhost:3000/_next/static/chunks/node_modules_next_dist_0bc8q4g._.js:1233
[ 8694088ms] [ERROR] ./src/pages/login.tsx:174:25
Expected '</', got ')'
  172 |                                 <AuxiliaryAction type="button" onClick={() => { setMode('...
  173 |                             </Form>
> 174 |                         ) : (
      |                         ^
  175 |                             <Form onSubmit={handleRegister}>
  176 |                                 <label htmlFor="reg-name">{isRu ? 'Имя пользователя' : 'U...
  177 |                                 <Input id="reg-name" name="username" autoComplete="userna...

Parsing ecmascript source code failed @ http://localhost:3000/_next/static/chunks/node_modules_next_dist_0bc8q4g._.js:1952
[ 8694149ms] [LOG] [Fast Refresh] rebuilding @ http://localhost:3000/_next/static/chunks/node_modules_next_dist_0bc8q4g._.js:1233
[ 8705084ms] [ERROR] ./src/pages/login.tsx:174:25
Expected '</', got ')'
  172 |                                 <AuxiliaryAction type="button" onClick={() => { setMode('...
  173 |                             </Form>
> 174 |                         ) : (
      |                         ^
  175 |                             <Form onSubmit={handleRegister}>
  176 |                                 <label htmlFor="reg-name">{isRu ? 'Имя пользователя' : 'U...
  177 |                                 <Input id="reg-name" name="username" autoComplete="userna...

Parsing ecmascript source code failed @ http://localhost:3000/_next/static/chunks/node_modules_next_dist_0bc8q4g._.js:1952
[ 8705143ms] [LOG] [Fast Refresh] rebuilding @ http://localhost:3000/_next/static/chunks/node_modules_next_dist_0bc8q4g._.js:1233
[ 8712086ms] [ERROR] ./src/pages/login.tsx:174:25
Expected '</', got ')'
  172 |                                 <AuxiliaryAction type="button" onClick={() => { setMode('...
  173 |                             </Form>
> 174 |                         ) : (
      |                         ^
  175 |                             <Form onSubmit={handleRegister}>
  176 |                                 <label htmlFor="reg-name">{isRu ? 'Имя пользователя' : 'U...
  177 |                                 <Input id="reg-name" name="username" autoComplete="userna...

Parsing ecmascript source code failed @ http://localhost:3000/_next/static/chunks/node_modules_next_dist_0bc8q4g._.js:1952
[ 8712142ms] [LOG] [Fast Refresh] rebuilding @ http://localhost:3000/_next/static/chunks/node_modules_next_dist_0bc8q4g._.js:1233
[ 8719921ms] [LOG] [Fast Refresh] rebuilding @ http://localhost:3000/_next/static/chunks/node_modules_next_dist_0bc8q4g._.js:1233
[ 8720000ms] [LOG] [Fast Refresh] done in 156ms @ http://localhost:3000/_next/static/chunks/node_modules_next_dist_0bc8q4g._.js:1233
[ 8720141ms] [LOG] [Fast Refresh] rebuilding @ http://localhost:3000/_next/static/chunks/node_modules_next_dist_0bc8q4g._.js:1233
[ 8721389ms] [INFO] %cDownload the React DevTools for a better development experience: https://reactjs.org/link/react-devtools font-weight:bold @ http://localhost:3000/_next/static/chunks/node_modules_react-dom_cjs_react-dom_development_07i0ttg.js:25055
[ 8721624ms] [LOG] [HMR] connected @ http://localhost:3000/_next/static/chunks/node_modules_next_dist_0bc8q4g._.js:1233
[ 8741969ms] [LOG] [Fast Refresh] rebuilding @ http://localhost:3000/_next/static/chunks/node_modules_next_dist_0bc8q4g._.js:1233
[ 8742128ms] [ERROR] ./src/pages/login.tsx:191:25
Expected '</', got ')'
  189 |                                 <Action type="submit">{isRu ? 'Зарегистрироваться' : 'Reg...
  190 |                             </Form>
> 191 |                         )}
      |                         ^
  192 |                     </ModalBody>
  193 |                 </Modal>
  194 |             </Page>

Parsing ecmascript source code failed @ http://localhost:3000/_next/static/chunks/node_modules_next_dist_0bc8q4g._.js:1952
[ 8742213ms] [ERROR] ./src/pages/login.tsx:191:25
Expected '</', got ')'
  189 |                                 <Action type="submit">{isRu ? 'Зарегистрироваться' : 'Reg...
  190 |                             </Form>
> 191 |                         )}
      |                         ^
  192 |                     </ModalBody>
  193 |                 </Modal>
  194 |             </Page>

Parsing ecmascript source code failed @ http://localhost:3000/_next/static/chunks/node_modules_next_dist_0bc8q4g._.js:1952
[ 8742233ms] [LOG] [Fast Refresh] rebuilding @ http://localhost:3000/_next/static/chunks/node_modules_next_dist_0bc8q4g._.js:1233
[ 8742473ms] [ERROR] ./src/pages/login.tsx:191:25
Expected '</', got ')'
  189 |                                 <Action type="submit">{isRu ? 'Зарегистрироваться' : 'Reg...
  190 |                             </Form>
> 191 |                         )}
      |                         ^
  192 |                     </ModalBody>
  193 |                 </Modal>
  194 |             </Page>

Parsing ecmascript source code failed @ http://localhost:3000/_next/static/chunks/node_modules_next_dist_0bc8q4g._.js:1952
[ 8742513ms] [LOG] [Fast Refresh] rebuilding @ http://localhost:3000/_next/static/chunks/node_modules_next_dist_0bc8q4g._.js:1233
[ 8749198ms] [ERROR] ./src/pages/login.tsx:191:25
Expected '</', got ')'
  189 |                                 <Action type="submit">{isRu ? 'Зарегистрироваться' : 'Reg...
  190 |                             </Form>
> 191 |                         )}
      |                         ^
  192 |                     </ModalBody>
  193 |                 </Modal>
  194 |             </Page>

Parsing ecmascript source code failed @ http://localhost:3000/_next/static/chunks/node_modules_next_dist_0bc8q4g._.js:1952
[ 8749259ms] [LOG] [Fast Refresh] rebuilding @ http://localhost:3000/_next/static/chunks/node_modules_next_dist_0bc8q4g._.js:1233
[ 8754103ms] [ERROR] ./src/pages/login.tsx:191:25
Expected '</', got ')'
  189 |                                 <Action type="submit">{isRu ? 'Зарегистрироваться' : 'Reg...
  190 |                             </Form>
> 191 |                         )}
      |                         ^
  192 |                     </ModalBody>
  193 |                 </Modal>
  194 |             </Page>

Parsing ecmascript source code failed @ http://localhost:3000/_next/static/chunks/node_modules_next_dist_0bc8q4g._.js:1952
[ 8754177ms] [LOG] [Fast Refresh] rebuilding @ http://localhost:3000/_next/static/chunks/node_modules_next_dist_0bc8q4g._.js:1233
[ 8760461ms] [LOG] [Fast Refresh] rebuilding @ http://localhost:3000/_next/static/chunks/node_modules_next_dist_0bc8q4g._.js:1233
[ 8764599ms] [LOG] [Fast Refresh] done in 4349ms @ http://localhost:3000/_next/static/chunks/node_modules_next_dist_0bc8q4g._.js:1233
[ 8764755ms] [LOG] [Fast Refresh] rebuilding @ http://localhost:3000/_next/static/chunks/node_modules_next_dist_0bc8q4g._.js:1233
[ 8764866ms] [LOG] [Fast Refresh] done in 214ms @ http://localhost:3000/_next/static/chunks/node_modules_next_dist_0bc8q4g._.js:1233
[ 8765004ms] [LOG] [Fast Refresh] rebuilding @ http://localhost:3000/_next/static/chunks/node_modules_next_dist_0bc8q4g._.js:1233
[ 8765862ms] [INFO] %cDownload the React DevTools for a better development experience: https://reactjs.org/link/react-devtools font-weight:bold @ http://localhost:3000/_next/static/chunks/node_modules_react-dom_cjs_react-dom_development_07i0ttg.js:25055
[ 8766093ms] [LOG] [HMR] connected @ http://localhost:3000/_next/static/chunks/node_modules_next_dist_0bc8q4g._.js:1233
[ 8779434ms] [LOG] [Fast Refresh] rebuilding @ http://localhost:3000/_next/static/chunks/node_modules_next_dist_0bc8q4g._.js:1233
[ 8779649ms] [LOG] [Fast Refresh] done in 49ms @ http://localhost:3000/_next/static/chunks/node_modules_next_dist_0bc8q4g._.js:1233
[ 8800800ms] [LOG] [Fast Refresh] rebuilding @ http://localhost:3000/_next/static/chunks/node_modules_next_dist_0bc8q4g._.js:1233
[ 8800803ms] [LOG] [Fast Refresh] done in 73ms @ http://localhost:3000/_next/static/chunks/node_modules_next_dist_0bc8q4g._.js:1233
[ 8800926ms] [LOG] [Fast Refresh] rebuilding @ http://localhost:3000/_next/static/chunks/node_modules_next_dist_0bc8q4g._.js:1233
[ 8801032ms] [LOG] [Fast Refresh] done in 214ms @ http://localhost:3000/_next/static/chunks/node_modules_next_dist_0bc8q4g._.js:1233
[ 8801144ms] [LOG] [Fast Refresh] rebuilding @ http://localhost:3000/_next/static/chunks/node_modules_next_dist_0bc8q4g._.js:1233
[ 8801165ms] [LOG] [Fast Refresh] done in 129ms @ http://localhost:3000/_next/static/chunks/node_modules_next_dist_0bc8q4g._.js:1233
[ 8822005ms] [LOG] [Fast Refresh] rebuilding @ http://localhost:3000/_next/static/chunks/node_modules_next_dist_0bc8q4g._.js:1233
[ 8822215ms] [LOG] [Fast Refresh] done in 61ms @ http://localhost:3000/_next/static/chunks/node_modules_next_dist_0bc8q4g._.js:1233
[ 8883053ms] [LOG] [Fast Refresh] rebuilding @ http://localhost:3000/_next/static/chunks/node_modules_next_dist_0bc8q4g._.js:1233
[ 8883066ms] [LOG] [Fast Refresh] done in 51ms @ http://localhost:3000/_next/static/chunks/node_modules_next_dist_0bc8q4g._.js:1233
[ 8883171ms] [LOG] [Fast Refresh] rebuilding @ http://localhost:3000/_next/static/chunks/node_modules_next_dist_0bc8q4g._.js:1233
[ 8883216ms] [LOG] [Fast Refresh] done in 148ms @ http://localhost:3000/_next/static/chunks/node_modules_next_dist_0bc8q4g._.js:1233
[ 8901406ms] [LOG] [Fast Refresh] rebuilding @ http://localhost:3000/_next/static/chunks/node_modules_next_dist_0bc8q4g._.js:1233
[ 8901409ms] [LOG] [Fast Refresh] done in 86ms @ http://localhost:3000/_next/static/chunks/node_modules_next_dist_0bc8q4g._.js:1233
[ 8901528ms] [LOG] [Fast Refresh] rebuilding @ http://localhost:3000/_next/static/chunks/node_modules_next_dist_0bc8q4g._.js:1233
[ 8901679ms] [LOG] [Fast Refresh] done in 259ms @ http://localhost:3000/_next/static/chunks/node_modules_next_dist_0bc8q4g._.js:1233
[ 8935079ms] [LOG] [Fast Refresh] rebuilding @ http://localhost:3000/_next/static/chunks/node_modules_next_dist_0bc8q4g._.js:1233
[ 8935094ms] [LOG] [Fast Refresh] done in 53ms @ http://localhost:3000/_next/static/chunks/node_modules_next_dist_0bc8q4g._.js:1233
[ 8935198ms] [LOG] [Fast Refresh] rebuilding @ http://localhost:3000/_next/static/chunks/node_modules_next_dist_0bc8q4g._.js:1233
[ 8935278ms] [LOG] [Fast Refresh] done in 183ms @ http://localhost:3000/_next/static/chunks/node_modules_next_dist_0bc8q4g._.js:1233
[ 8935509ms] [LOG] [Fast Refresh] rebuilding @ http://localhost:3000/_next/static/chunks/node_modules_next_dist_0bc8q4g._.js:1233
[ 8936582ms] [LOG] [Fast Refresh] done in 1177ms @ http://localhost:3000/_next/static/chunks/node_modules_next_dist_0bc8q4g._.js:1233
[ 8941169ms] [LOG] [Fast Refresh] rebuilding @ http://localhost:3000/_next/static/chunks/node_modules_next_dist_0bc8q4g._.js:1233
[ 8941215ms] [LOG] [Fast Refresh] done in 115ms @ http://localhost:3000/_next/static/chunks/node_modules_next_dist_0bc8q4g._.js:1233
[ 8941327ms] [LOG] [Fast Refresh] rebuilding @ http://localhost:3000/_next/static/chunks/node_modules_next_dist_0bc8q4g._.js:1233
[ 8941454ms] [LOG] [Fast Refresh] done in 238ms @ http://localhost:3000/_next/static/chunks/node_modules_next_dist_0bc8q4g._.js:1233
[ 8942475ms] [LOG] [Fast Refresh] rebuilding @ http://localhost:3000/_next/static/chunks/node_modules_next_dist_0bc8q4g._.js:1233
[ 8942517ms] [LOG] [Fast Refresh] done in 80ms @ http://localhost:3000/_next/static/chunks/node_modules_next_dist_0bc8q4g._.js:1233
[ 8942626ms] [LOG] [Fast Refresh] rebuilding @ http://localhost:3000/_next/static/chunks/node_modules_next_dist_0bc8q4g._.js:1233
[ 8942765ms] [LOG] [Fast Refresh] done in 246ms @ http://localhost:3000/_next/static/chunks/node_modules_next_dist_0bc8q4g._.js:1233
[ 8946094ms] [LOG] [Fast Refresh] rebuilding @ http://localhost:3000/_next/static/chunks/node_modules_next_dist_0bc8q4g._.js:1233
[ 8946172ms] [LOG] [Fast Refresh] done in 122ms @ http://localhost:3000/_next/static/chunks/node_modules_next_dist_0bc8q4g._.js:1233
[ 8946275ms] [LOG] [Fast Refresh] rebuilding @ http://localhost:3000/_next/static/chunks/node_modules_next_dist_0bc8q4g._.js:1233
[ 8946459ms] [LOG] [Fast Refresh] done in 287ms @ http://localhost:3000/_next/static/chunks/node_modules_next_dist_0bc8q4g._.js:1233
[ 8958116ms] [LOG] [Fast Refresh] rebuilding @ http://localhost:3000/_next/static/chunks/node_modules_next_dist_0bc8q4g._.js:1233
[ 8958119ms] [LOG] [Fast Refresh] done in 90ms @ http://localhost:3000/_next/static/chunks/node_modules_next_dist_0bc8q4g._.js:1233
[ 8958227ms] [LOG] [Fast Refresh] rebuilding @ http://localhost:3000/_next/static/chunks/node_modules_next_dist_0bc8q4g._.js:1233
[ 8958457ms] [LOG] [Fast Refresh] done in 332ms @ http://localhost:3000/_next/static/chunks/node_modules_next_dist_0bc8q4g._.js:1233
[ 8975946ms] [LOG] [Fast Refresh] rebuilding @ http://localhost:3000/_next/static/chunks/node_modules_next_dist_0bc8q4g._.js:1233
[ 8976091ms] [ERROR] ./src/pages/login.tsx:159:86
Expected '</', got 'jsx text'
  157 | ...           ) : (
  158 | ...               <LoginForm onSubmit={handleForgot}>
> 159 | ...                   <FieldLabel htmlFor="forgot-email">E-mail</label>
      |                                                                        ^^^^^^^^^^^^^^^^^^^^^
> 160 | ...                   <Input id="forgot-email" name="email" type="email" autoComplete="em...
      |    ^^^^^^^^^^^^^^^^^^^^^^^^^^^^^^^^^^^^
  161 | ...                   {error && <Error role="alert">{error}</Error>}
  162 | ...                   <Action type="submit">{isRu ? 'Отправить инструкции' : 'Send instru...
  163 | ...               </LoginForm>

Parsing ecmascript source code failed @ http://localhost:3000/_next/static/chunks/node_modules_next_dist_0bc8q4g._.js:1952
[ 8976219ms] [ERROR] ./src/pages/login.tsx:159:86
Expected '</', got 'jsx text'
  157 | ...           ) : (
  158 | ...               <LoginForm onSubmit={handleForgot}>
> 159 | ...                   <FieldLabel htmlFor="forgot-email">E-mail</label>
      |                                                                        ^^^^^^^^^^^^^^^^^^^^^
> 160 | ...                   <Input id="forgot-email" name="email" type="email" autoComplete="em...
      |    ^^^^^^^^^^^^^^^^^^^^^^^^^^^^^^^^^^^^
  161 | ...                   {error && <Error role="alert">{error}</Error>}
  162 | ...                   <Action type="submit">{isRu ? 'Отправить инструкции' : 'Send instru...
  163 | ...               </LoginForm>

Parsing ecmascript source code failed @ http://localhost:3000/_next/static/chunks/node_modules_next_dist_0bc8q4g._.js:1952
[ 8976256ms] [LOG] [Fast Refresh] rebuilding @ http://localhost:3000/_next/static/chunks/node_modules_next_dist_0bc8q4g._.js:1233
[ 8976397ms] [ERROR] ./src/pages/login.tsx:159:86
Expected '</', got 'jsx text'
  157 | ...           ) : (
  158 | ...               <LoginForm onSubmit={handleForgot}>
> 159 | ...                   <FieldLabel htmlFor="forgot-email">E-mail</label>
      |                                                                        ^^^^^^^^^^^^^^^^^^^^^
> 160 | ...                   <Input id="forgot-email" name="email" type="email" autoComplete="em...
      |    ^^^^^^^^^^^^^^^^^^^^^^^^^^^^^^^^^^^^
  161 | ...                   {error && <Error role="alert">{error}</Error>}
  162 | ...                   <Action type="submit">{isRu ? 'Отправить инструкции' : 'Send instru...
  163 | ...               </LoginForm>

Parsing ecmascript source code failed @ http://localhost:3000/_next/static/chunks/node_modules_next_dist_0bc8q4g._.js:1952
[ 8976455ms] [LOG] [Fast Refresh] rebuilding @ http://localhost:3000/_next/static/chunks/node_modules_next_dist_0bc8q4g._.js:1233
[ 8983238ms] [ERROR] ./src/pages/login.tsx:159:86
Expected '</', got 'jsx text'
  157 | ...           ) : (
  158 | ...               <LoginForm onSubmit={handleForgot}>
> 159 | ...                   <FieldLabel htmlFor="forgot-email">E-mail</label>
      |                                                                        ^^^^^^^^^^^^^^^^^^^^^
> 160 | ...                   <Input id="forgot-email" name="email" type="email" autoComplete="em...
      |    ^^^^^^^^^^^^^^^^^^^^^^^^^^^^^^^^^^^^
  161 | ...                   {error && <Error role="alert">{error}</Error>}
  162 | ...                   <Action type="submit">{isRu ? 'Отправить инструкции' : 'Send instru...
  163 | ...               </LoginForm>

Parsing ecmascript source code failed @ http://localhost:3000/_next/static/chunks/node_modules_next_dist_0bc8q4g._.js:1952
[ 8983313ms] [LOG] [Fast Refresh] rebuilding @ http://localhost:3000/_next/static/chunks/node_modules_next_dist_0bc8q4g._.js:1233
[ 8996758ms] [LOG] [Fast Refresh] rebuilding @ http://localhost:3000/_next/static/chunks/node_modules_next_dist_0bc8q4g._.js:1233
[ 8997268ms] [LOG] [Fast Refresh] done in 425ms @ http://localhost:3000/_next/static/chunks/node_modules_next_dist_0bc8q4g._.js:1233
[ 8997441ms] [LOG] [Fast Refresh] rebuilding @ http://localhost:3000/_next/static/chunks/node_modules_next_dist_0bc8q4g._.js:1233
[ 8997556ms] [LOG] [Fast Refresh] done in 226ms @ http://localhost:3000/_next/static/chunks/node_modules_next_dist_0bc8q4g._.js:1233
[ 8997763ms] [LOG] [Fast Refresh] rebuilding @ http://localhost:3000/_next/static/chunks/node_modules_next_dist_0bc8q4g._.js:1233
[ 8998584ms] [INFO] %cDownload the React DevTools for a better development experience: https://reactjs.org/link/react-devtools font-weight:bold @ http://localhost:3000/_next/static/chunks/node_modules_react-dom_cjs_react-dom_development_07i0ttg.js:25055
[ 8998780ms] [LOG] [HMR] connected @ http://localhost:3000/_next/static/chunks/node_modules_next_dist_0bc8q4g._.js:1233
[ 9111763ms] [LOG] [Fast Refresh] rebuilding @ http://localhost:3000/_next/static/chunks/node_modules_next_dist_0bc8q4g._.js:1233
[ 9111956ms] [LOG] [Fast Refresh] done in 55ms @ http://localhost:3000/_next/static/chunks/node_modules_next_dist_0bc8q4g._.js:1233
[ 9167002ms] [LOG] [Fast Refresh] rebuilding @ http://localhost:3000/_next/static/chunks/node_modules_next_dist_0bc8q4g._.js:1233
[ 9167025ms] [LOG] [Fast Refresh] done in 125ms @ http://localhost:3000/_next/static/chunks/node_modules_next_dist_0bc8q4g._.js:1233
[ 9262747ms] [LOG] [Fast Refresh] rebuilding @ http://localhost:3000/_next/static/chunks/node_modules_next_dist_0bc8q4g._.js:1233
[ 9262792ms] [LOG] [Fast Refresh] done in 149ms @ http://localhost:3000/_next/static/chunks/node_modules_next_dist_0bc8q4g._.js:1233
[ 9262903ms] [LOG] [Fast Refresh] rebuilding @ http://localhost:3000/_next/static/chunks/node_modules_next_dist_0bc8q4g._.js:1233
[ 9262936ms] [LOG] [Fast Refresh] done in 142ms @ http://localhost:3000/_next/static/chunks/node_modules_next_dist_0bc8q4g._.js:1233
[ 9263087ms] [LOG] [Fast Refresh] rebuilding @ http://localhost:3000/_next/static/chunks/node_modules_next_dist_0bc8q4g._.js:1233
[ 9263165ms] [LOG] [Fast Refresh] done in 182ms @ http://localhost:3000/_next/static/chunks/node_modules_next_dist_0bc8q4g._.js:1233
[ 9270540ms] [LOG] [Fast Refresh] rebuilding @ http://localhost:3000/_next/static/chunks/node_modules_next_dist_0bc8q4g._.js:1233
[ 9270547ms] [LOG] [Fast Refresh] done in 110ms @ http://localhost:3000/_next/static/chunks/node_modules_next_dist_0bc8q4g._.js:1233
[ 9278758ms] [LOG] [Fast Refresh] rebuilding @ http://localhost:3000/_next/static/chunks/node_modules_next_dist_0bc8q4g._.js:1233
[ 9278797ms] [LOG] [Fast Refresh] done in 144ms @ http://localhost:3000/_next/static/chunks/node_modules_next_dist_0bc8q4g._.js:1233
[ 9463961ms] [LOG] [Fast Refresh] rebuilding @ http://localhost:3000/_next/static/chunks/node_modules_next_dist_0bc8q4g._.js:1233
[ 9464439ms] [LOG] [Fast Refresh] done in 582ms @ http://localhost:3000/_next/static/chunks/node_modules_next_dist_0bc8q4g._.js:1233
[ 9487828ms] [LOG] [Fast Refresh] rebuilding @ http://localhost:3000/_next/static/chunks/node_modules_next_dist_0bc8q4g._.js:1233
[ 9487987ms] [LOG] [Fast Refresh] done in 265ms @ http://localhost:3000/_next/static/chunks/node_modules_next_dist_0bc8q4g._.js:1233
[ 9508782ms] [LOG] [Fast Refresh] rebuilding @ http://localhost:3000/_next/static/chunks/node_modules_next_dist_0bc8q4g._.js:1233
[ 9508818ms] [LOG] [Fast Refresh] done in 142ms @ http://localhost:3000/_next/static/chunks/node_modules_next_dist_0bc8q4g._.js:1233
[ 9528368ms] [LOG] [Fast Refresh] rebuilding @ http://localhost:3000/_next/static/chunks/node_modules_next_dist_0bc8q4g._.js:1233
[ 9528384ms] [LOG] [Fast Refresh] done in 54ms @ http://localhost:3000/_next/static/chunks/node_modules_next_dist_0bc8q4g._.js:1233
[ 9627999ms] [LOG] [Fast Refresh] rebuilding @ http://localhost:3000/_next/static/chunks/node_modules_next_dist_0bc8q4g._.js:1233
[ 9628016ms] [LOG] [Fast Refresh] done in 36ms @ http://localhost:3000/_next/static/chunks/node_modules_next_dist_0bc8q4g._.js:1233
[ 9654339ms] [LOG] [Fast Refresh] rebuilding @ http://localhost:3000/_next/static/chunks/node_modules_next_dist_0bc8q4g._.js:1233
[ 9654371ms] [LOG] [Fast Refresh] done in 110ms @ http://localhost:3000/_next/static/chunks/node_modules_next_dist_0bc8q4g._.js:1233
[ 9707219ms] [LOG] [Fast Refresh] rebuilding @ http://localhost:3000/_next/static/chunks/node_modules_next_dist_0bc8q4g._.js:1233
[ 9707236ms] [LOG] [Fast Refresh] done in 47ms @ http://localhost:3000/_next/static/chunks/node_modules_next_dist_0bc8q4g._.js:1233
[ 9726713ms] [LOG] [Fast Refresh] rebuilding @ http://localhost:3000/_next/static/chunks/node_modules_next_dist_0bc8q4g._.js:1233
[ 9726863ms] [LOG] [Fast Refresh] done in 262ms @ http://localhost:3000/_next/static/chunks/node_modules_next_dist_0bc8q4g._.js:1233
[ 9738958ms] [LOG] [Fast Refresh] rebuilding @ http://localhost:3000/_next/static/chunks/node_modules_next_dist_0bc8q4g._.js:1233
[ 9739099ms] [LOG] [Fast Refresh] done in 256ms @ http://localhost:3000/_next/static/chunks/node_modules_next_dist_0bc8q4g._.js:1233
[ 9777614ms] [LOG] [Fast Refresh] rebuilding @ http://localhost:3000/_next/static/chunks/node_modules_next_dist_0bc8q4g._.js:1233
[ 9777674ms] [LOG] [Fast Refresh] done in 167ms @ http://localhost:3000/_next/static/chunks/node_modules_next_dist_0bc8q4g._.js:1233
[ 9954411ms] [LOG] [Fast Refresh] rebuilding @ http://localhost:3000/_next/static/chunks/node_modules_next_dist_0bc8q4g._.js:1233
[ 9954430ms] [LOG] [Fast Refresh] done in 79ms @ http://localhost:3000/_next/static/chunks/node_modules_next_dist_0bc8q4g._.js:1233
[ 9984930ms] [LOG] [Fast Refresh] rebuilding @ http://localhost:3000/_next/static/chunks/node_modules_next_dist_0bc8q4g._.js:1233
[ 9985044ms] [LOG] [Fast Refresh] done in 227ms @ http://localhost:3000/_next/static/chunks/node_modules_next_dist_0bc8q4g._.js:1233
[ 9985226ms] [LOG] [Fast Refresh] rebuilding @ http://localhost:3000/_next/static/chunks/node_modules_next_dist_0bc8q4g._.js:1233
[ 9985326ms] [LOG] [Fast Refresh] done in 216ms @ http://localhost:3000/_next/static/chunks/node_modules_next_dist_0bc8q4g._.js:1233
[ 9986016ms] [LOG] [Fast Refresh] rebuilding @ http://localhost:3000/_next/static/chunks/node_modules_next_dist_0bc8q4g._.js:1233
[ 9986048ms] [LOG] [Fast Refresh] done in 136ms @ http://localhost:3000/_next/static/chunks/node_modules_next_dist_0bc8q4g._.js:1233
[10013308ms] [LOG] [Fast Refresh] rebuilding @ http://localhost:3000/_next/static/chunks/node_modules_next_dist_0bc8q4g._.js:1233
[10014179ms] [LOG] [Fast Refresh] done in 951ms @ http://localhost:3000/_next/static/chunks/node_modules_next_dist_0bc8q4g._.js:1233
[10042645ms] [LOG] [Fast Refresh] rebuilding @ http://localhost:3000/_next/static/chunks/node_modules_next_dist_0bc8q4g._.js:1233
[10042664ms] [LOG] [Fast Refresh] done in 58ms @ http://localhost:3000/_next/static/chunks/node_modules_next_dist_0bc8q4g._.js:1233
[10058724ms] [LOG] [Fast Refresh] rebuilding @ http://localhost:3000/_next/static/chunks/node_modules_next_dist_0bc8q4g._.js:1233
[10058847ms] [LOG] [Fast Refresh] done in 225ms @ http://localhost:3000/_next/static/chunks/node_modules_next_dist_0bc8q4g._.js:1233
[10074624ms] [LOG] [Fast Refresh] rebuilding @ http://localhost:3000/_next/static/chunks/node_modules_next_dist_0bc8q4g._.js:1233
[10074647ms] [LOG] [Fast Refresh] done in 42ms @ http://localhost:3000/_next/static/chunks/node_modules_next_dist_0bc8q4g._.js:1233
[10106369ms] [LOG] [Fast Refresh] rebuilding @ http://localhost:3000/_next/static/chunks/node_modules_next_dist_0bc8q4g._.js:1233
[10106383ms] [LOG] [Fast Refresh] done in 44ms @ http://localhost:3000/_next/static/chunks/node_modules_next_dist_0bc8q4g._.js:1233
[10138741ms] [LOG] [Fast Refresh] rebuilding @ http://localhost:3000/_next/static/chunks/node_modules_next_dist_0bc8q4g._.js:1233
[10138850ms] [LOG] [Fast Refresh] done in 215ms @ http://localhost:3000/_next/static/chunks/node_modules_next_dist_0bc8q4g._.js:1233
[10516241ms] [LOG] [Fast Refresh] rebuilding @ http://localhost:3000/_next/static/chunks/node_modules_next_dist_0bc8q4g._.js:1233
[10516264ms] [LOG] [Fast Refresh] done in 52ms @ http://localhost:3000/_next/static/chunks/node_modules_next_dist_0bc8q4g._.js:1233
[10545901ms] [LOG] [Fast Refresh] rebuilding @ http://localhost:3000/_next/static/chunks/node_modules_next_dist_0bc8q4g._.js:1233
[10545932ms] [LOG] [Fast Refresh] done in 44ms @ http://localhost:3000/_next/static/chunks/node_modules_next_dist_0bc8q4g._.js:1233
[10576547ms] [LOG] [Fast Refresh] rebuilding @ http://localhost:3000/_next/static/chunks/node_modules_next_dist_0bc8q4g._.js:1233
[10576566ms] [LOG] [Fast Refresh] done in 40ms @ http://localhost:3000/_next/static/chunks/node_modules_next_dist_0bc8q4g._.js:1233
[10608337ms] [LOG] [Fast Refresh] rebuilding @ http://localhost:3000/_next/static/chunks/node_modules_next_dist_0bc8q4g._.js:1233
[10608378ms] [LOG] [Fast Refresh] done in 153ms @ http://localhost:3000/_next/static/chunks/node_modules_next_dist_0bc8q4g._.js:1233
[10789361ms] [LOG] [Fast Refresh] rebuilding @ http://localhost:3000/_next/static/chunks/node_modules_next_dist_0bc8q4g._.js:1233
[10789382ms] [LOG] [Fast Refresh] done in 39ms @ http://localhost:3000/_next/static/chunks/node_modules_next_dist_0bc8q4g._.js:1233
[10820296ms] [LOG] [Fast Refresh] rebuilding @ http://localhost:3000/_next/static/chunks/node_modules_next_dist_0bc8q4g._.js:1233
[10820319ms] [LOG] [Fast Refresh] done in 72ms @ http://localhost:3000/_next/static/chunks/node_modules_next_dist_0bc8q4g._.js:1233
[10853894ms] [LOG] [Fast Refresh] rebuilding @ http://localhost:3000/_next/static/chunks/node_modules_next_dist_0bc8q4g._.js:1233
[10853967ms] [LOG] [Fast Refresh] done in 128ms @ http://localhost:3000/_next/static/chunks/node_modules_next_dist_0bc8q4g._.js:1233
[10890836ms] [LOG] [Fast Refresh] rebuilding @ http://localhost:3000/_next/static/chunks/node_modules_next_dist_0bc8q4g._.js:1233
[10890861ms] [LOG] [Fast Refresh] done in 51ms @ http://localhost:3000/_next/static/chunks/node_modules_next_dist_0bc8q4g._.js:1233
[10925960ms] [LOG] [Fast Refresh] rebuilding @ http://localhost:3000/_next/static/chunks/node_modules_next_dist_0bc8q4g._.js:1233
[10925994ms] [LOG] [Fast Refresh] done in 39ms @ http://localhost:3000/_next/static/chunks/node_modules_next_dist_0bc8q4g._.js:1233
[10964560ms] [LOG] [Fast Refresh] rebuilding @ http://localhost:3000/_next/static/chunks/node_modules_next_dist_0bc8q4g._.js:1233
[10964588ms] [LOG] [Fast Refresh] done in 44ms @ http://localhost:3000/_next/static/chunks/node_modules_next_dist_0bc8q4g._.js:1233
[10996707ms] [LOG] [Fast Refresh] rebuilding @ http://localhost:3000/_next/static/chunks/node_modules_next_dist_0bc8q4g._.js:1233
[10996738ms] [LOG] [Fast Refresh] done in 40ms @ http://localhost:3000/_next/static/chunks/node_modules_next_dist_0bc8q4g._.js:1233
[11196406ms] [LOG] [Fast Refresh] rebuilding @ http://localhost:3000/_next/static/chunks/node_modules_next_dist_0bc8q4g._.js:1233
[11196429ms] [LOG] [Fast Refresh] done in 48ms @ http://localhost:3000/_next/static/chunks/node_modules_next_dist_0bc8q4g._.js:1233
[11215075ms] [LOG] [Fast Refresh] rebuilding @ http://localhost:3000/_next/static/chunks/node_modules_next_dist_0bc8q4g._.js:1233
[11215105ms] [LOG] [Fast Refresh] done in 43ms @ http://localhost:3000/_next/static/chunks/node_modules_next_dist_0bc8q4g._.js:1233
[11216625ms] [LOG] [Fast Refresh] rebuilding @ http://localhost:3000/_next/static/chunks/node_modules_next_dist_0bc8q4g._.js:1233
[11216648ms] [LOG] [Fast Refresh] done in 43ms @ http://localhost:3000/_next/static/chunks/node_modules_next_dist_0bc8q4g._.js:1233
[11228774ms] [LOG] [Fast Refresh] rebuilding @ http://localhost:3000/_next/static/chunks/node_modules_next_dist_0bc8q4g._.js:1233
[11229035ms] [LOG] [Fast Refresh] done in 366ms @ http://localhost:3000/_next/static/chunks/node_modules_next_dist_0bc8q4g._.js:1233
[11259809ms] [LOG] [Fast Refresh] rebuilding @ http://localhost:3000/_next/static/chunks/node_modules_next_dist_0bc8q4g._.js:1233
[11261040ms] [LOG] [Fast Refresh] done in 1339ms @ http://localhost:3000/_next/static/chunks/node_modules_next_dist_0bc8q4g._.js:1233
[11290621ms] [LOG] [Fast Refresh] rebuilding @ http://localhost:3000/_next/static/chunks/node_modules_next_dist_0bc8q4g._.js:1233
[11290863ms] [LOG] [Fast Refresh] done in 114ms @ http://localhost:3000/_next/static/chunks/node_modules_next_dist_0bc8q4g._.js:1233
[11656448ms] [LOG] [Fast Refresh] rebuilding @ http://localhost:3000/_next/static/chunks/node_modules_next_dist_0bc8q4g._.js:1233
[11656469ms] [LOG] [Fast Refresh] done in 41ms @ http://localhost:3000/_next/static/chunks/node_modules_next_dist_0bc8q4g._.js:1233
[11685794ms] [LOG] [Fast Refresh] rebuilding @ http://localhost:3000/_next/static/chunks/node_modules_next_dist_0bc8q4g._.js:1233
[11685905ms] [LOG] [Fast Refresh] done in 226ms @ http://localhost:3000/_next/static/chunks/node_modules_next_dist_0bc8q4g._.js:1233
[11686401ms] [LOG] [Fast Refresh] rebuilding @ http://localhost:3000/_next/static/chunks/node_modules_next_dist_0bc8q4g._.js:1233
[11686561ms] [LOG] [Fast Refresh] done in 274ms @ http://localhost:3000/_next/static/chunks/node_modules_next_dist_0bc8q4g._.js:1233
[11689791ms] [LOG] [Fast Refresh] rebuilding @ http://localhost:3000/_next/static/chunks/node_modules_next_dist_0bc8q4g._.js:1233
[11689903ms] [LOG] [Fast Refresh] done in 216ms @ http://localhost:3000/_next/static/chunks/node_modules_next_dist_0bc8q4g._.js:1233
[11699092ms] [LOG] [Fast Refresh] rebuilding @ http://localhost:3000/_next/static/chunks/node_modules_next_dist_0bc8q4g._.js:1233
[11699239ms] [LOG] [Fast Refresh] done in 262ms @ http://localhost:3000/_next/static/chunks/node_modules_next_dist_0bc8q4g._.js:1233
[11783522ms] [LOG] [Fast Refresh] rebuilding @ http://localhost:3000/_next/static/chunks/node_modules_next_dist_0bc8q4g._.js:1233
[11783637ms] [LOG] [Fast Refresh] done in 225ms @ http://localhost:3000/_next/static/chunks/node_modules_next_dist_0bc8q4g._.js:1233
[11784923ms] [LOG] [Fast Refresh] rebuilding @ http://localhost:3000/_next/static/chunks/node_modules_next_dist_0bc8q4g._.js:1233
[11784954ms] [LOG] [Fast Refresh] done in 138ms @ http://localhost:3000/_next/static/chunks/node_modules_next_dist_0bc8q4g._.js:1233
[11785137ms] [LOG] [Fast Refresh] rebuilding @ http://localhost:3000/_next/static/chunks/node_modules_next_dist_0bc8q4g._.js:1233
[11785231ms] [LOG] [Fast Refresh] done in 203ms @ http://localhost:3000/_next/static/chunks/node_modules_next_dist_0bc8q4g._.js:1233
[11822714ms] [LOG] [Fast Refresh] rebuilding @ http://localhost:3000/_next/static/chunks/node_modules_next_dist_0bc8q4g._.js:1233
[11822856ms] [LOG] [Fast Refresh] done in 252ms @ http://localhost:3000/_next/static/chunks/node_modules_next_dist_0bc8q4g._.js:1233
[11823241ms] [LOG] [Fast Refresh] rebuilding @ http://localhost:3000/_next/static/chunks/node_modules_next_dist_0bc8q4g._.js:1233
[11823301ms] [LOG] [Fast Refresh] done in 165ms @ http://localhost:3000/_next/static/chunks/node_modules_next_dist_0bc8q4g._.js:1233
[11823488ms] [LOG] [Fast Refresh] rebuilding @ http://localhost:3000/_next/static/chunks/node_modules_next_dist_0bc8q4g._.js:1233
[11823489ms] [LOG] [Fast Refresh] done in 112ms @ http://localhost:3000/_next/static/chunks/node_modules_next_dist_0bc8q4g._.js:1233
[11834845ms] [LOG] [Fast Refresh] rebuilding @ http://localhost:3000/_next/static/chunks/node_modules_next_dist_0bc8q4g._.js:1233
[11835200ms] [LOG] [Fast Refresh] done in 463ms @ http://localhost:3000/_next/static/chunks/node_modules_next_dist_0bc8q4g._.js:1233
[11835481ms] [LOG] [Fast Refresh] rebuilding @ http://localhost:3000/_next/static/chunks/node_modules_next_dist_0bc8q4g._.js:1233
[11835511ms] [LOG] [Fast Refresh] done in 140ms @ http://localhost:3000/_next/static/chunks/node_modules_next_dist_0bc8q4g._.js:1233
[12360639ms] [LOG] [Fast Refresh] rebuilding @ http://localhost:3000/_next/static/chunks/node_modules_next_dist_0bc8q4g._.js:1233
[12360653ms] [LOG] [Fast Refresh] done in 112ms @ http://localhost:3000/_next/static/chunks/node_modules_next_dist_0bc8q4g._.js:1233
[12512329ms] [LOG] [Fast Refresh] rebuilding @ http://localhost:3000/_next/static/chunks/node_modules_next_dist_0bc8q4g._.js:1233
[12512350ms] [LOG] [Fast Refresh] done in 66ms @ http://localhost:3000/_next/static/chunks/node_modules_next_dist_0bc8q4g._.js:1233
[12527433ms] [LOG] [Fast Refresh] rebuilding @ http://localhost:3000/_next/static/chunks/node_modules_next_dist_0bc8q4g._.js:1233
[12527768ms] [LOG] [Fast Refresh] done in 452ms @ http://localhost:3000/_next/static/chunks/node_modules_next_dist_0bc8q4g._.js:1233
[12531577ms] [LOG] [Fast Refresh] rebuilding @ http://localhost:3000/_next/static/chunks/node_modules_next_dist_0bc8q4g._.js:1233
[12531620ms] [LOG] [Fast Refresh] done in 130ms @ http://localhost:3000/_next/static/chunks/node_modules_next_dist_0bc8q4g._.js:1233
[12539358ms] [LOG] [Fast Refresh] rebuilding @ http://localhost:3000/_next/static/chunks/node_modules_next_dist_0bc8q4g._.js:1233
[12539383ms] [LOG] [Fast Refresh] done in 48ms @ http://localhost:3000/_next/static/chunks/node_modules_next_dist_0bc8q4g._.js:1233
[12564927ms] [LOG] [Fast Refresh] rebuilding @ http://localhost:3000/_next/static/chunks/node_modules_next_dist_0bc8q4g._.js:1233
[12564948ms] [LOG] [Fast Refresh] done in 55ms @ http://localhost:3000/_next/static/chunks/node_modules_next_dist_0bc8q4g._.js:1233
[12566682ms] [LOG] [Fast Refresh] rebuilding @ http://localhost:3000/_next/static/chunks/node_modules_next_dist_0bc8q4g._.js:1233
[12566710ms] [LOG] [Fast Refresh] done in 56ms @ http://localhost:3000/_next/static/chunks/node_modules_next_dist_0bc8q4g._.js:1233
[12707791ms] [LOG] [Fast Refresh] rebuilding @ http://localhost:3000/_next/static/chunks/node_modules_next_dist_0bc8q4g._.js:1233
[12713923ms] [LOG] [Fast Refresh] done in 6245ms @ http://localhost:3000/_next/static/chunks/node_modules_next_dist_0bc8q4g._.js:1233
