[     302ms] [INFO] %cDownload the React DevTools for a better development experience: https://reactjs.org/link/react-devtools font-weight:bold @ http://localhost:3000/_next/static/chunks/node_modules_react-dom_cjs_react-dom_development_07i0ttg.js:25055
[     451ms] [LOG] [HMR] connected @ http://localhost:3000/_next/static/chunks/node_modules_next_dist_0bc8q4g._.js:1233
[     591ms] [LOG] [Fast Refresh] rebuilding @ http://localhost:3000/_next/static/chunks/node_modules_next_dist_0bc8q4g._.js:1233
[    4499ms] [LOG] [Fast Refresh] done in 4043ms @ http://localhost:3000/_next/static/chunks/node_modules_next_dist_0bc8q4g._.js:1233
[    7811ms] [LOG] [Fast Refresh] rebuilding @ http://localhost:3000/_next/static/chunks/node_modules_next_dist_0bc8q4g._.js:1233
[    7812ms] [LOG] [Fast Refresh] done in 110ms @ http://localhost:3000/_next/static/chunks/node_modules_next_dist_0bc8q4g._.js:1233
[  782151ms] [LOG] [Fast Refresh] rebuilding @ http://localhost:3000/_next/static/chunks/node_modules_next_dist_0bc8q4g._.js:1233
[  782177ms] [LOG] [Fast Refresh] done in 133ms @ http://localhost:3000/_next/static/chunks/node_modules_next_dist_0bc8q4g._.js:1233
[  785541ms] [LOG] [Fast Refresh] rebuilding @ http://localhost:3000/_next/static/chunks/node_modules_next_dist_0bc8q4g._.js:1233
[  785570ms] [LOG] [Fast Refresh] done in 140ms @ http://localhost:3000/_next/static/chunks/node_modules_next_dist_0bc8q4g._.js:1233
[  796406ms] [LOG] [Fast Refresh] rebuilding @ http://localhost:3000/_next/static/chunks/node_modules_next_dist_0bc8q4g._.js:1233
[  796422ms] [LOG] [Fast Refresh] done in 202ms @ http://localhost:3000/_next/static/chunks/node_modules_next_dist_0bc8q4g._.js:1233
[ 1070509ms] [LOG] [HMR] connected @ http://localhost:3000/_next/static/chunks/node_modules_next_dist_0bc8q4g._.js:1233
[ 1072565ms] [INFO] %cDownload the React DevTools for a better development experience: https://reactjs.org/link/react-devtools font-weight:bold @ http://localhost:3000/_next/static/chunks/node_modules_react-dom_cjs_react-dom_development_07i0ttg.js:25055
[ 1072741ms] [LOG] [HMR] connected @ http://localhost:3000/_next/static/chunks/node_modules_next_dist_0bc8q4g._.js:1233
[ 1118386ms] [LOG] [Fast Refresh] rebuilding @ http://localhost:3000/_next/static/chunks/node_modules_next_dist_0bc8q4g._.js:1233
[ 1118414ms] [LOG] [Fast Refresh] done in 138ms @ http://localhost:3000/_next/static/chunks/node_modules_next_dist_0bc8q4g._.js:1233
[ 1556287ms] [LOG] [Fast Refresh] rebuilding @ http://localhost:3000/_next/static/chunks/node_modules_next_dist_0bc8q4g._.js:1233
[ 1556288ms] [LOG] [Fast Refresh] done in 106ms @ http://localhost:3000/_next/static/chunks/node_modules_next_dist_0bc8q4g._.js:1233
[ 2208207ms] [LOG] [Fast Refresh] rebuilding @ http://localhost:3000/_next/static/chunks/node_modules_next_dist_0bc8q4g._.js:1233
[ 2208241ms] [LOG] [Fast Refresh] done in 142ms @ http://localhost:3000/_next/static/chunks/node_modules_next_dist_0bc8q4g._.js:1233
[ 2332479ms] [LOG] [Fast Refresh] rebuilding @ http://localhost:3000/_next/static/chunks/node_modules_next_dist_0bc8q4g._.js:1233
[ 2333324ms] [LOG] [Fast Refresh] done in 957ms @ http://localhost:3000/_next/static/chunks/node_modules_next_dist_0bc8q4g._.js:1233
[ 2440377ms] [LOG] [Fast Refresh] rebuilding @ http://localhost:3000/_next/static/chunks/node_modules_next_dist_0bc8q4g._.js:1233
[ 2444371ms] [LOG] [Fast Refresh] done in 4083ms @ http://localhost:3000/_next/static/chunks/node_modules_next_dist_0bc8q4g._.js:1233
[ 2538360ms] [LOG] [Fast Refresh] rebuilding @ http://localhost:3000/_next/static/chunks/node_modules_next_dist_0bc8q4g._.js:1233
[ 2538369ms] [LOG] [Fast Refresh] done in 62ms @ http://localhost:3000/_next/static/chunks/node_modules_next_dist_0bc8q4g._.js:1233
[ 2597388ms] [LOG] [Fast Refresh] rebuilding @ http://localhost:3000/_next/static/chunks/node_modules_next_dist_0bc8q4g._.js:1233
[ 2598094ms] [LOG] [Fast Refresh] done in 814ms @ http://localhost:3000/_next/static/chunks/node_modules_next_dist_0bc8q4g._.js:1233
[ 2728137ms] [LOG] [Fast Refresh] rebuilding @ http://localhost:3000/_next/static/chunks/node_modules_next_dist_0bc8q4g._.js:1233
[ 2728150ms] [LOG] [Fast Refresh] done in 60ms @ http://localhost:3000/_next/static/chunks/node_modules_next_dist_0bc8q4g._.js:1233
[ 2963256ms] [LOG] [Fast Refresh] rebuilding @ http://localhost:3000/_next/static/chunks/node_modules_next_dist_0bc8q4g._.js:1233
[ 2963357ms] [LOG] [Fast Refresh] done in 209ms @ http://localhost:3000/_next/static/chunks/node_modules_next_dist_0bc8q4g._.js:1233
[ 3040365ms] [LOG] [Fast Refresh] rebuilding @ http://localhost:3000/_next/static/chunks/node_modules_next_dist_0bc8q4g._.js:1233
[ 3041999ms] [LOG] [Fast Refresh] done in 1743ms @ http://localhost:3000/_next/static/chunks/node_modules_next_dist_0bc8q4g._.js:1233
[ 3097168ms] [LOG] [Fast Refresh] rebuilding @ http://localhost:3000/_next/static/chunks/node_modules_next_dist_0bc8q4g._.js:1233
[ 3097274ms] [LOG] [Fast Refresh] done in 342ms @ http://localhost:3000/_next/static/chunks/node_modules_next_dist_0bc8q4g._.js:1233
[ 3183466ms] [LOG] [Fast Refresh] rebuilding @ http://localhost:3000/_next/static/chunks/node_modules_next_dist_0bc8q4g._.js:1233
[ 3183589ms] [LOG] [Fast Refresh] done in 229ms @ http://localhost:3000/_next/static/chunks/node_modules_next_dist_0bc8q4g._.js:1233
[ 3219777ms] [LOG] [Fast Refresh] rebuilding @ http://localhost:3000/_next/static/chunks/node_modules_next_dist_0bc8q4g._.js:1233
[ 3219900ms] [LOG] [Fast Refresh] done in 237ms @ http://localhost:3000/_next/static/chunks/node_modules_next_dist_0bc8q4g._.js:1233
[ 3303643ms] [LOG] [Fast Refresh] rebuilding @ http://localhost:3000/_next/static/chunks/node_modules_next_dist_0bc8q4g._.js:1233
[ 3303673ms] [LOG] [Fast Refresh] done in 92ms @ http://localhost:3000/_next/static/chunks/node_modules_next_dist_0bc8q4g._.js:1233
[ 3314796ms] [LOG] [Fast Refresh] rebuilding @ http://localhost:3000/_next/static/chunks/node_modules_next_dist_0bc8q4g._.js:1233
[ 3317680ms] [LOG] [Fast Refresh] done in 2993ms @ http://localhost:3000/_next/static/chunks/node_modules_next_dist_0bc8q4g._.js:1233
[ 3411460ms] [LOG] [Fast Refresh] rebuilding @ http://localhost:3000/_next/static/chunks/node_modules_next_dist_0bc8q4g._.js:1233
[ 3411642ms] [LOG] [Fast Refresh] done in 348ms @ http://localhost:3000/_next/static/chunks/node_modules_next_dist_0bc8q4g._.js:1233
[ 3561678ms] [LOG] [Fast Refresh] rebuilding @ http://localhost:3000/_next/static/chunks/node_modules_next_dist_0bc8q4g._.js:1233
[ 3561679ms] [LOG] [Fast Refresh] done in 104ms @ http://localhost:3000/_next/static/chunks/node_modules_next_dist_0bc8q4g._.js:1233
[ 3564854ms] [LOG] [Fast Refresh] rebuilding @ http://localhost:3000/_next/static/chunks/node_modules_next_dist_0bc8q4g._.js:1233
[ 3564869ms] [LOG] [Fast Refresh] done in 116ms @ http://localhost:3000/_next/static/chunks/node_modules_next_dist_0bc8q4g._.js:1233
[ 3568649ms] [LOG] [Fast Refresh] rebuilding @ http://localhost:3000/_next/static/chunks/node_modules_next_dist_0bc8q4g._.js:1233
[ 3568654ms] [LOG] [Fast Refresh] done in 110ms @ http://localhost:3000/_next/static/chunks/node_modules_next_dist_0bc8q4g._.js:1233
[ 3568834ms] [LOG] [Fast Refresh] rebuilding @ http://localhost:3000/_next/static/chunks/node_modules_next_dist_0bc8q4g._.js:1233
[ 3568908ms] [LOG] [Fast Refresh] done in 180ms @ http://localhost:3000/_next/static/chunks/node_modules_next_dist_0bc8q4g._.js:1233
[ 3621136ms] [LOG] [Fast Refresh] rebuilding @ http://localhost:3000/_next/static/chunks/node_modules_next_dist_0bc8q4g._.js:1233
[ 3621208ms] [LOG] [Fast Refresh] done in 167ms @ http://localhost:3000/_next/static/chunks/node_modules_next_dist_0bc8q4g._.js:1233
[ 7523513ms] [LOG] [Fast Refresh] rebuilding @ http://localhost:3000/_next/static/chunks/node_modules_next_dist_0bc8q4g._.js:1233
[ 7523681ms] [LOG] [Fast Refresh] done in 254ms @ http://localhost:3000/_next/static/chunks/node_modules_next_dist_0bc8q4g._.js:1233
[ 7585350ms] [LOG] [Fast Refresh] rebuilding @ http://localhost:3000/_next/static/chunks/node_modules_next_dist_0bc8q4g._.js:1233
[ 7587079ms] [LOG] [Fast Refresh] done in 1842ms @ http://localhost:3000/_next/static/chunks/node_modules_next_dist_0bc8q4g._.js:1233
[ 8011327ms] [LOG] [Fast Refresh] rebuilding @ http://localhost:3000/_next/static/chunks/node_modules_next_dist_0bc8q4g._.js:1233
[ 8011360ms] [LOG] [Fast Refresh] done in 144ms @ http://localhost:3000/_next/static/chunks/node_modules_next_dist_0bc8q4g._.js:1233
[ 8017959ms] [LOG] [Fast Refresh] rebuilding @ http://localhost:3000/_next/static/chunks/node_modules_next_dist_0bc8q4g._.js:1233
[ 8018025ms] [LOG] [Fast Refresh] done in 173ms @ http://localhost:3000/_next/static/chunks/node_modules_next_dist_0bc8q4g._.js:1233
[ 8150032ms] [LOG] [Fast Refresh] rebuilding @ http://localhost:3000/_next/static/chunks/node_modules_next_dist_0bc8q4g._.js:1233
[ 8150336ms] [LOG] [Fast Refresh] done in 388ms @ http://localhost:3000/_next/static/chunks/node_modules_next_dist_0bc8q4g._.js:1233
[ 8155489ms] [LOG] [Fast Refresh] rebuilding @ http://localhost:3000/_next/static/chunks/node_modules_next_dist_0bc8q4g._.js:1233
[ 8155571ms] [LOG] [Fast Refresh] done in 174ms @ http://localhost:3000/_next/static/chunks/node_modules_next_dist_0bc8q4g._.js:1233
[ 8325226ms] [LOG] [Fast Refresh] rebuilding @ http://localhost:3000/_next/static/chunks/node_modules_next_dist_0bc8q4g._.js:1233
[ 8330106ms] [ERROR] ./src/components/pages/LoginPage/LoginPage.styled.tsx:49:47
Unterminated template
  47 |         width: 500px;
  48 |         height: ${({ $mode }) => ($mode === 'register' ? '645px' : '484px')};
> 49 |         background: ${color('popupBackground')};
     |                                               ^
> 50 |         box-shadow: none;
     | ^^^^^^^^^^^^^^^^^^^^^^^^^
> 51 |
     | ^

Parsing ecmascript source code failed

Import traces:
  Browser:
    ./src/components/pages/LoginPage/LoginPage.styled.tsx
    ./src/pages/login.tsx

  SSR:
    ./src/components/pages/LoginPage/LoginPage.styled.tsx
    ./src/pages/login.tsx @ http://localhost:3000/_next/static/chunks/node_modules_next_dist_0bc8q4g._.js:1952
[ 8330289ms] [ERROR] ./src/components/pages/LoginPage/LoginPage.styled.tsx:49:47
Unterminated template
  47 |         width: 500px;
  48 |         height: ${({ $mode }) => ($mode === 'register' ? '645px' : '484px')};
> 49 |         background: ${color('popupBackground')};
     |                                               ^
> 50 |         box-shadow: none;
     | ^^^^^^^^^^^^^^^^^^^^^^^^^
> 51 |
     | ^

Parsing ecmascript source code failed

Import traces:
  Browser:
    ./src/components/pages/LoginPage/LoginPage.styled.tsx
    ./src/pages/login.tsx

  SSR:
    ./src/components/pages/LoginPage/LoginPage.styled.tsx
    ./src/pages/login.tsx @ http://localhost:3000/_next/static/chunks/node_modules_next_dist_0bc8q4g._.js:1952
[ 8330376ms] [LOG] [Fast Refresh] rebuilding @ http://localhost:3000/_next/static/chunks/node_modules_next_dist_0bc8q4g._.js:1233
[ 8336224ms] [ERROR] ./src/components/pages/LoginPage/LoginPage.styled.tsx:49:47
Unterminated template
  47 |         width: 500px;
  48 |         height: ${({ $mode }) => ($mode === 'register' ? '645px' : '484px')};
> 49 |         background: ${color('popupBackground')};
     |                                               ^
> 50 |         box-shadow: none;
     | ^^^^^^^^^^^^^^^^^^^^^^^^^
> 51 |
     | ^

Parsing ecmascript source code failed

Import traces:
  Browser:
    ./src/components/pages/LoginPage/LoginPage.styled.tsx
    ./src/pages/login.tsx

  SSR:
    ./src/components/pages/LoginPage/LoginPage.styled.tsx
    ./src/pages/login.tsx @ http://localhost:3000/_next/static/chunks/node_modules_next_dist_0bc8q4g._.js:1952
[ 8336284ms] [LOG] [Fast Refresh] rebuilding @ http://localhost:3000/_next/static/chunks/node_modules_next_dist_0bc8q4g._.js:1233
[ 8339251ms] [LOG] [Fast Refresh] rebuilding @ http://localhost:3000/_next/static/chunks/node_modules_next_dist_0bc8q4g._.js:1233
[ 8339286ms] [ERROR] ./src/components/pages/LoginPage/LoginPage.styled.tsx:49:47
Unterminated template
  47 |         width: 500px;
  48 |         height: ${({ $mode }) => ($mode === 'register' ? '645px' : '484px')};
> 49 |         background: ${color('popupBackground')};
     |                                               ^
> 50 |         box-shadow: none;
     | ^^^^^^^^^^^^^^^^^^^^^^^^^
> 51 |
     | ^

Parsing ecmascript source code failed

Import traces:
  Browser:
    ./src/components/pages/LoginPage/LoginPage.styled.tsx
    ./src/pages/login.tsx

  SSR:
    ./src/components/pages/LoginPage/LoginPage.styled.tsx
    ./src/pages/login.tsx @ http://localhost:3000/_next/static/chunks/node_modules_next_dist_0bc8q4g._.js:1952
[ 8339530ms] [LOG] [Fast Refresh] rebuilding @ http://localhost:3000/_next/static/chunks/node_modules_next_dist_0bc8q4g._.js:1233
[ 8339565ms] [ERROR] ./src/components/pages/LoginPage/LoginPage.styled.tsx:49:47
Unterminated template
  47 |         width: 500px;
  48 |         height: ${({ $mode }) => ($mode === 'register' ? '645px' : '484px')};
> 49 |         background: ${color('popupBackground')};
     |                                               ^
> 50 |         box-shadow: none;
     | ^^^^^^^^^^^^^^^^^^^^^^^^^
> 51 |
     | ^

Parsing ecmascript source code failed

Import traces:
  Browser:
    ./src/components/pages/LoginPage/LoginPage.styled.tsx
    ./src/pages/login.tsx

  SSR:
    ./src/components/pages/LoginPage/LoginPage.styled.tsx
    ./src/pages/login.tsx @ http://localhost:3000/_next/static/chunks/node_modules_next_dist_0bc8q4g._.js:1952
[ 8339625ms] [ERROR] ./src/components/pages/LoginPage/LoginPage.styled.tsx:49:47
Unterminated template
  47 |         width: 500px;
  48 |         height: ${({ $mode }) => ($mode === 'register' ? '645px' : '484px')};
> 49 |         background: ${color('popupBackground')};
     |                                               ^
> 50 |         box-shadow: none;
     | ^^^^^^^^^^^^^^^^^^^^^^^^^
> 51 |
     | ^

Parsing ecmascript source code failed

Import traces:
  Browser:
    ./src/components/pages/LoginPage/LoginPage.styled.tsx
    ./src/pages/login.tsx

  SSR:
    ./src/components/pages/LoginPage/LoginPage.styled.tsx
    ./src/pages/login.tsx @ http://localhost:3000/_next/static/chunks/node_modules_next_dist_0bc8q4g._.js:1952
[ 8339731ms] [LOG] [Fast Refresh] rebuilding @ http://localhost:3000/_next/static/chunks/node_modules_next_dist_0bc8q4g._.js:1233
[ 8342189ms] [ERROR] ./src/components/pages/LoginPage/LoginPage.styled.tsx:49:47
Unterminated template
  47 |         width: 500px;
  48 |         height: ${({ $mode }) => ($mode === 'register' ? '645px' : '484px')};
> 49 |         background: ${color('popupBackground')};
     |                                               ^
> 50 |         box-shadow: none;
     | ^^^^^^^^^^^^^^^^^^^^^^^^^
> 51 |
     | ^

Parsing ecmascript source code failed

Import traces:
  Browser:
    ./src/components/pages/LoginPage/LoginPage.styled.tsx
    ./src/pages/login.tsx

  SSR:
    ./src/components/pages/LoginPage/LoginPage.styled.tsx
    ./src/pages/login.tsx @ http://localhost:3000/_next/static/chunks/node_modules_next_dist_0bc8q4g._.js:1952
[ 8342220ms] [ERROR] Failed to load resource: the server responded with a status of 500 (Internal Server Error) @ http://localhost:3000/login:0
[ 8342379ms] [INFO] %cDownload the React DevTools for a better development experience: https://reactjs.org/link/react-devtools font-weight:bold @ http://localhost:3000/_next/static/chunks/node_modules_react-dom_cjs_react-dom_development_07i0ttg.js:25055
[ 8342576ms] Error: ./src/components/pages/LoginPage/LoginPage.styled.tsx:49:47
Unterminated template
  47 |         width: 500px;
  48 |         height: ${({ $mode }) => ($mode === 'register' ? '645px' : '484px')};
> 49 |         background: ${color('popupBackground')};
     |                                               ^
> 50 |         box-shadow: none;
     | ^^^^^^^^^^^^^^^^^^^^^^^^^
> 51 |
     | ^

Parsing ecmascript source code failed

Import traces:
  Browser:
    ./src/components/pages/LoginPage/LoginPage.styled.tsx
    ./src/pages/login.tsx

  SSR:
    ./src/components/pages/LoginPage/LoginPage.styled.tsx
    ./src/pages/login.tsx


    at <unknown> (Error: ./src/components/pages/LoginPage/LoginPage.styled.tsx:49:47)
    at Object.getCompilationErrors (file://C:\Users\stani\projects\stammbaum\node_modules\next\dist\server\dev\hot-reloader-turbopack.js:1186:59)
    at DevBundlerService.getCompilationError (file://C:\Users\stani\projects\stammbaum\node_modules\next\dist\server\lib\dev-bundler-service.js:44:55)
    at DevServer.getCompilationError (file://C:\Users\stani\projects\stammbaum\node_modules\next\dist\server\dev\next-dev-server.js:720:42)
    at DevServer.findPageComponents (file://C:\Users\stani\projects\stammbaum\node_modules\next\dist\server\dev\next-dev-server.js:690:43)
    at async DevServer.renderErrorToResponseImpl (file://C:\Users\stani\projects\stammbaum\node_modules\next\dist\server\base-server.js:1753:26)
[ 8342541ms] [LOG] [HMR] connected @ http://localhost:3000/_next/static/chunks/node_modules_next_dist_0bc8q4g._.js:1233
[ 8342547ms] [ERROR] ./src/components/pages/LoginPage/LoginPage.styled.tsx:49:47
Unterminated template
  47 |         width: 500px;
  48 |         height: ${({ $mode }) => ($mode === 'register' ? '645px' : '484px')};
> 49 |         background: ${color('popupBackground')};
     |                                               ^
> 50 |         box-shadow: none;
     | ^^^^^^^^^^^^^^^^^^^^^^^^^
> 51 |
     | ^

Parsing ecmascript source code failed

Import traces:
  Browser:
    ./src/components/pages/LoginPage/LoginPage.styled.tsx
    ./src/pages/login.tsx

  SSR:
    ./src/components/pages/LoginPage/LoginPage.styled.tsx
    ./src/pages/login.tsx @ http://localhost:3000/_next/static/chunks/node_modules_next_dist_0bc8q4g._.js:1952
[ 8346855ms] [ERROR] ./src/components/pages/LoginPage/LoginPage.styled.tsx:49:47
Unterminated template
  47 |         width: 500px;
  48 |         height: ${({ $mode }) => ($mode === 'register' ? '645px' : '484px')};
> 49 |         background: ${color('popupBackground')};
     |                                               ^
> 50 |         box-shadow: none;
     | ^^^^^^^^^^^^^^^^^^^^^^^^^
> 51 |
     | ^

Parsing ecmascript source code failed

Import traces:
  Browser:
    ./src/components/pages/LoginPage/LoginPage.styled.tsx
    ./src/pages/login.tsx

  SSR:
    ./src/components/pages/LoginPage/LoginPage.styled.tsx
    ./src/pages/login.tsx @ http://localhost:3000/_next/static/chunks/node_modules_next_dist_0bc8q4g._.js:1952
[ 8364876ms] [LOG] [Fast Refresh] rebuilding @ http://localhost:3000/_next/static/chunks/node_modules_next_dist_0bc8q4g._.js:1233
[ 8366328ms] [ERROR] ./src/pages/login.tsx:6:1
Export Action doesn't exist in target module
   4 | import { serverSideTranslations } from 'next-i18next/serverSideTranslations';
   5 | import { useRouter } from 'next/router';
>  6 | import {
     | ^^^^^^^
>  7 |     Action,
     | ^^^^^^^^^^^
>  8 |     AuxiliaryAction,
     | ^^^^^^^^^^^^^^^^^^^^
>  9 |     CheckboxRow,
     | ^^^^^^^^^^^^^^^^
> 10 |     Close,
     | ^^^^^^^^^^
> 11 |     Error,
     | ^^^^^^^^^^
> 12 |     Form,
     | ^^^^^^^^^
> 13 |     Input,
     | ^^^^^^^^^^
> 14 |     Modal,
     | ^^^^^^^^^^
> 15 |     ModalBody,
     | ^^^^^^^^^^^^^^
> 16 |     ModalHeader,
     | ^^^^^^^^^^^^^^^^
> 17 |     Page,
     | ^^^^^^^^^
> 18 |     Status,
     | ^^^^^^^^^^^
> 19 |     Tab,
     | ^^^^^^^^
> 20 |     Tabs,
     | ^^^^^^^^^
> 21 |     Title
     | ^^^^^^^^^
> 22 | } from '@/components/pages/LoginPage/LoginPage.styled';
     | ^^^^^^^^^^^^^^^^^^^^^^^^^^^^^^^^^^^^^^^^^^^^^^^^^^^^^^^
  23 |
  24 | type User = { username: string; email: string; password: string };
  25 |

The export Action was not found in module [project]/src/components/pages/LoginPage/LoginPage.styled.tsx [client] (ecmascript).
Did you mean to import CheckboxRow?
All exports of the module are statically known (It doesn't have dynamic exports). So it's known statically that the requested export doesn't exist. @ http://localhost:3000/_next/static/chunks/node_modules_next_dist_0bc8q4g._.js:1952
[ 8366329ms] [ERROR] ./src/pages/login.tsx:6:1
Export Action doesn't exist in target module
   4 | import { serverSideTranslations } from 'next-i18next/serverSideTranslations';
   5 | import { useRouter } from 'next/router';
>  6 | import {
     | ^^^^^^^
>  7 |     Action,
     | ^^^^^^^^^^^
>  8 |     AuxiliaryAction,
     | ^^^^^^^^^^^^^^^^^^^^
>  9 |     CheckboxRow,
     | ^^^^^^^^^^^^^^^^
> 10 |     Close,
     | ^^^^^^^^^^
> 11 |     Error,
     | ^^^^^^^^^^
> 12 |     Form,
     | ^^^^^^^^^
> 13 |     Input,
     | ^^^^^^^^^^
> 14 |     Modal,
     | ^^^^^^^^^^
> 15 |     ModalBody,
     | ^^^^^^^^^^^^^^
> 16 |     ModalHeader,
     | ^^^^^^^^^^^^^^^^
> 17 |     Page,
     | ^^^^^^^^^
> 18 |     Status,
     | ^^^^^^^^^^^
> 19 |     Tab,
     | ^^^^^^^^
> 20 |     Tabs,
     | ^^^^^^^^^
> 21 |     Title
     | ^^^^^^^^^
> 22 | } from '@/components/pages/LoginPage/LoginPage.styled';
     | ^^^^^^^^^^^^^^^^^^^^^^^^^^^^^^^^^^^^^^^^^^^^^^^^^^^^^^^
  23 |
  24 | type User = { username: string; email: string; password: string };
  25 |

The export Action was not found in module [project]/src/components/pages/LoginPage/LoginPage.styled.tsx [ssr] (ecmascript).
Did you mean to import CheckboxRow?
All exports of the module are statically known (It doesn't have dynamic exports). So it's known statically that the requested export doesn't exist. @ http://localhost:3000/_next/static/chunks/node_modules_next_dist_0bc8q4g._.js:1952
[ 8366330ms] [ERROR] ./src/pages/login.tsx:6:1
Export AuxiliaryAction doesn't exist in target module
   4 | import { serverSideTranslations } from 'next-i18next/serverSideTranslations';
   5 | import { useRouter } from 'next/router';
>  6 | import {
     | ^^^^^^^
>  7 |     Action,
     | ^^^^^^^^^^^
>  8 |     AuxiliaryAction,
     | ^^^^^^^^^^^^^^^^^^^^
>  9 |     CheckboxRow,
     | ^^^^^^^^^^^^^^^^
> 10 |     Close,
     | ^^^^^^^^^^
> 11 |     Error,
     | ^^^^^^^^^^
> 12 |     Form,
     | ^^^^^^^^^
> 13 |     Input,
     | ^^^^^^^^^^
> 14 |     Modal,
     | ^^^^^^^^^^
> 15 |     ModalBody,
     | ^^^^^^^^^^^^^^
> 16 |     ModalHeader,
     | ^^^^^^^^^^^^^^^^
> 17 |     Page,
     | ^^^^^^^^^
> 18 |     Status,
     | ^^^^^^^^^^^
> 19 |     Tab,
     | ^^^^^^^^
> 20 |     Tabs,
     | ^^^^^^^^^
> 21 |     Title
     | ^^^^^^^^^
> 22 | } from '@/components/pages/LoginPage/LoginPage.styled';
     | ^^^^^^^^^^^^^^^^^^^^^^^^^^^^^^^^^^^^^^^^^^^^^^^^^^^^^^^
  23 |
  24 | type User = { username: string; email: string; password: string };
  25 |

The export AuxiliaryAction was not found in module [project]/src/components/pages/LoginPage/LoginPage.styled.tsx [client] (ecmascript).
Did you mean to import Title?
All exports of the module are statically known (It doesn't have dynamic exports). So it's known statically that the requested export doesn't exist. @ http://localhost:3000/_next/static/chunks/node_modules_next_dist_0bc8q4g._.js:1952
[ 8366330ms] [ERROR] ./src/pages/login.tsx:6:1
Export AuxiliaryAction doesn't exist in target module
   4 | import { serverSideTranslations } from 'next-i18next/serverSideTranslations';
   5 | import { useRouter } from 'next/router';
>  6 | import {
     | ^^^^^^^
>  7 |     Action,
     | ^^^^^^^^^^^
>  8 |     AuxiliaryAction,
     | ^^^^^^^^^^^^^^^^^^^^
>  9 |     CheckboxRow,
     | ^^^^^^^^^^^^^^^^
> 10 |     Close,
     | ^^^^^^^^^^
> 11 |     Error,
     | ^^^^^^^^^^
> 12 |     Form,
     | ^^^^^^^^^
> 13 |     Input,
     | ^^^^^^^^^^
> 14 |     Modal,
     | ^^^^^^^^^^
> 15 |     ModalBody,
     | ^^^^^^^^^^^^^^
> 16 |     ModalHeader,
     | ^^^^^^^^^^^^^^^^
> 17 |     Page,
     | ^^^^^^^^^
> 18 |     Status,
     | ^^^^^^^^^^^
> 19 |     Tab,
     | ^^^^^^^^
> 20 |     Tabs,
     | ^^^^^^^^^
> 21 |     Title
     | ^^^^^^^^^
> 22 | } from '@/components/pages/LoginPage/LoginPage.styled';
     | ^^^^^^^^^^^^^^^^^^^^^^^^^^^^^^^^^^^^^^^^^^^^^^^^^^^^^^^
  23 |
  24 | type User = { username: string; email: string; password: string };
  25 |

The export AuxiliaryAction was not found in module [project]/src/components/pages/LoginPage/LoginPage.styled.tsx [ssr] (ecmascript).
Did you mean to import Title?
All exports of the module are statically known (It doesn't have dynamic exports). So it's known statically that the requested export doesn't exist. @ http://localhost:3000/_next/static/chunks/node_modules_next_dist_0bc8q4g._.js:1952
[ 8366330ms] [ERROR] ./src/pages/login.tsx:6:1
Export Error doesn't exist in target module
   4 | import { serverSideTranslations } from 'next-i18next/serverSideTranslations';
   5 | import { useRouter } from 'next/router';
>  6 | import {
     | ^^^^^^^
>  7 |     Action,
     | ^^^^^^^^^^^
>  8 |     AuxiliaryAction,
     | ^^^^^^^^^^^^^^^^^^^^
>  9 |     CheckboxRow,
     | ^^^^^^^^^^^^^^^^
> 10 |     Close,
     | ^^^^^^^^^^
> 11 |     Error,
     | ^^^^^^^^^^
> 12 |     Form,
     | ^^^^^^^^^
> 13 |     Input,
     | ^^^^^^^^^^
> 14 |     Modal,
     | ^^^^^^^^^^
> 15 |     ModalBody,
     | ^^^^^^^^^^^^^^
> 16 |     ModalHeader,
     | ^^^^^^^^^^^^^^^^
> 17 |     Page,
     | ^^^^^^^^^
> 18 |     Status,
     | ^^^^^^^^^^^
> 19 |     Tab,
     | ^^^^^^^^
> 20 |     Tabs,
     | ^^^^^^^^^
> 21 |     Title
     | ^^^^^^^^^
> 22 | } from '@/components/pages/LoginPage/LoginPage.styled';
     | ^^^^^^^^^^^^^^^^^^^^^^^^^^^^^^^^^^^^^^^^^^^^^^^^^^^^^^^
  23 |
  24 | type User = { username: string; email: string; password: string };
  25 |

The export Error was not found in module [project]/src/components/pages/LoginPage/LoginPage.styled.tsx [client] (ecmascript).
Did you mean to import Form?
All exports of the module are statically known (It doesn't have dynamic exports). So it's known statically that the requested export doesn't exist. @ http://localhost:3000/_next/static/chunks/node_modules_next_dist_0bc8q4g._.js:1952
[ 8366330ms] [ERROR] ./src/pages/login.tsx:6:1
Export Error doesn't exist in target module
   4 | import { serverSideTranslations } from 'next-i18next/serverSideTranslations';
   5 | import { useRouter } from 'next/router';
>  6 | import {
     | ^^^^^^^
>  7 |     Action,
     | ^^^^^^^^^^^
>  8 |     AuxiliaryAction,
     | ^^^^^^^^^^^^^^^^^^^^
>  9 |     CheckboxRow,
     | ^^^^^^^^^^^^^^^^
> 10 |     Close,
     | ^^^^^^^^^^
> 11 |     Error,
     | ^^^^^^^^^^
> 12 |     Form,
     | ^^^^^^^^^
> 13 |     Input,
     | ^^^^^^^^^^
> 14 |     Modal,
     | ^^^^^^^^^^
> 15 |     ModalBody,
     | ^^^^^^^^^^^^^^
> 16 |     ModalHeader,
     | ^^^^^^^^^^^^^^^^
> 17 |     Page,
     | ^^^^^^^^^
> 18 |     Status,
     | ^^^^^^^^^^^
> 19 |     Tab,
     | ^^^^^^^^
> 20 |     Tabs,
     | ^^^^^^^^^
> 21 |     Title
     | ^^^^^^^^^
> 22 | } from '@/components/pages/LoginPage/LoginPage.styled';
     | ^^^^^^^^^^^^^^^^^^^^^^^^^^^^^^^^^^^^^^^^^^^^^^^^^^^^^^^
  23 |
  24 | type User = { username: string; email: string; password: string };
  25 |

The export Error was not found in module [project]/src/components/pages/LoginPage/LoginPage.styled.tsx [ssr] (ecmascript).
Did you mean to import Form?
All exports of the module are statically known (It doesn't have dynamic exports). So it's known statically that the requested export doesn't exist. @ http://localhost:3000/_next/static/chunks/node_modules_next_dist_0bc8q4g._.js:1952
[ 8366331ms] [ERROR] ./src/pages/login.tsx:6:1
Export Status doesn't exist in target module
   4 | import { serverSideTranslations } from 'next-i18next/serverSideTranslations';
   5 | import { useRouter } from 'next/router';
>  6 | import {
     | ^^^^^^^
>  7 |     Action,
     | ^^^^^^^^^^^
>  8 |     AuxiliaryAction,
     | ^^^^^^^^^^^^^^^^^^^^
>  9 |     CheckboxRow,
     | ^^^^^^^^^^^^^^^^
> 10 |     Close,
     | ^^^^^^^^^^
> 11 |     Error,
     | ^^^^^^^^^^
> 12 |     Form,
     | ^^^^^^^^^
> 13 |     Input,
     | ^^^^^^^^^^
> 14 |     Modal,
     | ^^^^^^^^^^
> 15 |     ModalBody,
     | ^^^^^^^^^^^^^^
> 16 |     ModalHeader,
     | ^^^^^^^^^^^^^^^^
> 17 |     Page,
     | ^^^^^^^^^
> 18 |     Status,
     | ^^^^^^^^^^^
> 19 |     Tab,
     | ^^^^^^^^
> 20 |     Tabs,
     | ^^^^^^^^^
> 21 |     Title
     | ^^^^^^^^^
> 22 | } from '@/components/pages/LoginPage/LoginPage.styled';
     | ^^^^^^^^^^^^^^^^^^^^^^^^^^^^^^^^^^^^^^^^^^^^^^^^^^^^^^^
  23 |
  24 | type User = { username: string; email: string; password: string };
  25 |

The export Status was not found in module [project]/src/components/pages/LoginPage/LoginPage.styled.tsx [client] (ecmascript).
Did you mean to import Tabs?
All exports of the module are statically known (It doesn't have dynamic exports). So it's known statically that the requested export doesn't exist. @ http://localhost:3000/_next/static/chunks/node_modules_next_dist_0bc8q4g._.js:1952
[ 8366331ms] [ERROR] ./src/pages/login.tsx:6:1
Export Status doesn't exist in target module
   4 | import { serverSideTranslations } from 'next-i18next/serverSideTranslations';
   5 | import { useRouter } from 'next/router';
>  6 | import {
     | ^^^^^^^
>  7 |     Action,
     | ^^^^^^^^^^^
>  8 |     AuxiliaryAction,
     | ^^^^^^^^^^^^^^^^^^^^
>  9 |     CheckboxRow,
     | ^^^^^^^^^^^^^^^^
> 10 |     Close,
     | ^^^^^^^^^^
> 11 |     Error,
     | ^^^^^^^^^^
> 12 |     Form,
     | ^^^^^^^^^
> 13 |     Input,
     | ^^^^^^^^^^
> 14 |     Modal,
     | ^^^^^^^^^^
> 15 |     ModalBody,
     | ^^^^^^^^^^^^^^
> 16 |     ModalHeader,
     | ^^^^^^^^^^^^^^^^
> 17 |     Page,
     | ^^^^^^^^^
> 18 |     Status,
     | ^^^^^^^^^^^
> 19 |     Tab,
     | ^^^^^^^^
> 20 |     Tabs,
     | ^^^^^^^^^
> 21 |     Title
     | ^^^^^^^^^
> 22 | } from '@/components/pages/LoginPage/LoginPage.styled';
     | ^^^^^^^^^^^^^^^^^^^^^^^^^^^^^^^^^^^^^^^^^^^^^^^^^^^^^^^
  23 |
  24 | type User = { username: string; email: string; password: string };
  25 |

The export Status was not found in module [project]/src/components/pages/LoginPage/LoginPage.styled.tsx [ssr] (ecmascript).
Did you mean to import Tabs?
All exports of the module are statically known (It doesn't have dynamic exports). So it's known statically that the requested export doesn't exist. @ http://localhost:3000/_next/static/chunks/node_modules_next_dist_0bc8q4g._.js:1952
[ 8366381ms] [ERROR] ./src/pages/login.tsx:6:1
Export Action doesn't exist in target module
   4 | import { serverSideTranslations } from 'next-i18next/serverSideTranslations';
   5 | import { useRouter } from 'next/router';
>  6 | import {
     | ^^^^^^^
>  7 |     Action,
     | ^^^^^^^^^^^
>  8 |     AuxiliaryAction,
     | ^^^^^^^^^^^^^^^^^^^^
>  9 |     CheckboxRow,
     | ^^^^^^^^^^^^^^^^
> 10 |     Close,
     | ^^^^^^^^^^
> 11 |     Error,
     | ^^^^^^^^^^
> 12 |     Form,
     | ^^^^^^^^^
> 13 |     Input,
     | ^^^^^^^^^^
> 14 |     Modal,
     | ^^^^^^^^^^
> 15 |     ModalBody,
     | ^^^^^^^^^^^^^^
> 16 |     ModalHeader,
     | ^^^^^^^^^^^^^^^^
> 17 |     Page,
     | ^^^^^^^^^
> 18 |     Status,
     | ^^^^^^^^^^^
> 19 |     Tab,
     | ^^^^^^^^
> 20 |     Tabs,
     | ^^^^^^^^^
> 21 |     Title
     | ^^^^^^^^^
> 22 | } from '@/components/pages/LoginPage/LoginPage.styled';
     | ^^^^^^^^^^^^^^^^^^^^^^^^^^^^^^^^^^^^^^^^^^^^^^^^^^^^^^^
  23 |
  24 | type User = { username: string; email: string; password: string };
  25 |

The export Action was not found in module [project]/src/components/pages/LoginPage/LoginPage.styled.tsx [client] (ecmascript).
Did you mean to import CheckboxRow?
All exports of the module are statically known (It doesn't have dynamic exports). So it's known statically that the requested export doesn't exist. @ http://localhost:3000/_next/static/chunks/node_modules_next_dist_0bc8q4g._.js:1952
[ 8366382ms] [ERROR] ./src/pages/login.tsx:6:1
Export Action doesn't exist in target module
   4 | import { serverSideTranslations } from 'next-i18next/serverSideTranslations';
   5 | import { useRouter } from 'next/router';
>  6 | import {
     | ^^^^^^^
>  7 |     Action,
     | ^^^^^^^^^^^
>  8 |     AuxiliaryAction,
     | ^^^^^^^^^^^^^^^^^^^^
>  9 |     CheckboxRow,
     | ^^^^^^^^^^^^^^^^
> 10 |     Close,
     | ^^^^^^^^^^
> 11 |     Error,
     | ^^^^^^^^^^
> 12 |     Form,
     | ^^^^^^^^^
> 13 |     Input,
     | ^^^^^^^^^^
> 14 |     Modal,
     | ^^^^^^^^^^
> 15 |     ModalBody,
     | ^^^^^^^^^^^^^^
> 16 |     ModalHeader,
     | ^^^^^^^^^^^^^^^^
> 17 |     Page,
     | ^^^^^^^^^
> 18 |     Status,
     | ^^^^^^^^^^^
> 19 |     Tab,
     | ^^^^^^^^
> 20 |     Tabs,
     | ^^^^^^^^^
> 21 |     Title
     | ^^^^^^^^^
> 22 | } from '@/components/pages/LoginPage/LoginPage.styled';
     | ^^^^^^^^^^^^^^^^^^^^^^^^^^^^^^^^^^^^^^^^^^^^^^^^^^^^^^^
  23 |
  24 | type User = { username: string; email: string; password: string };
  25 |

The export Action was not found in module [project]/src/components/pages/LoginPage/LoginPage.styled.tsx [ssr] (ecmascript).
Did you mean to import CheckboxRow?
All exports of the module are statically known (It doesn't have dynamic exports). So it's known statically that the requested export doesn't exist. @ http://localhost:3000/_next/static/chunks/node_modules_next_dist_0bc8q4g._.js:1952
[ 8366382ms] [ERROR] ./src/pages/login.tsx:6:1
Export AuxiliaryAction doesn't exist in target module
   4 | import { serverSideTranslations } from 'next-i18next/serverSideTranslations';
   5 | import { useRouter } from 'next/router';
>  6 | import {
     | ^^^^^^^
>  7 |     Action,
     | ^^^^^^^^^^^
>  8 |     AuxiliaryAction,
     | ^^^^^^^^^^^^^^^^^^^^
>  9 |     CheckboxRow,
     | ^^^^^^^^^^^^^^^^
> 10 |     Close,
     | ^^^^^^^^^^
> 11 |     Error,
     | ^^^^^^^^^^
> 12 |     Form,
     | ^^^^^^^^^
> 13 |     Input,
     | ^^^^^^^^^^
> 14 |     Modal,
     | ^^^^^^^^^^
> 15 |     ModalBody,
     | ^^^^^^^^^^^^^^
> 16 |     ModalHeader,
     | ^^^^^^^^^^^^^^^^
> 17 |     Page,
     | ^^^^^^^^^
> 18 |     Status,
     | ^^^^^^^^^^^
> 19 |     Tab,
     | ^^^^^^^^
> 20 |     Tabs,
     | ^^^^^^^^^
> 21 |     Title
     | ^^^^^^^^^
> 22 | } from '@/components/pages/LoginPage/LoginPage.styled';
     | ^^^^^^^^^^^^^^^^^^^^^^^^^^^^^^^^^^^^^^^^^^^^^^^^^^^^^^^
  23 |
  24 | type User = { username: string; email: string; password: string };
  25 |

The export AuxiliaryAction was not found in module [project]/src/components/pages/LoginPage/LoginPage.styled.tsx [client] (ecmascript).
Did you mean to import Title?
All exports of the module are statically known (It doesn't have dynamic exports). So it's known statically that the requested export doesn't exist. @ http://localhost:3000/_next/static/chunks/node_modules_next_dist_0bc8q4g._.js:1952
[ 8366382ms] [ERROR] ./src/pages/login.tsx:6:1
Export AuxiliaryAction doesn't exist in target module
   4 | import { serverSideTranslations } from 'next-i18next/serverSideTranslations';
   5 | import { useRouter } from 'next/router';
>  6 | import {
     | ^^^^^^^
>  7 |     Action,
     | ^^^^^^^^^^^
>  8 |     AuxiliaryAction,
     | ^^^^^^^^^^^^^^^^^^^^
>  9 |     CheckboxRow,
     | ^^^^^^^^^^^^^^^^
> 10 |     Close,
     | ^^^^^^^^^^
> 11 |     Error,
     | ^^^^^^^^^^
> 12 |     Form,
     | ^^^^^^^^^
> 13 |     Input,
     | ^^^^^^^^^^
> 14 |     Modal,
     | ^^^^^^^^^^
> 15 |     ModalBody,
     | ^^^^^^^^^^^^^^
> 16 |     ModalHeader,
     | ^^^^^^^^^^^^^^^^
> 17 |     Page,
     | ^^^^^^^^^
> 18 |     Status,
     | ^^^^^^^^^^^
> 19 |     Tab,
     | ^^^^^^^^
> 20 |     Tabs,
     | ^^^^^^^^^
> 21 |     Title
     | ^^^^^^^^^
> 22 | } from '@/components/pages/LoginPage/LoginPage.styled';
     | ^^^^^^^^^^^^^^^^^^^^^^^^^^^^^^^^^^^^^^^^^^^^^^^^^^^^^^^
  23 |
  24 | type User = { username: string; email: string; password: string };
  25 |

The export AuxiliaryAction was not found in module [project]/src/components/pages/LoginPage/LoginPage.styled.tsx [ssr] (ecmascript).
Did you mean to import Title?
All exports of the module are statically known (It doesn't have dynamic exports). So it's known statically that the requested export doesn't exist. @ http://localhost:3000/_next/static/chunks/node_modules_next_dist_0bc8q4g._.js:1952
[ 8366382ms] [ERROR] ./src/pages/login.tsx:6:1
Export Error doesn't exist in target module
   4 | import { serverSideTranslations } from 'next-i18next/serverSideTranslations';
   5 | import { useRouter } from 'next/router';
>  6 | import {
     | ^^^^^^^
>  7 |     Action,
     | ^^^^^^^^^^^
>  8 |     AuxiliaryAction,
     | ^^^^^^^^^^^^^^^^^^^^
>  9 |     CheckboxRow,
     | ^^^^^^^^^^^^^^^^
> 10 |     Close,
     | ^^^^^^^^^^
> 11 |     Error,
     | ^^^^^^^^^^
> 12 |     Form,
     | ^^^^^^^^^
> 13 |     Input,
     | ^^^^^^^^^^
> 14 |     Modal,
     | ^^^^^^^^^^
> 15 |     ModalBody,
     | ^^^^^^^^^^^^^^
> 16 |     ModalHeader,
     | ^^^^^^^^^^^^^^^^
> 17 |     Page,
     | ^^^^^^^^^
> 18 |     Status,
     | ^^^^^^^^^^^
> 19 |     Tab,
     | ^^^^^^^^
> 20 |     Tabs,
     | ^^^^^^^^^
> 21 |     Title
     | ^^^^^^^^^
> 22 | } from '@/components/pages/LoginPage/LoginPage.styled';
     | ^^^^^^^^^^^^^^^^^^^^^^^^^^^^^^^^^^^^^^^^^^^^^^^^^^^^^^^
  23 |
  24 | type User = { username: string; email: string; password: string };
  25 |

The export Error was not found in module [project]/src/components/pages/LoginPage/LoginPage.styled.tsx [client] (ecmascript).
Did you mean to import Form?
All exports of the module are statically known (It doesn't have dynamic exports). So it's known statically that the requested export doesn't exist. @ http://localhost:3000/_next/static/chunks/node_modules_next_dist_0bc8q4g._.js:1952
[ 8366383ms] [ERROR] ./src/pages/login.tsx:6:1
Export Error doesn't exist in target module
   4 | import { serverSideTranslations } from 'next-i18next/serverSideTranslations';
   5 | import { useRouter } from 'next/router';
>  6 | import {
     | ^^^^^^^
>  7 |     Action,
     | ^^^^^^^^^^^
>  8 |     AuxiliaryAction,
     | ^^^^^^^^^^^^^^^^^^^^
>  9 |     CheckboxRow,
     | ^^^^^^^^^^^^^^^^
> 10 |     Close,
     | ^^^^^^^^^^
> 11 |     Error,
     | ^^^^^^^^^^
> 12 |     Form,
     | ^^^^^^^^^
> 13 |     Input,
     | ^^^^^^^^^^
> 14 |     Modal,
     | ^^^^^^^^^^
> 15 |     ModalBody,
     | ^^^^^^^^^^^^^^
> 16 |     ModalHeader,
     | ^^^^^^^^^^^^^^^^
> 17 |     Page,
     | ^^^^^^^^^
> 18 |     Status,
     | ^^^^^^^^^^^
> 19 |     Tab,
     | ^^^^^^^^
> 20 |     Tabs,
     | ^^^^^^^^^
> 21 |     Title
     | ^^^^^^^^^
> 22 | } from '@/components/pages/LoginPage/LoginPage.styled';
     | ^^^^^^^^^^^^^^^^^^^^^^^^^^^^^^^^^^^^^^^^^^^^^^^^^^^^^^^
  23 |
  24 | type User = { username: string; email: string; password: string };
  25 |

The export Error was not found in module [project]/src/components/pages/LoginPage/LoginPage.styled.tsx [ssr] (ecmascript).
Did you mean to import Form?
All exports of the module are statically known (It doesn't have dynamic exports). So it's known statically that the requested export doesn't exist. @ http://localhost:3000/_next/static/chunks/node_modules_next_dist_0bc8q4g._.js:1952
[ 8366384ms] [ERROR] ./src/pages/login.tsx:6:1
Export Status doesn't exist in target module
   4 | import { serverSideTranslations } from 'next-i18next/serverSideTranslations';
   5 | import { useRouter } from 'next/router';
>  6 | import {
     | ^^^^^^^
>  7 |     Action,
     | ^^^^^^^^^^^
>  8 |     AuxiliaryAction,
     | ^^^^^^^^^^^^^^^^^^^^
>  9 |     CheckboxRow,
     | ^^^^^^^^^^^^^^^^
> 10 |     Close,
     | ^^^^^^^^^^
> 11 |     Error,
     | ^^^^^^^^^^
> 12 |     Form,
     | ^^^^^^^^^
> 13 |     Input,
     | ^^^^^^^^^^
> 14 |     Modal,
     | ^^^^^^^^^^
> 15 |     ModalBody,
     | ^^^^^^^^^^^^^^
> 16 |     ModalHeader,
     | ^^^^^^^^^^^^^^^^
> 17 |     Page,
     | ^^^^^^^^^
> 18 |     Status,
     | ^^^^^^^^^^^
> 19 |     Tab,
     | ^^^^^^^^
> 20 |     Tabs,
     | ^^^^^^^^^
> 21 |     Title
     | ^^^^^^^^^
> 22 | } from '@/components/pages/LoginPage/LoginPage.styled';
     | ^^^^^^^^^^^^^^^^^^^^^^^^^^^^^^^^^^^^^^^^^^^^^^^^^^^^^^^
  23 |
  24 | type User = { username: string; email: string; password: string };
  25 |

The export Status was not found in module [project]/src/components/pages/LoginPage/LoginPage.styled.tsx [client] (ecmascript).
Did you mean to import Tabs?
All exports of the module are statically known (It doesn't have dynamic exports). So it's known statically that the requested export doesn't exist. @ http://localhost:3000/_next/static/chunks/node_modules_next_dist_0bc8q4g._.js:1952
[ 8366384ms] [ERROR] ./src/pages/login.tsx:6:1
Export Status doesn't exist in target module
   4 | import { serverSideTranslations } from 'next-i18next/serverSideTranslations';
   5 | import { useRouter } from 'next/router';
>  6 | import {
     | ^^^^^^^
>  7 |     Action,
     | ^^^^^^^^^^^
>  8 |     AuxiliaryAction,
     | ^^^^^^^^^^^^^^^^^^^^
>  9 |     CheckboxRow,
     | ^^^^^^^^^^^^^^^^
> 10 |     Close,
     | ^^^^^^^^^^
> 11 |     Error,
     | ^^^^^^^^^^
> 12 |     Form,
     | ^^^^^^^^^
> 13 |     Input,
     | ^^^^^^^^^^
> 14 |     Modal,
     | ^^^^^^^^^^
> 15 |     ModalBody,
     | ^^^^^^^^^^^^^^
> 16 |     ModalHeader,
     | ^^^^^^^^^^^^^^^^
> 17 |     Page,
     | ^^^^^^^^^
> 18 |     Status,
     | ^^^^^^^^^^^
> 19 |     Tab,
     | ^^^^^^^^
> 20 |     Tabs,
     | ^^^^^^^^^
> 21 |     Title
     | ^^^^^^^^^
> 22 | } from '@/components/pages/LoginPage/LoginPage.styled';
     | ^^^^^^^^^^^^^^^^^^^^^^^^^^^^^^^^^^^^^^^^^^^^^^^^^^^^^^^
  23 |
  24 | type User = { username: string; email: string; password: string };
  25 |

The export Status was not found in module [project]/src/components/pages/LoginPage/LoginPage.styled.tsx [ssr] (ecmascript).
Did you mean to import Tabs?
All exports of the module are statically known (It doesn't have dynamic exports). So it's known statically that the requested export doesn't exist. @ http://localhost:3000/_next/static/chunks/node_modules_next_dist_0bc8q4g._.js:1952
[ 8366491ms] [LOG] [Fast Refresh] rebuilding @ http://localhost:3000/_next/static/chunks/node_modules_next_dist_0bc8q4g._.js:1233
[ 8366544ms] [ERROR] Failed to load resource: the server responded with a status of 500 (Internal Server Error) @ http://localhost:3000/login:0
[ 8366748ms] [INFO] %cDownload the React DevTools for a better development experience: https://reactjs.org/link/react-devtools font-weight:bold @ http://localhost:3000/_next/static/chunks/node_modules_react-dom_cjs_react-dom_development_07i0ttg.js:25055
[ 8366997ms] Error: ./src/pages/login.tsx:6:1
Export Action doesn't exist in target module
   4 | import { serverSideTranslations } from 'next-i18next/serverSideTranslations';
   5 | import { useRouter } from 'next/router';
>  6 | import {
     | ^^^^^^^
>  7 |     Action,
     | ^^^^^^^^^^^
>  8 |     AuxiliaryAction,
     | ^^^^^^^^^^^^^^^^^^^^
>  9 |     CheckboxRow,
     | ^^^^^^^^^^^^^^^^
> 10 |     Close,
     | ^^^^^^^^^^
> 11 |     Error,
     | ^^^^^^^^^^
> 12 |     Form,
     | ^^^^^^^^^
> 13 |     Input,
     | ^^^^^^^^^^
> 14 |     Modal,
     | ^^^^^^^^^^
> 15 |     ModalBody,
     | ^^^^^^^^^^^^^^
> 16 |     ModalHeader,
     | ^^^^^^^^^^^^^^^^
> 17 |     Page,
     | ^^^^^^^^^
> 18 |     Status,
     | ^^^^^^^^^^^
> 19 |     Tab,
     | ^^^^^^^^
> 20 |     Tabs,
     | ^^^^^^^^^
> 21 |     Title
     | ^^^^^^^^^
> 22 | } from '@/components/pages/LoginPage/LoginPage.styled';
     | ^^^^^^^^^^^^^^^^^^^^^^^^^^^^^^^^^^^^^^^^^^^^^^^^^^^^^^^
  23 |
  24 | type User = { username: string; email: string; password: string };
  25 |

The export Action was not found in module [project]/src/components/pages/LoginPage/LoginPage.styled.tsx [client] (ecmascript).
Did you mean to import CheckboxRow?
All exports of the module are statically known (It doesn't have dynamic exports). So it's known statically that the requested export doesn't exist.


    at <unknown> (Error: ./src/pages/login.tsx:6:1)
    at Object.getCompilationErrors (file://C:\Users\stani\projects\stammbaum\node_modules\next\dist\server\dev\hot-reloader-turbopack.js:1186:59)
    at DevBundlerService.getCompilationError (file://C:\Users\stani\projects\stammbaum\node_modules\next\dist\server\lib\dev-bundler-service.js:44:55)
    at DevServer.getCompilationError (file://C:\Users\stani\projects\stammbaum\node_modules\next\dist\server\dev\next-dev-server.js:720:42)
    at DevServer.findPageComponents (file://C:\Users\stani\projects\stammbaum\node_modules\next\dist\server\dev\next-dev-server.js:690:43)
    at async DevServer.renderErrorToResponseImpl (file://C:\Users\stani\projects\stammbaum\node_modules\next\dist\server\base-server.js:1753:26)
[ 8366999ms] [LOG] [HMR] connected @ http://localhost:3000/_next/static/chunks/node_modules_next_dist_0bc8q4g._.js:1233
[ 8367021ms] [ERROR] ./src/pages/login.tsx:6:1
Export Action doesn't exist in target module
   4 | import { serverSideTranslations } from 'next-i18next/serverSideTranslations';
   5 | import { useRouter } from 'next/router';
>  6 | import {
     | ^^^^^^^
>  7 |     Action,
     | ^^^^^^^^^^^
>  8 |     AuxiliaryAction,
     | ^^^^^^^^^^^^^^^^^^^^
>  9 |     CheckboxRow,
     | ^^^^^^^^^^^^^^^^
> 10 |     Close,
     | ^^^^^^^^^^
> 11 |     Error,
     | ^^^^^^^^^^
> 12 |     Form,
     | ^^^^^^^^^
> 13 |     Input,
     | ^^^^^^^^^^
> 14 |     Modal,
     | ^^^^^^^^^^
> 15 |     ModalBody,
     | ^^^^^^^^^^^^^^
> 16 |     ModalHeader,
     | ^^^^^^^^^^^^^^^^
> 17 |     Page,
     | ^^^^^^^^^
> 18 |     Status,
     | ^^^^^^^^^^^
> 19 |     Tab,
     | ^^^^^^^^
> 20 |     Tabs,
     | ^^^^^^^^^
> 21 |     Title
     | ^^^^^^^^^
> 22 | } from '@/components/pages/LoginPage/LoginPage.styled';
     | ^^^^^^^^^^^^^^^^^^^^^^^^^^^^^^^^^^^^^^^^^^^^^^^^^^^^^^^
  23 |
  24 | type User = { username: string; email: string; password: string };
  25 |

The export Action was not found in module [project]/src/components/pages/LoginPage/LoginPage.styled.tsx [client] (ecmascript).
Did you mean to import CheckboxRow?
All exports of the module are statically known (It doesn't have dynamic exports). So it's known statically that the requested export doesn't exist. @ http://localhost:3000/_next/static/chunks/node_modules_next_dist_0bc8q4g._.js:1952
[ 8367026ms] [ERROR] ./src/pages/login.tsx:6:1
Export Action doesn't exist in target module
   4 | import { serverSideTranslations } from 'next-i18next/serverSideTranslations';
   5 | import { useRouter } from 'next/router';
>  6 | import {
     | ^^^^^^^
>  7 |     Action,
     | ^^^^^^^^^^^
>  8 |     AuxiliaryAction,
     | ^^^^^^^^^^^^^^^^^^^^
>  9 |     CheckboxRow,
     | ^^^^^^^^^^^^^^^^
> 10 |     Close,
     | ^^^^^^^^^^
> 11 |     Error,
     | ^^^^^^^^^^
> 12 |     Form,
     | ^^^^^^^^^
> 13 |     Input,
     | ^^^^^^^^^^
> 14 |     Modal,
     | ^^^^^^^^^^
> 15 |     ModalBody,
     | ^^^^^^^^^^^^^^
> 16 |     ModalHeader,
     | ^^^^^^^^^^^^^^^^
> 17 |     Page,
     | ^^^^^^^^^
> 18 |     Status,
     | ^^^^^^^^^^^
> 19 |     Tab,
     | ^^^^^^^^
> 20 |     Tabs,
     | ^^^^^^^^^
> 21 |     Title
     | ^^^^^^^^^
> 22 | } from '@/components/pages/LoginPage/LoginPage.styled';
     | ^^^^^^^^^^^^^^^^^^^^^^^^^^^^^^^^^^^^^^^^^^^^^^^^^^^^^^^
  23 |
  24 | type User = { username: string; email: string; password: string };
  25 |

The export Action was not found in module [project]/src/components/pages/LoginPage/LoginPage.styled.tsx [ssr] (ecmascript).
Did you mean to import CheckboxRow?
All exports of the module are statically known (It doesn't have dynamic exports). So it's known statically that the requested export doesn't exist. @ http://localhost:3000/_next/static/chunks/node_modules_next_dist_0bc8q4g._.js:1952
[ 8367026ms] [ERROR] ./src/pages/login.tsx:6:1
Export AuxiliaryAction doesn't exist in target module
   4 | import { serverSideTranslations } from 'next-i18next/serverSideTranslations';
   5 | import { useRouter } from 'next/router';
>  6 | import {
     | ^^^^^^^
>  7 |     Action,
     | ^^^^^^^^^^^
>  8 |     AuxiliaryAction,
     | ^^^^^^^^^^^^^^^^^^^^
>  9 |     CheckboxRow,
     | ^^^^^^^^^^^^^^^^
> 10 |     Close,
     | ^^^^^^^^^^
> 11 |     Error,
     | ^^^^^^^^^^
> 12 |     Form,
     | ^^^^^^^^^
> 13 |     Input,
     | ^^^^^^^^^^
> 14 |     Modal,
     | ^^^^^^^^^^
> 15 |     ModalBody,
     | ^^^^^^^^^^^^^^
> 16 |     ModalHeader,
     | ^^^^^^^^^^^^^^^^
> 17 |     Page,
     | ^^^^^^^^^
> 18 |     Status,
     | ^^^^^^^^^^^
> 19 |     Tab,
     | ^^^^^^^^
> 20 |     Tabs,
     | ^^^^^^^^^
> 21 |     Title
     | ^^^^^^^^^
> 22 | } from '@/components/pages/LoginPage/LoginPage.styled';
     | ^^^^^^^^^^^^^^^^^^^^^^^^^^^^^^^^^^^^^^^^^^^^^^^^^^^^^^^
  23 |
  24 | type User = { username: string; email: string; password: string };
  25 |

The export AuxiliaryAction was not found in module [project]/src/components/pages/LoginPage/LoginPage.styled.tsx [client] (ecmascript).
Did you mean to import Title?
All exports of the module are statically known (It doesn't have dynamic exports). So it's known statically that the requested export doesn't exist. @ http://localhost:3000/_next/static/chunks/node_modules_next_dist_0bc8q4g._.js:1952
[ 8367027ms] [ERROR] ./src/pages/login.tsx:6:1
Export AuxiliaryAction doesn't exist in target module
   4 | import { serverSideTranslations } from 'next-i18next/serverSideTranslations';
   5 | import { useRouter } from 'next/router';
>  6 | import {
     | ^^^^^^^
>  7 |     Action,
     | ^^^^^^^^^^^
>  8 |     AuxiliaryAction,
     | ^^^^^^^^^^^^^^^^^^^^
>  9 |     CheckboxRow,
     | ^^^^^^^^^^^^^^^^
> 10 |     Close,
     | ^^^^^^^^^^
> 11 |     Error,
     | ^^^^^^^^^^
> 12 |     Form,
     | ^^^^^^^^^
> 13 |     Input,
     | ^^^^^^^^^^
> 14 |     Modal,
     | ^^^^^^^^^^
> 15 |     ModalBody,
     | ^^^^^^^^^^^^^^
> 16 |     ModalHeader,
     | ^^^^^^^^^^^^^^^^
> 17 |     Page,
     | ^^^^^^^^^
> 18 |     Status,
     | ^^^^^^^^^^^
> 19 |     Tab,
     | ^^^^^^^^
> 20 |     Tabs,
     | ^^^^^^^^^
> 21 |     Title
     | ^^^^^^^^^
> 22 | } from '@/components/pages/LoginPage/LoginPage.styled';
     | ^^^^^^^^^^^^^^^^^^^^^^^^^^^^^^^^^^^^^^^^^^^^^^^^^^^^^^^
  23 |
  24 | type User = { username: string; email: string; password: string };
  25 |

The export AuxiliaryAction was not found in module [project]/src/components/pages/LoginPage/LoginPage.styled.tsx [ssr] (ecmascript).
Did you mean to import Title?
All exports of the module are statically known (It doesn't have dynamic exports). So it's known statically that the requested export doesn't exist. @ http://localhost:3000/_next/static/chunks/node_modules_next_dist_0bc8q4g._.js:1952
[ 8367029ms] [ERROR] ./src/pages/login.tsx:6:1
Export Error doesn't exist in target module
   4 | import { serverSideTranslations } from 'next-i18next/serverSideTranslations';
   5 | import { useRouter } from 'next/router';
>  6 | import {
     | ^^^^^^^
>  7 |     Action,
     | ^^^^^^^^^^^
>  8 |     AuxiliaryAction,
     | ^^^^^^^^^^^^^^^^^^^^
>  9 |     CheckboxRow,
     | ^^^^^^^^^^^^^^^^
> 10 |     Close,
     | ^^^^^^^^^^
> 11 |     Error,
     | ^^^^^^^^^^
> 12 |     Form,
     | ^^^^^^^^^
> 13 |     Input,
     | ^^^^^^^^^^
> 14 |     Modal,
     | ^^^^^^^^^^
> 15 |     ModalBody,
     | ^^^^^^^^^^^^^^
> 16 |     ModalHeader,
     | ^^^^^^^^^^^^^^^^
> 17 |     Page,
     | ^^^^^^^^^
> 18 |     Status,
     | ^^^^^^^^^^^
> 19 |     Tab,
     | ^^^^^^^^
> 20 |     Tabs,
     | ^^^^^^^^^
> 21 |     Title
     | ^^^^^^^^^
> 22 | } from '@/components/pages/LoginPage/LoginPage.styled';
     | ^^^^^^^^^^^^^^^^^^^^^^^^^^^^^^^^^^^^^^^^^^^^^^^^^^^^^^^
  23 |
  24 | type User = { username: string; email: string; password: string };
  25 |

The export Error was not found in module [project]/src/components/pages/LoginPage/LoginPage.styled.tsx [client] (ecmascript).
Did you mean to import Form?
All exports of the module are statically known (It doesn't have dynamic exports). So it's known statically that the requested export doesn't exist. @ http://localhost:3000/_next/static/chunks/node_modules_next_dist_0bc8q4g._.js:1952
[ 8367040ms] [ERROR] ./src/pages/login.tsx:6:1
Export Error doesn't exist in target module
   4 | import { serverSideTranslations } from 'next-i18next/serverSideTranslations';
   5 | import { useRouter } from 'next/router';
>  6 | import {
     | ^^^^^^^
>  7 |     Action,
     | ^^^^^^^^^^^
>  8 |     AuxiliaryAction,
     | ^^^^^^^^^^^^^^^^^^^^
>  9 |     CheckboxRow,
     | ^^^^^^^^^^^^^^^^
> 10 |     Close,
     | ^^^^^^^^^^
> 11 |     Error,
     | ^^^^^^^^^^
> 12 |     Form,
     | ^^^^^^^^^
> 13 |     Input,
     | ^^^^^^^^^^
> 14 |     Modal,
     | ^^^^^^^^^^
> 15 |     ModalBody,
     | ^^^^^^^^^^^^^^
> 16 |     ModalHeader,
     | ^^^^^^^^^^^^^^^^
> 17 |     Page,
     | ^^^^^^^^^
> 18 |     Status,
     | ^^^^^^^^^^^
> 19 |     Tab,
     | ^^^^^^^^
> 20 |     Tabs,
     | ^^^^^^^^^
> 21 |     Title
     | ^^^^^^^^^
> 22 | } from '@/components/pages/LoginPage/LoginPage.styled';
     | ^^^^^^^^^^^^^^^^^^^^^^^^^^^^^^^^^^^^^^^^^^^^^^^^^^^^^^^
  23 |
  24 | type User = { username: string; email: string; password: string };
  25 |

The export Error was not found in module [project]/src/components/pages/LoginPage/LoginPage.styled.tsx [ssr] (ecmascript).
Did you mean to import Form?
All exports of the module are statically known (It doesn't have dynamic exports). So it's known statically that the requested export doesn't exist. @ http://localhost:3000/_next/static/chunks/node_modules_next_dist_0bc8q4g._.js:1952
[ 8367040ms] [ERROR] ./src/pages/login.tsx:6:1
Export Status doesn't exist in target module
   4 | import { serverSideTranslations } from 'next-i18next/serverSideTranslations';
   5 | import { useRouter } from 'next/router';
>  6 | import {
     | ^^^^^^^
>  7 |     Action,
     | ^^^^^^^^^^^
>  8 |     AuxiliaryAction,
     | ^^^^^^^^^^^^^^^^^^^^
>  9 |     CheckboxRow,
     | ^^^^^^^^^^^^^^^^
> 10 |     Close,
     | ^^^^^^^^^^
> 11 |     Error,
     | ^^^^^^^^^^
> 12 |     Form,
     | ^^^^^^^^^
> 13 |     Input,
     | ^^^^^^^^^^
> 14 |     Modal,
     | ^^^^^^^^^^
> 15 |     ModalBody,
     | ^^^^^^^^^^^^^^
> 16 |     ModalHeader,
     | ^^^^^^^^^^^^^^^^
> 17 |     Page,
     | ^^^^^^^^^
> 18 |     Status,
     | ^^^^^^^^^^^
> 19 |     Tab,
     | ^^^^^^^^
> 20 |     Tabs,
     | ^^^^^^^^^
> 21 |     Title
     | ^^^^^^^^^
> 22 | } from '@/components/pages/LoginPage/LoginPage.styled';
     | ^^^^^^^^^^^^^^^^^^^^^^^^^^^^^^^^^^^^^^^^^^^^^^^^^^^^^^^
  23 |
  24 | type User = { username: string; email: string; password: string };
  25 |

The export Status was not found in module [project]/src/components/pages/LoginPage/LoginPage.styled.tsx [client] (ecmascript).
Did you mean to import Tabs?
All exports of the module are statically known (It doesn't have dynamic exports). So it's known statically that the requested export doesn't exist. @ http://localhost:3000/_next/static/chunks/node_modules_next_dist_0bc8q4g._.js:1952
[ 8367040ms] [ERROR] ./src/pages/login.tsx:6:1
Export Status doesn't exist in target module
   4 | import { serverSideTranslations } from 'next-i18next/serverSideTranslations';
   5 | import { useRouter } from 'next/router';
>  6 | import {
     | ^^^^^^^
>  7 |     Action,
     | ^^^^^^^^^^^
>  8 |     AuxiliaryAction,
     | ^^^^^^^^^^^^^^^^^^^^
>  9 |     CheckboxRow,
     | ^^^^^^^^^^^^^^^^
> 10 |     Close,
     | ^^^^^^^^^^
> 11 |     Error,
     | ^^^^^^^^^^
> 12 |     Form,
     | ^^^^^^^^^
> 13 |     Input,
     | ^^^^^^^^^^
> 14 |     Modal,
     | ^^^^^^^^^^
> 15 |     ModalBody,
     | ^^^^^^^^^^^^^^
> 16 |     ModalHeader,
     | ^^^^^^^^^^^^^^^^
> 17 |     Page,
     | ^^^^^^^^^
> 18 |     Status,
     | ^^^^^^^^^^^
> 19 |     Tab,
     | ^^^^^^^^
> 20 |     Tabs,
     | ^^^^^^^^^
> 21 |     Title
     | ^^^^^^^^^
> 22 | } from '@/components/pages/LoginPage/LoginPage.styled';
     | ^^^^^^^^^^^^^^^^^^^^^^^^^^^^^^^^^^^^^^^^^^^^^^^^^^^^^^^
  23 |
  24 | type User = { username: string; email: string; password: string };
  25 |

The export Status was not found in module [project]/src/components/pages/LoginPage/LoginPage.styled.tsx [ssr] (ecmascript).
Did you mean to import Tabs?
All exports of the module are statically known (It doesn't have dynamic exports). So it's known statically that the requested export doesn't exist. @ http://localhost:3000/_next/static/chunks/node_modules_next_dist_0bc8q4g._.js:1952
[ 8367109ms] [ERROR] ./src/pages/login.tsx:6:1
Export Action doesn't exist in target module
   4 | import { serverSideTranslations } from 'next-i18next/serverSideTranslations';
   5 | import { useRouter } from 'next/router';
>  6 | import {
     | ^^^^^^^
>  7 |     Action,
     | ^^^^^^^^^^^
>  8 |     AuxiliaryAction,
     | ^^^^^^^^^^^^^^^^^^^^
>  9 |     CheckboxRow,
     | ^^^^^^^^^^^^^^^^
> 10 |     Close,
     | ^^^^^^^^^^
> 11 |     Error,
     | ^^^^^^^^^^
> 12 |     Form,
     | ^^^^^^^^^
> 13 |     Input,
     | ^^^^^^^^^^
> 14 |     Modal,
     | ^^^^^^^^^^
> 15 |     ModalBody,
     | ^^^^^^^^^^^^^^
> 16 |     ModalHeader,
     | ^^^^^^^^^^^^^^^^
> 17 |     Page,
     | ^^^^^^^^^
> 18 |     Status,
     | ^^^^^^^^^^^
> 19 |     Tab,
     | ^^^^^^^^
> 20 |     Tabs,
     | ^^^^^^^^^
> 21 |     Title
     | ^^^^^^^^^
> 22 | } from '@/components/pages/LoginPage/LoginPage.styled';
     | ^^^^^^^^^^^^^^^^^^^^^^^^^^^^^^^^^^^^^^^^^^^^^^^^^^^^^^^
  23 |
  24 | type User = { username: string; email: string; password: string };
  25 |

The export Action was not found in module [project]/src/components/pages/LoginPage/LoginPage.styled.tsx [client] (ecmascript).
Did you mean to import CheckboxRow?
All exports of the module are statically known (It doesn't have dynamic exports). So it's known statically that the requested export doesn't exist. @ http://localhost:3000/_next/static/chunks/node_modules_next_dist_0bc8q4g._.js:1952
[ 8367116ms] [ERROR] ./src/pages/login.tsx:6:1
Export Action doesn't exist in target module
   4 | import { serverSideTranslations } from 'next-i18next/serverSideTranslations';
   5 | import { useRouter } from 'next/router';
>  6 | import {
     | ^^^^^^^
>  7 |     Action,
     | ^^^^^^^^^^^
>  8 |     AuxiliaryAction,
     | ^^^^^^^^^^^^^^^^^^^^
>  9 |     CheckboxRow,
     | ^^^^^^^^^^^^^^^^
> 10 |     Close,
     | ^^^^^^^^^^
> 11 |     Error,
     | ^^^^^^^^^^
> 12 |     Form,
     | ^^^^^^^^^
> 13 |     Input,
     | ^^^^^^^^^^
> 14 |     Modal,
     | ^^^^^^^^^^
> 15 |     ModalBody,
     | ^^^^^^^^^^^^^^
> 16 |     ModalHeader,
     | ^^^^^^^^^^^^^^^^
> 17 |     Page,
     | ^^^^^^^^^
> 18 |     Status,
     | ^^^^^^^^^^^
> 19 |     Tab,
     | ^^^^^^^^
> 20 |     Tabs,
     | ^^^^^^^^^
> 21 |     Title
     | ^^^^^^^^^
> 22 | } from '@/components/pages/LoginPage/LoginPage.styled';
     | ^^^^^^^^^^^^^^^^^^^^^^^^^^^^^^^^^^^^^^^^^^^^^^^^^^^^^^^
  23 |
  24 | type User = { username: string; email: string; password: string };
  25 |

The export Action was not found in module [project]/src/components/pages/LoginPage/LoginPage.styled.tsx [ssr] (ecmascript).
Did you mean to import CheckboxRow?
All exports of the module are statically known (It doesn't have dynamic exports). So it's known statically that the requested export doesn't exist. @ http://localhost:3000/_next/static/chunks/node_modules_next_dist_0bc8q4g._.js:1952
[ 8367118ms] [ERROR] ./src/pages/login.tsx:6:1
Export AuxiliaryAction doesn't exist in target module
   4 | import { serverSideTranslations } from 'next-i18next/serverSideTranslations';
   5 | import { useRouter } from 'next/router';
>  6 | import {
     | ^^^^^^^
>  7 |     Action,
     | ^^^^^^^^^^^
>  8 |     AuxiliaryAction,
     | ^^^^^^^^^^^^^^^^^^^^
>  9 |     CheckboxRow,
     | ^^^^^^^^^^^^^^^^
> 10 |     Close,
     | ^^^^^^^^^^
> 11 |     Error,
     | ^^^^^^^^^^
> 12 |     Form,
     | ^^^^^^^^^
> 13 |     Input,
     | ^^^^^^^^^^
> 14 |     Modal,
     | ^^^^^^^^^^
> 15 |     ModalBody,
     | ^^^^^^^^^^^^^^
> 16 |     ModalHeader,
     | ^^^^^^^^^^^^^^^^
> 17 |     Page,
     | ^^^^^^^^^
> 18 |     Status,
     | ^^^^^^^^^^^
> 19 |     Tab,
     | ^^^^^^^^
> 20 |     Tabs,
     | ^^^^^^^^^
> 21 |     Title
     | ^^^^^^^^^
> 22 | } from '@/components/pages/LoginPage/LoginPage.styled';
     | ^^^^^^^^^^^^^^^^^^^^^^^^^^^^^^^^^^^^^^^^^^^^^^^^^^^^^^^
  23 |
  24 | type User = { username: string; email: string; password: string };
  25 |

The export AuxiliaryAction was not found in module [project]/src/components/pages/LoginPage/LoginPage.styled.tsx [client] (ecmascript).
Did you mean to import Title?
All exports of the module are statically known (It doesn't have dynamic exports). So it's known statically that the requested export doesn't exist. @ http://localhost:3000/_next/static/chunks/node_modules_next_dist_0bc8q4g._.js:1952
[ 8367119ms] [ERROR] ./src/pages/login.tsx:6:1
Export AuxiliaryAction doesn't exist in target module
   4 | import { serverSideTranslations } from 'next-i18next/serverSideTranslations';
   5 | import { useRouter } from 'next/router';
>  6 | import {
     | ^^^^^^^
>  7 |     Action,
     | ^^^^^^^^^^^
>  8 |     AuxiliaryAction,
     | ^^^^^^^^^^^^^^^^^^^^
>  9 |     CheckboxRow,
     | ^^^^^^^^^^^^^^^^
> 10 |     Close,
     | ^^^^^^^^^^
> 11 |     Error,
     | ^^^^^^^^^^
> 12 |     Form,
     | ^^^^^^^^^
> 13 |     Input,
     | ^^^^^^^^^^
> 14 |     Modal,
     | ^^^^^^^^^^
> 15 |     ModalBody,
     | ^^^^^^^^^^^^^^
> 16 |     ModalHeader,
     | ^^^^^^^^^^^^^^^^
> 17 |     Page,
     | ^^^^^^^^^
> 18 |     Status,
     | ^^^^^^^^^^^
> 19 |     Tab,
     | ^^^^^^^^
> 20 |     Tabs,
     | ^^^^^^^^^
> 21 |     Title
     | ^^^^^^^^^
> 22 | } from '@/components/pages/LoginPage/LoginPage.styled';
     | ^^^^^^^^^^^^^^^^^^^^^^^^^^^^^^^^^^^^^^^^^^^^^^^^^^^^^^^
  23 |
  24 | type User = { username: string; email: string; password: string };
  25 |

The export AuxiliaryAction was not found in module [project]/src/components/pages/LoginPage/LoginPage.styled.tsx [ssr] (ecmascript).
Did you mean to import Title?
All exports of the module are statically known (It doesn't have dynamic exports). So it's known statically that the requested export doesn't exist. @ http://localhost:3000/_next/static/chunks/node_modules_next_dist_0bc8q4g._.js:1952
[ 8367120ms] [ERROR] ./src/pages/login.tsx:6:1
Export Error doesn't exist in target module
   4 | import { serverSideTranslations } from 'next-i18next/serverSideTranslations';
   5 | import { useRouter } from 'next/router';
>  6 | import {
     | ^^^^^^^
>  7 |     Action,
     | ^^^^^^^^^^^
>  8 |     AuxiliaryAction,
     | ^^^^^^^^^^^^^^^^^^^^
>  9 |     CheckboxRow,
     | ^^^^^^^^^^^^^^^^
> 10 |     Close,
     | ^^^^^^^^^^
> 11 |     Error,
     | ^^^^^^^^^^
> 12 |     Form,
     | ^^^^^^^^^
> 13 |     Input,
     | ^^^^^^^^^^
> 14 |     Modal,
     | ^^^^^^^^^^
> 15 |     ModalBody,
     | ^^^^^^^^^^^^^^
> 16 |     ModalHeader,
     | ^^^^^^^^^^^^^^^^
> 17 |     Page,
     | ^^^^^^^^^
> 18 |     Status,
     | ^^^^^^^^^^^
> 19 |     Tab,
     | ^^^^^^^^
> 20 |     Tabs,
     | ^^^^^^^^^
> 21 |     Title
     | ^^^^^^^^^
> 22 | } from '@/components/pages/LoginPage/LoginPage.styled';
     | ^^^^^^^^^^^^^^^^^^^^^^^^^^^^^^^^^^^^^^^^^^^^^^^^^^^^^^^
  23 |
  24 | type User = { username: string; email: string; password: string };
  25 |

The export Error was not found in module [project]/src/components/pages/LoginPage/LoginPage.styled.tsx [client] (ecmascript).
Did you mean to import Form?
All exports of the module are statically known (It doesn't have dynamic exports). So it's known statically that the requested export doesn't exist. @ http://localhost:3000/_next/static/chunks/node_modules_next_dist_0bc8q4g._.js:1952
[ 8367121ms] [ERROR] ./src/pages/login.tsx:6:1
Export Error doesn't exist in target module
   4 | import { serverSideTranslations } from 'next-i18next/serverSideTranslations';
   5 | import { useRouter } from 'next/router';
>  6 | import {
     | ^^^^^^^
>  7 |     Action,
     | ^^^^^^^^^^^
>  8 |     AuxiliaryAction,
     | ^^^^^^^^^^^^^^^^^^^^
>  9 |     CheckboxRow,
     | ^^^^^^^^^^^^^^^^
> 10 |     Close,
     | ^^^^^^^^^^
> 11 |     Error,
     | ^^^^^^^^^^
> 12 |     Form,
     | ^^^^^^^^^
> 13 |     Input,
     | ^^^^^^^^^^
> 14 |     Modal,
     | ^^^^^^^^^^
> 15 |     ModalBody,
     | ^^^^^^^^^^^^^^
> 16 |     ModalHeader,
     | ^^^^^^^^^^^^^^^^
> 17 |     Page,
     | ^^^^^^^^^
> 18 |     Status,
     | ^^^^^^^^^^^
> 19 |     Tab,
     | ^^^^^^^^
> 20 |     Tabs,
     | ^^^^^^^^^
> 21 |     Title
     | ^^^^^^^^^
> 22 | } from '@/components/pages/LoginPage/LoginPage.styled';
     | ^^^^^^^^^^^^^^^^^^^^^^^^^^^^^^^^^^^^^^^^^^^^^^^^^^^^^^^
  23 |
  24 | type User = { username: string; email: string; password: string };
  25 |

The export Error was not found in module [project]/src/components/pages/LoginPage/LoginPage.styled.tsx [ssr] (ecmascript).
Did you mean to import Form?
All exports of the module are statically known (It doesn't have dynamic exports). So it's known statically that the requested export doesn't exist. @ http://localhost:3000/_next/static/chunks/node_modules_next_dist_0bc8q4g._.js:1952
[ 8367121ms] [ERROR] ./src/pages/login.tsx:6:1
Export Status doesn't exist in target module
   4 | import { serverSideTranslations } from 'next-i18next/serverSideTranslations';
   5 | import { useRouter } from 'next/router';
>  6 | import {
     | ^^^^^^^
>  7 |     Action,
     | ^^^^^^^^^^^
>  8 |     AuxiliaryAction,
     | ^^^^^^^^^^^^^^^^^^^^
>  9 |     CheckboxRow,
     | ^^^^^^^^^^^^^^^^
> 10 |     Close,
     | ^^^^^^^^^^
> 11 |     Error,
     | ^^^^^^^^^^
> 12 |     Form,
     | ^^^^^^^^^
> 13 |     Input,
     | ^^^^^^^^^^
> 14 |     Modal,
     | ^^^^^^^^^^
> 15 |     ModalBody,
     | ^^^^^^^^^^^^^^
> 16 |     ModalHeader,
     | ^^^^^^^^^^^^^^^^
> 17 |     Page,
     | ^^^^^^^^^
> 18 |     Status,
     | ^^^^^^^^^^^
> 19 |     Tab,
     | ^^^^^^^^
> 20 |     Tabs,
     | ^^^^^^^^^
> 21 |     Title
     | ^^^^^^^^^
> 22 | } from '@/components/pages/LoginPage/LoginPage.styled';
     | ^^^^^^^^^^^^^^^^^^^^^^^^^^^^^^^^^^^^^^^^^^^^^^^^^^^^^^^
  23 |
  24 | type User = { username: string; email: string; password: string };
  25 |

The export Status was not found in module [project]/src/components/pages/LoginPage/LoginPage.styled.tsx [client] (ecmascript).
Did you mean to import Tabs?
All exports of the module are statically known (It doesn't have dynamic exports). So it's known statically that the requested export doesn't exist. @ http://localhost:3000/_next/static/chunks/node_modules_next_dist_0bc8q4g._.js:1952
[ 8367122ms] [ERROR] ./src/pages/login.tsx:6:1
Export Status doesn't exist in target module
   4 | import { serverSideTranslations } from 'next-i18next/serverSideTranslations';
   5 | import { useRouter } from 'next/router';
>  6 | import {
     | ^^^^^^^
>  7 |     Action,
     | ^^^^^^^^^^^
>  8 |     AuxiliaryAction,
     | ^^^^^^^^^^^^^^^^^^^^
>  9 |     CheckboxRow,
     | ^^^^^^^^^^^^^^^^
> 10 |     Close,
     | ^^^^^^^^^^
> 11 |     Error,
     | ^^^^^^^^^^
> 12 |     Form,
     | ^^^^^^^^^
> 13 |     Input,
     | ^^^^^^^^^^
> 14 |     Modal,
     | ^^^^^^^^^^
> 15 |     ModalBody,
     | ^^^^^^^^^^^^^^
> 16 |     ModalHeader,
     | ^^^^^^^^^^^^^^^^
> 17 |     Page,
     | ^^^^^^^^^
> 18 |     Status,
     | ^^^^^^^^^^^
> 19 |     Tab,
     | ^^^^^^^^
> 20 |     Tabs,
     | ^^^^^^^^^
> 21 |     Title
     | ^^^^^^^^^
> 22 | } from '@/components/pages/LoginPage/LoginPage.styled';
     | ^^^^^^^^^^^^^^^^^^^^^^^^^^^^^^^^^^^^^^^^^^^^^^^^^^^^^^^
  23 |
  24 | type User = { username: string; email: string; password: string };
  25 |

The export Status was not found in module [project]/src/components/pages/LoginPage/LoginPage.styled.tsx [ssr] (ecmascript).
Did you mean to import Tabs?
All exports of the module are statically known (It doesn't have dynamic exports). So it's known statically that the requested export doesn't exist. @ http://localhost:3000/_next/static/chunks/node_modules_next_dist_0bc8q4g._.js:1952
[ 8367132ms] [ERROR] ./src/pages/login.tsx:6:1
Export Action doesn't exist in target module
   4 | import { serverSideTranslations } from 'next-i18next/serverSideTranslations';
   5 | import { useRouter } from 'next/router';
>  6 | import {
     | ^^^^^^^
>  7 |     Action,
     | ^^^^^^^^^^^
>  8 |     AuxiliaryAction,
     | ^^^^^^^^^^^^^^^^^^^^
>  9 |     CheckboxRow,
     | ^^^^^^^^^^^^^^^^
> 10 |     Close,
     | ^^^^^^^^^^
> 11 |     Error,
     | ^^^^^^^^^^
> 12 |     Form,
     | ^^^^^^^^^
> 13 |     Input,
     | ^^^^^^^^^^
> 14 |     Modal,
     | ^^^^^^^^^^
> 15 |     ModalBody,
     | ^^^^^^^^^^^^^^
> 16 |     ModalHeader,
     | ^^^^^^^^^^^^^^^^
> 17 |     Page,
     | ^^^^^^^^^
> 18 |     Status,
     | ^^^^^^^^^^^
> 19 |     Tab,
     | ^^^^^^^^
> 20 |     Tabs,
     | ^^^^^^^^^
> 21 |     Title
     | ^^^^^^^^^
> 22 | } from '@/components/pages/LoginPage/LoginPage.styled';
     | ^^^^^^^^^^^^^^^^^^^^^^^^^^^^^^^^^^^^^^^^^^^^^^^^^^^^^^^
  23 |
  24 | type User = { username: string; email: string; password: string };
  25 |

The export Action was not found in module [project]/src/components/pages/LoginPage/LoginPage.styled.tsx [client] (ecmascript).
Did you mean to import CheckboxRow?
All exports of the module are statically known (It doesn't have dynamic exports). So it's known statically that the requested export doesn't exist. @ http://localhost:3000/_next/static/chunks/node_modules_next_dist_0bc8q4g._.js:1952
[ 8367133ms] [ERROR] ./src/pages/login.tsx:6:1
Export Action doesn't exist in target module
   4 | import { serverSideTranslations } from 'next-i18next/serverSideTranslations';
   5 | import { useRouter } from 'next/router';
>  6 | import {
     | ^^^^^^^
>  7 |     Action,
     | ^^^^^^^^^^^
>  8 |     AuxiliaryAction,
     | ^^^^^^^^^^^^^^^^^^^^
>  9 |     CheckboxRow,
     | ^^^^^^^^^^^^^^^^
> 10 |     Close,
     | ^^^^^^^^^^
> 11 |     Error,
     | ^^^^^^^^^^
> 12 |     Form,
     | ^^^^^^^^^
> 13 |     Input,
     | ^^^^^^^^^^
> 14 |     Modal,
     | ^^^^^^^^^^
> 15 |     ModalBody,
     | ^^^^^^^^^^^^^^
> 16 |     ModalHeader,
     | ^^^^^^^^^^^^^^^^
> 17 |     Page,
     | ^^^^^^^^^
> 18 |     Status,
     | ^^^^^^^^^^^
> 19 |     Tab,
     | ^^^^^^^^
> 20 |     Tabs,
     | ^^^^^^^^^
> 21 |     Title
     | ^^^^^^^^^
> 22 | } from '@/components/pages/LoginPage/LoginPage.styled';
     | ^^^^^^^^^^^^^^^^^^^^^^^^^^^^^^^^^^^^^^^^^^^^^^^^^^^^^^^
  23 |
  24 | type User = { username: string; email: string; password: string };
  25 |

The export Action was not found in module [project]/src/components/pages/LoginPage/LoginPage.styled.tsx [ssr] (ecmascript).
Did you mean to import CheckboxRow?
All exports of the module are statically known (It doesn't have dynamic exports). So it's known statically that the requested export doesn't exist. @ http://localhost:3000/_next/static/chunks/node_modules_next_dist_0bc8q4g._.js:1952
[ 8367136ms] [ERROR] ./src/pages/login.tsx:6:1
Export AuxiliaryAction doesn't exist in target module
   4 | import { serverSideTranslations } from 'next-i18next/serverSideTranslations';
   5 | import { useRouter } from 'next/router';
>  6 | import {
     | ^^^^^^^
>  7 |     Action,
     | ^^^^^^^^^^^
>  8 |     AuxiliaryAction,
     | ^^^^^^^^^^^^^^^^^^^^
>  9 |     CheckboxRow,
     | ^^^^^^^^^^^^^^^^
> 10 |     Close,
     | ^^^^^^^^^^
> 11 |     Error,
     | ^^^^^^^^^^
> 12 |     Form,
     | ^^^^^^^^^
> 13 |     Input,
     | ^^^^^^^^^^
> 14 |     Modal,
     | ^^^^^^^^^^
> 15 |     ModalBody,
     | ^^^^^^^^^^^^^^
> 16 |     ModalHeader,
     | ^^^^^^^^^^^^^^^^
> 17 |     Page,
     | ^^^^^^^^^
> 18 |     Status,
     | ^^^^^^^^^^^
> 19 |     Tab,
     | ^^^^^^^^
> 20 |     Tabs,
     | ^^^^^^^^^
> 21 |     Title
     | ^^^^^^^^^
> 22 | } from '@/components/pages/LoginPage/LoginPage.styled';
     | ^^^^^^^^^^^^^^^^^^^^^^^^^^^^^^^^^^^^^^^^^^^^^^^^^^^^^^^
  23 |
  24 | type User = { username: string; email: string; password: string };
  25 |

The export AuxiliaryAction was not found in module [project]/src/components/pages/LoginPage/LoginPage.styled.tsx [client] (ecmascript).
Did you mean to import Title?
All exports of the module are statically known (It doesn't have dynamic exports). So it's known statically that the requested export doesn't exist. @ http://localhost:3000/_next/static/chunks/node_modules_next_dist_0bc8q4g._.js:1952
[ 8367136ms] [ERROR] ./src/pages/login.tsx:6:1
Export AuxiliaryAction doesn't exist in target module
   4 | import { serverSideTranslations } from 'next-i18next/serverSideTranslations';
   5 | import { useRouter } from 'next/router';
>  6 | import {
     | ^^^^^^^
>  7 |     Action,
     | ^^^^^^^^^^^
>  8 |     AuxiliaryAction,
     | ^^^^^^^^^^^^^^^^^^^^
>  9 |     CheckboxRow,
     | ^^^^^^^^^^^^^^^^
> 10 |     Close,
     | ^^^^^^^^^^
> 11 |     Error,
     | ^^^^^^^^^^
> 12 |     Form,
     | ^^^^^^^^^
> 13 |     Input,
     | ^^^^^^^^^^
> 14 |     Modal,
     | ^^^^^^^^^^
> 15 |     ModalBody,
     | ^^^^^^^^^^^^^^
> 16 |     ModalHeader,
     | ^^^^^^^^^^^^^^^^
> 17 |     Page,
     | ^^^^^^^^^
> 18 |     Status,
     | ^^^^^^^^^^^
> 19 |     Tab,
     | ^^^^^^^^
> 20 |     Tabs,
     | ^^^^^^^^^
> 21 |     Title
     | ^^^^^^^^^
> 22 | } from '@/components/pages/LoginPage/LoginPage.styled';
     | ^^^^^^^^^^^^^^^^^^^^^^^^^^^^^^^^^^^^^^^^^^^^^^^^^^^^^^^
  23 |
  24 | type User = { username: string; email: string; password: string };
  25 |

The export AuxiliaryAction was not found in module [project]/src/components/pages/LoginPage/LoginPage.styled.tsx [ssr] (ecmascript).
Did you mean to import Title?
All exports of the module are statically known (It doesn't have dynamic exports). So it's known statically that the requested export doesn't exist. @ http://localhost:3000/_next/static/chunks/node_modules_next_dist_0bc8q4g._.js:1952
[ 8367136ms] [ERROR] ./src/pages/login.tsx:6:1
Export Error doesn't exist in target module
   4 | import { serverSideTranslations } from 'next-i18next/serverSideTranslations';
   5 | import { useRouter } from 'next/router';
>  6 | import {
     | ^^^^^^^
>  7 |     Action,
     | ^^^^^^^^^^^
>  8 |     AuxiliaryAction,
     | ^^^^^^^^^^^^^^^^^^^^
>  9 |     CheckboxRow,
     | ^^^^^^^^^^^^^^^^
> 10 |     Close,
     | ^^^^^^^^^^
> 11 |     Error,
     | ^^^^^^^^^^
> 12 |     Form,
     | ^^^^^^^^^
> 13 |     Input,
     | ^^^^^^^^^^
> 14 |     Modal,
     | ^^^^^^^^^^
> 15 |     ModalBody,
     | ^^^^^^^^^^^^^^
> 16 |     ModalHeader,
     | ^^^^^^^^^^^^^^^^
> 17 |     Page,
     | ^^^^^^^^^
> 18 |     Status,
     | ^^^^^^^^^^^
> 19 |     Tab,
     | ^^^^^^^^
> 20 |     Tabs,
     | ^^^^^^^^^
> 21 |     Title
     | ^^^^^^^^^
> 22 | } from '@/components/pages/LoginPage/LoginPage.styled';
     | ^^^^^^^^^^^^^^^^^^^^^^^^^^^^^^^^^^^^^^^^^^^^^^^^^^^^^^^
  23 |
  24 | type User = { username: string; email: string; password: string };
  25 |

The export Error was not found in module [project]/src/components/pages/LoginPage/LoginPage.styled.tsx [client] (ecmascript).
Did you mean to import Form?
All exports of the module are statically known (It doesn't have dynamic exports). So it's known statically that the requested export doesn't exist. @ http://localhost:3000/_next/static/chunks/node_modules_next_dist_0bc8q4g._.js:1952
[ 8367137ms] [ERROR] ./src/pages/login.tsx:6:1
Export Error doesn't exist in target module
   4 | import { serverSideTranslations } from 'next-i18next/serverSideTranslations';
   5 | import { useRouter } from 'next/router';
>  6 | import {
     | ^^^^^^^
>  7 |     Action,
     | ^^^^^^^^^^^
>  8 |     AuxiliaryAction,
     | ^^^^^^^^^^^^^^^^^^^^
>  9 |     CheckboxRow,
     | ^^^^^^^^^^^^^^^^
> 10 |     Close,
     | ^^^^^^^^^^
> 11 |     Error,
     | ^^^^^^^^^^
> 12 |     Form,
     | ^^^^^^^^^
> 13 |     Input,
     | ^^^^^^^^^^
> 14 |     Modal,
     | ^^^^^^^^^^
> 15 |     ModalBody,
     | ^^^^^^^^^^^^^^
> 16 |     ModalHeader,
     | ^^^^^^^^^^^^^^^^
> 17 |     Page,
     | ^^^^^^^^^
> 18 |     Status,
     | ^^^^^^^^^^^
> 19 |     Tab,
     | ^^^^^^^^
> 20 |     Tabs,
     | ^^^^^^^^^
> 21 |     Title
     | ^^^^^^^^^
> 22 | } from '@/components/pages/LoginPage/LoginPage.styled';
     | ^^^^^^^^^^^^^^^^^^^^^^^^^^^^^^^^^^^^^^^^^^^^^^^^^^^^^^^
  23 |
  24 | type User = { username: string; email: string; password: string };
  25 |

The export Error was not found in module [project]/src/components/pages/LoginPage/LoginPage.styled.tsx [ssr] (ecmascript).
Did you mean to import Form?
All exports of the module are statically known (It doesn't have dynamic exports). So it's known statically that the requested export doesn't exist. @ http://localhost:3000/_next/static/chunks/node_modules_next_dist_0bc8q4g._.js:1952
[ 8367137ms] [ERROR] ./src/pages/login.tsx:6:1
Export Status doesn't exist in target module
   4 | import { serverSideTranslations } from 'next-i18next/serverSideTranslations';
   5 | import { useRouter } from 'next/router';
>  6 | import {
     | ^^^^^^^
>  7 |     Action,
     | ^^^^^^^^^^^
>  8 |     AuxiliaryAction,
     | ^^^^^^^^^^^^^^^^^^^^
>  9 |     CheckboxRow,
     | ^^^^^^^^^^^^^^^^
> 10 |     Close,
     | ^^^^^^^^^^
> 11 |     Error,
     | ^^^^^^^^^^
> 12 |     Form,
     | ^^^^^^^^^
> 13 |     Input,
     | ^^^^^^^^^^
> 14 |     Modal,
     | ^^^^^^^^^^
> 15 |     ModalBody,
     | ^^^^^^^^^^^^^^
> 16 |     ModalHeader,
     | ^^^^^^^^^^^^^^^^
> 17 |     Page,
     | ^^^^^^^^^
> 18 |     Status,
     | ^^^^^^^^^^^
> 19 |     Tab,
     | ^^^^^^^^
> 20 |     Tabs,
     | ^^^^^^^^^
> 21 |     Title
     | ^^^^^^^^^
> 22 | } from '@/components/pages/LoginPage/LoginPage.styled';
     | ^^^^^^^^^^^^^^^^^^^^^^^^^^^^^^^^^^^^^^^^^^^^^^^^^^^^^^^
  23 |
  24 | type User = { username: string; email: string; password: string };
  25 |

The export Status was not found in module [project]/src/components/pages/LoginPage/LoginPage.styled.tsx [client] (ecmascript).
Did you mean to import Tabs?
All exports of the module are statically known (It doesn't have dynamic exports). So it's known statically that the requested export doesn't exist. @ http://localhost:3000/_next/static/chunks/node_modules_next_dist_0bc8q4g._.js:1952
[ 8367138ms] [ERROR] ./src/pages/login.tsx:6:1
Export Status doesn't exist in target module
   4 | import { serverSideTranslations } from 'next-i18next/serverSideTranslations';
   5 | import { useRouter } from 'next/router';
>  6 | import {
     | ^^^^^^^
>  7 |     Action,
     | ^^^^^^^^^^^
>  8 |     AuxiliaryAction,
     | ^^^^^^^^^^^^^^^^^^^^
>  9 |     CheckboxRow,
     | ^^^^^^^^^^^^^^^^
> 10 |     Close,
     | ^^^^^^^^^^
> 11 |     Error,
     | ^^^^^^^^^^
> 12 |     Form,
     | ^^^^^^^^^
> 13 |     Input,
     | ^^^^^^^^^^
> 14 |     Modal,
     | ^^^^^^^^^^
> 15 |     ModalBody,
     | ^^^^^^^^^^^^^^
> 16 |     ModalHeader,
     | ^^^^^^^^^^^^^^^^
> 17 |     Page,
     | ^^^^^^^^^
> 18 |     Status,
     | ^^^^^^^^^^^
> 19 |     Tab,
     | ^^^^^^^^
> 20 |     Tabs,
     | ^^^^^^^^^
> 21 |     Title
     | ^^^^^^^^^
> 22 | } from '@/components/pages/LoginPage/LoginPage.styled';
     | ^^^^^^^^^^^^^^^^^^^^^^^^^^^^^^^^^^^^^^^^^^^^^^^^^^^^^^^
  23 |
  24 | type User = { username: string; email: string; password: string };
  25 |

The export Status was not found in module [project]/src/components/pages/LoginPage/LoginPage.styled.tsx [ssr] (ecmascript).
Did you mean to import Tabs?
All exports of the module are statically known (It doesn't have dynamic exports). So it's known statically that the requested export doesn't exist. @ http://localhost:3000/_next/static/chunks/node_modules_next_dist_0bc8q4g._.js:1952
[ 8367254ms] [LOG] [Fast Refresh] rebuilding @ http://localhost:3000/_next/static/chunks/node_modules_next_dist_0bc8q4g._.js:1233
[ 8381419ms] [ERROR] ./src/pages/login.tsx:6:1
Export Action doesn't exist in target module
   4 | import { serverSideTranslations } from 'next-i18next/serverSideTranslations';
   5 | import { useRouter } from 'next/router';
>  6 | import {
     | ^^^^^^^
>  7 |     Action,
     | ^^^^^^^^^^^
>  8 |     AuxiliaryAction,
     | ^^^^^^^^^^^^^^^^^^^^
>  9 |     CheckboxRow,
     | ^^^^^^^^^^^^^^^^
> 10 |     Close,
     | ^^^^^^^^^^
> 11 |     Error,
     | ^^^^^^^^^^
> 12 |     Form,
     | ^^^^^^^^^
> 13 |     Input,
     | ^^^^^^^^^^
> 14 |     Modal,
     | ^^^^^^^^^^
> 15 |     ModalBody,
     | ^^^^^^^^^^^^^^
> 16 |     ModalHeader,
     | ^^^^^^^^^^^^^^^^
> 17 |     Page,
     | ^^^^^^^^^
> 18 |     Status,
     | ^^^^^^^^^^^
> 19 |     Tab,
     | ^^^^^^^^
> 20 |     Tabs,
     | ^^^^^^^^^
> 21 |     Title
     | ^^^^^^^^^
> 22 | } from '@/components/pages/LoginPage/LoginPage.styled';
     | ^^^^^^^^^^^^^^^^^^^^^^^^^^^^^^^^^^^^^^^^^^^^^^^^^^^^^^^
  23 |
  24 | type User = { username: string; email: string; password: string };
  25 |

The export Action was not found in module [project]/src/components/pages/LoginPage/LoginPage.styled.tsx [client] (ecmascript).
Did you mean to import CheckboxRow?
All exports of the module are statically known (It doesn't have dynamic exports). So it's known statically that the requested export doesn't exist. @ http://localhost:3000/_next/static/chunks/node_modules_next_dist_0bc8q4g._.js:1952
[ 8381419ms] [ERROR] ./src/pages/login.tsx:6:1
Export Action doesn't exist in target module
   4 | import { serverSideTranslations } from 'next-i18next/serverSideTranslations';
   5 | import { useRouter } from 'next/router';
>  6 | import {
     | ^^^^^^^
>  7 |     Action,
     | ^^^^^^^^^^^
>  8 |     AuxiliaryAction,
     | ^^^^^^^^^^^^^^^^^^^^
>  9 |     CheckboxRow,
     | ^^^^^^^^^^^^^^^^
> 10 |     Close,
     | ^^^^^^^^^^
> 11 |     Error,
     | ^^^^^^^^^^
> 12 |     Form,
     | ^^^^^^^^^
> 13 |     Input,
     | ^^^^^^^^^^
> 14 |     Modal,
     | ^^^^^^^^^^
> 15 |     ModalBody,
     | ^^^^^^^^^^^^^^
> 16 |     ModalHeader,
     | ^^^^^^^^^^^^^^^^
> 17 |     Page,
     | ^^^^^^^^^
> 18 |     Status,
     | ^^^^^^^^^^^
> 19 |     Tab,
     | ^^^^^^^^
> 20 |     Tabs,
     | ^^^^^^^^^
> 21 |     Title
     | ^^^^^^^^^
> 22 | } from '@/components/pages/LoginPage/LoginPage.styled';
     | ^^^^^^^^^^^^^^^^^^^^^^^^^^^^^^^^^^^^^^^^^^^^^^^^^^^^^^^
  23 |
  24 | type User = { username: string; email: string; password: string };
  25 |

The export Action was not found in module [project]/src/components/pages/LoginPage/LoginPage.styled.tsx [ssr] (ecmascript).
Did you mean to import CheckboxRow?
All exports of the module are statically known (It doesn't have dynamic exports). So it's known statically that the requested export doesn't exist. @ http://localhost:3000/_next/static/chunks/node_modules_next_dist_0bc8q4g._.js:1952
[ 8381419ms] [ERROR] ./src/pages/login.tsx:6:1
Export AuxiliaryAction doesn't exist in target module
   4 | import { serverSideTranslations } from 'next-i18next/serverSideTranslations';
   5 | import { useRouter } from 'next/router';
>  6 | import {
     | ^^^^^^^
>  7 |     Action,
     | ^^^^^^^^^^^
>  8 |     AuxiliaryAction,
     | ^^^^^^^^^^^^^^^^^^^^
>  9 |     CheckboxRow,
     | ^^^^^^^^^^^^^^^^
> 10 |     Close,
     | ^^^^^^^^^^
> 11 |     Error,
     | ^^^^^^^^^^
> 12 |     Form,
     | ^^^^^^^^^
> 13 |     Input,
     | ^^^^^^^^^^
> 14 |     Modal,
     | ^^^^^^^^^^
> 15 |     ModalBody,
     | ^^^^^^^^^^^^^^
> 16 |     ModalHeader,
     | ^^^^^^^^^^^^^^^^
> 17 |     Page,
     | ^^^^^^^^^
> 18 |     Status,
     | ^^^^^^^^^^^
> 19 |     Tab,
     | ^^^^^^^^
> 20 |     Tabs,
     | ^^^^^^^^^
> 21 |     Title
     | ^^^^^^^^^
> 22 | } from '@/components/pages/LoginPage/LoginPage.styled';
     | ^^^^^^^^^^^^^^^^^^^^^^^^^^^^^^^^^^^^^^^^^^^^^^^^^^^^^^^
  23 |
  24 | type User = { username: string; email: string; password: string };
  25 |

The export AuxiliaryAction was not found in module [project]/src/components/pages/LoginPage/LoginPage.styled.tsx [client] (ecmascript).
Did you mean to import Title?
All exports of the module are statically known (It doesn't have dynamic exports). So it's known statically that the requested export doesn't exist. @ http://localhost:3000/_next/static/chunks/node_modules_next_dist_0bc8q4g._.js:1952
[ 8381423ms] [ERROR] ./src/pages/login.tsx:6:1
Export AuxiliaryAction doesn't exist in target module
   4 | import { serverSideTranslations } from 'next-i18next/serverSideTranslations';
   5 | import { useRouter } from 'next/router';
>  6 | import {
     | ^^^^^^^
>  7 |     Action,
     | ^^^^^^^^^^^
>  8 |     AuxiliaryAction,
     | ^^^^^^^^^^^^^^^^^^^^
>  9 |     CheckboxRow,
     | ^^^^^^^^^^^^^^^^
> 10 |     Close,
     | ^^^^^^^^^^
> 11 |     Error,
     | ^^^^^^^^^^
> 12 |     Form,
     | ^^^^^^^^^
> 13 |     Input,
     | ^^^^^^^^^^
> 14 |     Modal,
     | ^^^^^^^^^^
> 15 |     ModalBody,
     | ^^^^^^^^^^^^^^
> 16 |     ModalHeader,
     | ^^^^^^^^^^^^^^^^
> 17 |     Page,
     | ^^^^^^^^^
> 18 |     Status,
     | ^^^^^^^^^^^
> 19 |     Tab,
     | ^^^^^^^^
> 20 |     Tabs,
     | ^^^^^^^^^
> 21 |     Title
     | ^^^^^^^^^
> 22 | } from '@/components/pages/LoginPage/LoginPage.styled';
     | ^^^^^^^^^^^^^^^^^^^^^^^^^^^^^^^^^^^^^^^^^^^^^^^^^^^^^^^
  23 |
  24 | type User = { username: string; email: string; password: string };
  25 |

The export AuxiliaryAction was not found in module [project]/src/components/pages/LoginPage/LoginPage.styled.tsx [ssr] (ecmascript).
Did you mean to import Title?
All exports of the module are statically known (It doesn't have dynamic exports). So it's known statically that the requested export doesn't exist. @ http://localhost:3000/_next/static/chunks/node_modules_next_dist_0bc8q4g._.js:1952
[ 8381430ms] [ERROR] ./src/pages/login.tsx:6:1
Export Error doesn't exist in target module
   4 | import { serverSideTranslations } from 'next-i18next/serverSideTranslations';
   5 | import { useRouter } from 'next/router';
>  6 | import {
     | ^^^^^^^
>  7 |     Action,
     | ^^^^^^^^^^^
>  8 |     AuxiliaryAction,
     | ^^^^^^^^^^^^^^^^^^^^
>  9 |     CheckboxRow,
     | ^^^^^^^^^^^^^^^^
> 10 |     Close,
     | ^^^^^^^^^^
> 11 |     Error,
     | ^^^^^^^^^^
> 12 |     Form,
     | ^^^^^^^^^
> 13 |     Input,
     | ^^^^^^^^^^
> 14 |     Modal,
     | ^^^^^^^^^^
> 15 |     ModalBody,
     | ^^^^^^^^^^^^^^
> 16 |     ModalHeader,
     | ^^^^^^^^^^^^^^^^
> 17 |     Page,
     | ^^^^^^^^^
> 18 |     Status,
     | ^^^^^^^^^^^
> 19 |     Tab,
     | ^^^^^^^^
> 20 |     Tabs,
     | ^^^^^^^^^
> 21 |     Title
     | ^^^^^^^^^
> 22 | } from '@/components/pages/LoginPage/LoginPage.styled';
     | ^^^^^^^^^^^^^^^^^^^^^^^^^^^^^^^^^^^^^^^^^^^^^^^^^^^^^^^
  23 |
  24 | type User = { username: string; email: string; password: string };
  25 |

The export Error was not found in module [project]/src/components/pages/LoginPage/LoginPage.styled.tsx [client] (ecmascript).
Did you mean to import Form?
All exports of the module are statically known (It doesn't have dynamic exports). So it's known statically that the requested export doesn't exist. @ http://localhost:3000/_next/static/chunks/node_modules_next_dist_0bc8q4g._.js:1952
[ 8381430ms] [ERROR] ./src/pages/login.tsx:6:1
Export Error doesn't exist in target module
   4 | import { serverSideTranslations } from 'next-i18next/serverSideTranslations';
   5 | import { useRouter } from 'next/router';
>  6 | import {
     | ^^^^^^^
>  7 |     Action,
     | ^^^^^^^^^^^
>  8 |     AuxiliaryAction,
     | ^^^^^^^^^^^^^^^^^^^^
>  9 |     CheckboxRow,
     | ^^^^^^^^^^^^^^^^
> 10 |     Close,
     | ^^^^^^^^^^
> 11 |     Error,
     | ^^^^^^^^^^
> 12 |     Form,
     | ^^^^^^^^^
> 13 |     Input,
     | ^^^^^^^^^^
> 14 |     Modal,
     | ^^^^^^^^^^
> 15 |     ModalBody,
     | ^^^^^^^^^^^^^^
> 16 |     ModalHeader,
     | ^^^^^^^^^^^^^^^^
> 17 |     Page,
     | ^^^^^^^^^
> 18 |     Status,
     | ^^^^^^^^^^^
> 19 |     Tab,
     | ^^^^^^^^
> 20 |     Tabs,
     | ^^^^^^^^^
> 21 |     Title
     | ^^^^^^^^^
> 22 | } from '@/components/pages/LoginPage/LoginPage.styled';
     | ^^^^^^^^^^^^^^^^^^^^^^^^^^^^^^^^^^^^^^^^^^^^^^^^^^^^^^^
  23 |
  24 | type User = { username: string; email: string; password: string };
  25 |

The export Error was not found in module [project]/src/components/pages/LoginPage/LoginPage.styled.tsx [ssr] (ecmascript).
Did you mean to import Form?
All exports of the module are statically known (It doesn't have dynamic exports). So it's known statically that the requested export doesn't exist. @ http://localhost:3000/_next/static/chunks/node_modules_next_dist_0bc8q4g._.js:1952
[ 8381430ms] [ERROR] ./src/pages/login.tsx:6:1
Export Status doesn't exist in target module
   4 | import { serverSideTranslations } from 'next-i18next/serverSideTranslations';
   5 | import { useRouter } from 'next/router';
>  6 | import {
     | ^^^^^^^
>  7 |     Action,
     | ^^^^^^^^^^^
>  8 |     AuxiliaryAction,
     | ^^^^^^^^^^^^^^^^^^^^
>  9 |     CheckboxRow,
     | ^^^^^^^^^^^^^^^^
> 10 |     Close,
     | ^^^^^^^^^^
> 11 |     Error,
     | ^^^^^^^^^^
> 12 |     Form,
     | ^^^^^^^^^
> 13 |     Input,
     | ^^^^^^^^^^
> 14 |     Modal,
     | ^^^^^^^^^^
> 15 |     ModalBody,
     | ^^^^^^^^^^^^^^
> 16 |     ModalHeader,
     | ^^^^^^^^^^^^^^^^
> 17 |     Page,
     | ^^^^^^^^^
> 18 |     Status,
     | ^^^^^^^^^^^
> 19 |     Tab,
     | ^^^^^^^^
> 20 |     Tabs,
     | ^^^^^^^^^
> 21 |     Title
     | ^^^^^^^^^
> 22 | } from '@/components/pages/LoginPage/LoginPage.styled';
     | ^^^^^^^^^^^^^^^^^^^^^^^^^^^^^^^^^^^^^^^^^^^^^^^^^^^^^^^
  23 |
  24 | type User = { username: string; email: string; password: string };
  25 |

The export Status was not found in module [project]/src/components/pages/LoginPage/LoginPage.styled.tsx [client] (ecmascript).
Did you mean to import Tabs?
All exports of the module are statically known (It doesn't have dynamic exports). So it's known statically that the requested export doesn't exist. @ http://localhost:3000/_next/static/chunks/node_modules_next_dist_0bc8q4g._.js:1952
[ 8381431ms] [ERROR] ./src/pages/login.tsx:6:1
Export Status doesn't exist in target module
   4 | import { serverSideTranslations } from 'next-i18next/serverSideTranslations';
   5 | import { useRouter } from 'next/router';
>  6 | import {
     | ^^^^^^^
>  7 |     Action,
     | ^^^^^^^^^^^
>  8 |     AuxiliaryAction,
     | ^^^^^^^^^^^^^^^^^^^^
>  9 |     CheckboxRow,
     | ^^^^^^^^^^^^^^^^
> 10 |     Close,
     | ^^^^^^^^^^
> 11 |     Error,
     | ^^^^^^^^^^
> 12 |     Form,
     | ^^^^^^^^^
> 13 |     Input,
     | ^^^^^^^^^^
> 14 |     Modal,
     | ^^^^^^^^^^
> 15 |     ModalBody,
     | ^^^^^^^^^^^^^^
> 16 |     ModalHeader,
     | ^^^^^^^^^^^^^^^^
> 17 |     Page,
     | ^^^^^^^^^
> 18 |     Status,
     | ^^^^^^^^^^^
> 19 |     Tab,
     | ^^^^^^^^
> 20 |     Tabs,
     | ^^^^^^^^^
> 21 |     Title
     | ^^^^^^^^^
> 22 | } from '@/components/pages/LoginPage/LoginPage.styled';
     | ^^^^^^^^^^^^^^^^^^^^^^^^^^^^^^^^^^^^^^^^^^^^^^^^^^^^^^^
  23 |
  24 | type User = { username: string; email: string; password: string };
  25 |

The export Status was not found in module [project]/src/components/pages/LoginPage/LoginPage.styled.tsx [ssr] (ecmascript).
Did you mean to import Tabs?
All exports of the module are statically known (It doesn't have dynamic exports). So it's known statically that the requested export doesn't exist. @ http://localhost:3000/_next/static/chunks/node_modules_next_dist_0bc8q4g._.js:1952
[ 8381451ms] [LOG] [Fast Refresh] rebuilding @ http://localhost:3000/_next/static/chunks/node_modules_next_dist_0bc8q4g._.js:1233
[ 8381778ms] [ERROR] ./src/pages/login.tsx:6:1
Export Action doesn't exist in target module
   4 | import { serverSideTranslations } from 'next-i18next/serverSideTranslations';
   5 | import { useRouter } from 'next/router';
>  6 | import {
     | ^^^^^^^
>  7 |     Action,
     | ^^^^^^^^^^^
>  8 |     AuxiliaryAction,
     | ^^^^^^^^^^^^^^^^^^^^
>  9 |     CheckboxRow,
     | ^^^^^^^^^^^^^^^^
> 10 |     Close,
     | ^^^^^^^^^^
> 11 |     Error,
     | ^^^^^^^^^^
> 12 |     Form,
     | ^^^^^^^^^
> 13 |     Input,
     | ^^^^^^^^^^
> 14 |     Modal,
     | ^^^^^^^^^^
> 15 |     ModalBody,
     | ^^^^^^^^^^^^^^
> 16 |     ModalHeader,
     | ^^^^^^^^^^^^^^^^
> 17 |     Page,
     | ^^^^^^^^^
> 18 |     Status,
     | ^^^^^^^^^^^
> 19 |     Tab,
     | ^^^^^^^^
> 20 |     Tabs,
     | ^^^^^^^^^
> 21 |     Title
     | ^^^^^^^^^
> 22 | } from '@/components/pages/LoginPage/LoginPage.styled';
     | ^^^^^^^^^^^^^^^^^^^^^^^^^^^^^^^^^^^^^^^^^^^^^^^^^^^^^^^
  23 |
  24 | type User = { username: string; email: string; password: string };
  25 |

The export Action was not found in module [project]/src/components/pages/LoginPage/LoginPage.styled.tsx [client] (ecmascript).
Did you mean to import CheckboxRow?
All exports of the module are statically known (It doesn't have dynamic exports). So it's known statically that the requested export doesn't exist. @ http://localhost:3000/_next/static/chunks/node_modules_next_dist_0bc8q4g._.js:1952
[ 8381779ms] [ERROR] ./src/pages/login.tsx:6:1
Export Action doesn't exist in target module
   4 | import { serverSideTranslations } from 'next-i18next/serverSideTranslations';
   5 | import { useRouter } from 'next/router';
>  6 | import {
     | ^^^^^^^
>  7 |     Action,
     | ^^^^^^^^^^^
>  8 |     AuxiliaryAction,
     | ^^^^^^^^^^^^^^^^^^^^
>  9 |     CheckboxRow,
     | ^^^^^^^^^^^^^^^^
> 10 |     Close,
     | ^^^^^^^^^^
> 11 |     Error,
     | ^^^^^^^^^^
> 12 |     Form,
     | ^^^^^^^^^
> 13 |     Input,
     | ^^^^^^^^^^
> 14 |     Modal,
     | ^^^^^^^^^^
> 15 |     ModalBody,
     | ^^^^^^^^^^^^^^
> 16 |     ModalHeader,
     | ^^^^^^^^^^^^^^^^
> 17 |     Page,
     | ^^^^^^^^^
> 18 |     Status,
     | ^^^^^^^^^^^
> 19 |     Tab,
     | ^^^^^^^^
> 20 |     Tabs,
     | ^^^^^^^^^
> 21 |     Title
     | ^^^^^^^^^
> 22 | } from '@/components/pages/LoginPage/LoginPage.styled';
     | ^^^^^^^^^^^^^^^^^^^^^^^^^^^^^^^^^^^^^^^^^^^^^^^^^^^^^^^
  23 |
  24 | type User = { username: string; email: string; password: string };
  25 |

The export Action was not found in module [project]/src/components/pages/LoginPage/LoginPage.styled.tsx [ssr] (ecmascript).
Did you mean to import CheckboxRow?
All exports of the module are statically known (It doesn't have dynamic exports). So it's known statically that the requested export doesn't exist. @ http://localhost:3000/_next/static/chunks/node_modules_next_dist_0bc8q4g._.js:1952
[ 8381780ms] [ERROR] ./src/pages/login.tsx:6:1
Export AuxiliaryAction doesn't exist in target module
   4 | import { serverSideTranslations } from 'next-i18next/serverSideTranslations';
   5 | import { useRouter } from 'next/router';
>  6 | import {
     | ^^^^^^^
>  7 |     Action,
     | ^^^^^^^^^^^
>  8 |     AuxiliaryAction,
     | ^^^^^^^^^^^^^^^^^^^^
>  9 |     CheckboxRow,
     | ^^^^^^^^^^^^^^^^
> 10 |     Close,
     | ^^^^^^^^^^
> 11 |     Error,
     | ^^^^^^^^^^
> 12 |     Form,
     | ^^^^^^^^^
> 13 |     Input,
     | ^^^^^^^^^^
> 14 |     Modal,
     | ^^^^^^^^^^
> 15 |     ModalBody,
     | ^^^^^^^^^^^^^^
> 16 |     ModalHeader,
     | ^^^^^^^^^^^^^^^^
> 17 |     Page,
     | ^^^^^^^^^
> 18 |     Status,
     | ^^^^^^^^^^^
> 19 |     Tab,
     | ^^^^^^^^
> 20 |     Tabs,
     | ^^^^^^^^^
> 21 |     Title
     | ^^^^^^^^^
> 22 | } from '@/components/pages/LoginPage/LoginPage.styled';
     | ^^^^^^^^^^^^^^^^^^^^^^^^^^^^^^^^^^^^^^^^^^^^^^^^^^^^^^^
  23 |
  24 | type User = { username: string; email: string; password: string };
  25 |

The export AuxiliaryAction was not found in module [project]/src/components/pages/LoginPage/LoginPage.styled.tsx [client] (ecmascript).
Did you mean to import Title?
All exports of the module are statically known (It doesn't have dynamic exports). So it's known statically that the requested export doesn't exist. @ http://localhost:3000/_next/static/chunks/node_modules_next_dist_0bc8q4g._.js:1952
[ 8381782ms] [ERROR] ./src/pages/login.tsx:6:1
Export AuxiliaryAction doesn't exist in target module
   4 | import { serverSideTranslations } from 'next-i18next/serverSideTranslations';
   5 | import { useRouter } from 'next/router';
>  6 | import {
     | ^^^^^^^
>  7 |     Action,
     | ^^^^^^^^^^^
>  8 |     AuxiliaryAction,
     | ^^^^^^^^^^^^^^^^^^^^
>  9 |     CheckboxRow,
     | ^^^^^^^^^^^^^^^^
> 10 |     Close,
     | ^^^^^^^^^^
> 11 |     Error,
     | ^^^^^^^^^^
> 12 |     Form,
     | ^^^^^^^^^
> 13 |     Input,
     | ^^^^^^^^^^
> 14 |     Modal,
     | ^^^^^^^^^^
> 15 |     ModalBody,
     | ^^^^^^^^^^^^^^
> 16 |     ModalHeader,
     | ^^^^^^^^^^^^^^^^
> 17 |     Page,
     | ^^^^^^^^^
> 18 |     Status,
     | ^^^^^^^^^^^
> 19 |     Tab,
     | ^^^^^^^^
> 20 |     Tabs,
     | ^^^^^^^^^
> 21 |     Title
     | ^^^^^^^^^
> 22 | } from '@/components/pages/LoginPage/LoginPage.styled';
     | ^^^^^^^^^^^^^^^^^^^^^^^^^^^^^^^^^^^^^^^^^^^^^^^^^^^^^^^
  23 |
  24 | type User = { username: string; email: string; password: string };
  25 |

The export AuxiliaryAction was not found in module [project]/src/components/pages/LoginPage/LoginPage.styled.tsx [ssr] (ecmascript).
Did you mean to import Title?
All exports of the module are statically known (It doesn't have dynamic exports). So it's known statically that the requested export doesn't exist. @ http://localhost:3000/_next/static/chunks/node_modules_next_dist_0bc8q4g._.js:1952
[ 8381783ms] [ERROR] ./src/pages/login.tsx:6:1
Export Error doesn't exist in target module
   4 | import { serverSideTranslations } from 'next-i18next/serverSideTranslations';
   5 | import { useRouter } from 'next/router';
>  6 | import {
     | ^^^^^^^
>  7 |     Action,
     | ^^^^^^^^^^^
>  8 |     AuxiliaryAction,
     | ^^^^^^^^^^^^^^^^^^^^
>  9 |     CheckboxRow,
     | ^^^^^^^^^^^^^^^^
> 10 |     Close,
     | ^^^^^^^^^^
> 11 |     Error,
     | ^^^^^^^^^^
> 12 |     Form,
     | ^^^^^^^^^
> 13 |     Input,
     | ^^^^^^^^^^
> 14 |     Modal,
     | ^^^^^^^^^^
> 15 |     ModalBody,
     | ^^^^^^^^^^^^^^
> 16 |     ModalHeader,
     | ^^^^^^^^^^^^^^^^
> 17 |     Page,
     | ^^^^^^^^^
> 18 |     Status,
     | ^^^^^^^^^^^
> 19 |     Tab,
     | ^^^^^^^^
> 20 |     Tabs,
     | ^^^^^^^^^
> 21 |     Title
     | ^^^^^^^^^
> 22 | } from '@/components/pages/LoginPage/LoginPage.styled';
     | ^^^^^^^^^^^^^^^^^^^^^^^^^^^^^^^^^^^^^^^^^^^^^^^^^^^^^^^
  23 |
  24 | type User = { username: string; email: string; password: string };
  25 |

The export Error was not found in module [project]/src/components/pages/LoginPage/LoginPage.styled.tsx [client] (ecmascript).
Did you mean to import Form?
All exports of the module are statically known (It doesn't have dynamic exports). So it's known statically that the requested export doesn't exist. @ http://localhost:3000/_next/static/chunks/node_modules_next_dist_0bc8q4g._.js:1952
[ 8381785ms] [ERROR] ./src/pages/login.tsx:6:1
Export Error doesn't exist in target module
   4 | import { serverSideTranslations } from 'next-i18next/serverSideTranslations';
   5 | import { useRouter } from 'next/router';
>  6 | import {
     | ^^^^^^^
>  7 |     Action,
     | ^^^^^^^^^^^
>  8 |     AuxiliaryAction,
     | ^^^^^^^^^^^^^^^^^^^^
>  9 |     CheckboxRow,
     | ^^^^^^^^^^^^^^^^
> 10 |     Close,
     | ^^^^^^^^^^
> 11 |     Error,
     | ^^^^^^^^^^
> 12 |     Form,
     | ^^^^^^^^^
> 13 |     Input,
     | ^^^^^^^^^^
> 14 |     Modal,
     | ^^^^^^^^^^
> 15 |     ModalBody,
     | ^^^^^^^^^^^^^^
> 16 |     ModalHeader,
     | ^^^^^^^^^^^^^^^^
> 17 |     Page,
     | ^^^^^^^^^
> 18 |     Status,
     | ^^^^^^^^^^^
> 19 |     Tab,
     | ^^^^^^^^
> 20 |     Tabs,
     | ^^^^^^^^^
> 21 |     Title
     | ^^^^^^^^^
> 22 | } from '@/components/pages/LoginPage/LoginPage.styled';
     | ^^^^^^^^^^^^^^^^^^^^^^^^^^^^^^^^^^^^^^^^^^^^^^^^^^^^^^^
  23 |
  24 | type User = { username: string; email: string; password: string };
  25 |

The export Error was not found in module [project]/src/components/pages/LoginPage/LoginPage.styled.tsx [ssr] (ecmascript).
Did you mean to import Form?
All exports of the module are statically known (It doesn't have dynamic exports). So it's known statically that the requested export doesn't exist. @ http://localhost:3000/_next/static/chunks/node_modules_next_dist_0bc8q4g._.js:1952
[ 8381786ms] [ERROR] ./src/pages/login.tsx:6:1
Export Status doesn't exist in target module
   4 | import { serverSideTranslations } from 'next-i18next/serverSideTranslations';
   5 | import { useRouter } from 'next/router';
>  6 | import {
     | ^^^^^^^
>  7 |     Action,
     | ^^^^^^^^^^^
>  8 |     AuxiliaryAction,
     | ^^^^^^^^^^^^^^^^^^^^
>  9 |     CheckboxRow,
     | ^^^^^^^^^^^^^^^^
> 10 |     Close,
     | ^^^^^^^^^^
> 11 |     Error,
     | ^^^^^^^^^^
> 12 |     Form,
     | ^^^^^^^^^
> 13 |     Input,
     | ^^^^^^^^^^
> 14 |     Modal,
     | ^^^^^^^^^^
> 15 |     ModalBody,
     | ^^^^^^^^^^^^^^
> 16 |     ModalHeader,
     | ^^^^^^^^^^^^^^^^
> 17 |     Page,
     | ^^^^^^^^^
> 18 |     Status,
     | ^^^^^^^^^^^
> 19 |     Tab,
     | ^^^^^^^^
> 20 |     Tabs,
     | ^^^^^^^^^
> 21 |     Title
     | ^^^^^^^^^
> 22 | } from '@/components/pages/LoginPage/LoginPage.styled';
     | ^^^^^^^^^^^^^^^^^^^^^^^^^^^^^^^^^^^^^^^^^^^^^^^^^^^^^^^
  23 |
  24 | type User = { username: string; email: string; password: string };
  25 |

The export Status was not found in module [project]/src/components/pages/LoginPage/LoginPage.styled.tsx [client] (ecmascript).
Did you mean to import Tabs?
All exports of the module are statically known (It doesn't have dynamic exports). So it's known statically that the requested export doesn't exist. @ http://localhost:3000/_next/static/chunks/node_modules_next_dist_0bc8q4g._.js:1952
[ 8381786ms] [ERROR] ./src/pages/login.tsx:6:1
Export Status doesn't exist in target module
   4 | import { serverSideTranslations } from 'next-i18next/serverSideTranslations';
   5 | import { useRouter } from 'next/router';
>  6 | import {
     | ^^^^^^^
>  7 |     Action,
     | ^^^^^^^^^^^
>  8 |     AuxiliaryAction,
     | ^^^^^^^^^^^^^^^^^^^^
>  9 |     CheckboxRow,
     | ^^^^^^^^^^^^^^^^
> 10 |     Close,
     | ^^^^^^^^^^
> 11 |     Error,
     | ^^^^^^^^^^
> 12 |     Form,
     | ^^^^^^^^^
> 13 |     Input,
     | ^^^^^^^^^^
> 14 |     Modal,
     | ^^^^^^^^^^
> 15 |     ModalBody,
     | ^^^^^^^^^^^^^^
> 16 |     ModalHeader,
     | ^^^^^^^^^^^^^^^^
> 17 |     Page,
     | ^^^^^^^^^
> 18 |     Status,
     | ^^^^^^^^^^^
> 19 |     Tab,
     | ^^^^^^^^
> 20 |     Tabs,
     | ^^^^^^^^^
> 21 |     Title
     | ^^^^^^^^^
> 22 | } from '@/components/pages/LoginPage/LoginPage.styled';
     | ^^^^^^^^^^^^^^^^^^^^^^^^^^^^^^^^^^^^^^^^^^^^^^^^^^^^^^^
  23 |
  24 | type User = { username: string; email: string; password: string };
  25 |

The export Status was not found in module [project]/src/components/pages/LoginPage/LoginPage.styled.tsx [ssr] (ecmascript).
Did you mean to import Tabs?
All exports of the module are statically known (It doesn't have dynamic exports). So it's known statically that the requested export doesn't exist. @ http://localhost:3000/_next/static/chunks/node_modules_next_dist_0bc8q4g._.js:1952
[ 8381839ms] [LOG] [Fast Refresh] rebuilding @ http://localhost:3000/_next/static/chunks/node_modules_next_dist_0bc8q4g._.js:1233
[ 8385236ms] [ERROR] ./src/pages/login.tsx:6:1
Export Action doesn't exist in target module
   4 | import { serverSideTranslations } from 'next-i18next/serverSideTranslations';
   5 | import { useRouter } from 'next/router';
>  6 | import {
     | ^^^^^^^
>  7 |     Action,
     | ^^^^^^^^^^^
>  8 |     AuxiliaryAction,
     | ^^^^^^^^^^^^^^^^^^^^
>  9 |     CheckboxRow,
     | ^^^^^^^^^^^^^^^^
> 10 |     Close,
     | ^^^^^^^^^^
> 11 |     Error,
     | ^^^^^^^^^^
> 12 |     Form,
     | ^^^^^^^^^
> 13 |     Input,
     | ^^^^^^^^^^
> 14 |     Modal,
     | ^^^^^^^^^^
> 15 |     ModalBody,
     | ^^^^^^^^^^^^^^
> 16 |     ModalHeader,
     | ^^^^^^^^^^^^^^^^
> 17 |     Page,
     | ^^^^^^^^^
> 18 |     Status,
     | ^^^^^^^^^^^
> 19 |     Tab,
     | ^^^^^^^^
> 20 |     Tabs,
     | ^^^^^^^^^
> 21 |     Title
     | ^^^^^^^^^
> 22 | } from '@/components/pages/LoginPage/LoginPage.styled';
     | ^^^^^^^^^^^^^^^^^^^^^^^^^^^^^^^^^^^^^^^^^^^^^^^^^^^^^^^
  23 |
  24 | type User = { username: string; email: string; password: string };
  25 |

The export Action was not found in module [project]/src/components/pages/LoginPage/LoginPage.styled.tsx [client] (ecmascript).
Did you mean to import CheckboxRow?
All exports of the module are statically known (It doesn't have dynamic exports). So it's known statically that the requested export doesn't exist. @ http://localhost:3000/_next/static/chunks/node_modules_next_dist_0bc8q4g._.js:1952
[ 8385237ms] [ERROR] ./src/pages/login.tsx:6:1
Export Action doesn't exist in target module
   4 | import { serverSideTranslations } from 'next-i18next/serverSideTranslations';
   5 | import { useRouter } from 'next/router';
>  6 | import {
     | ^^^^^^^
>  7 |     Action,
     | ^^^^^^^^^^^
>  8 |     AuxiliaryAction,
     | ^^^^^^^^^^^^^^^^^^^^
>  9 |     CheckboxRow,
     | ^^^^^^^^^^^^^^^^
> 10 |     Close,
     | ^^^^^^^^^^
> 11 |     Error,
     | ^^^^^^^^^^
> 12 |     Form,
     | ^^^^^^^^^
> 13 |     Input,
     | ^^^^^^^^^^
> 14 |     Modal,
     | ^^^^^^^^^^
> 15 |     ModalBody,
     | ^^^^^^^^^^^^^^
> 16 |     ModalHeader,
     | ^^^^^^^^^^^^^^^^
> 17 |     Page,
     | ^^^^^^^^^
> 18 |     Status,
     | ^^^^^^^^^^^
> 19 |     Tab,
     | ^^^^^^^^
> 20 |     Tabs,
     | ^^^^^^^^^
> 21 |     Title
     | ^^^^^^^^^
> 22 | } from '@/components/pages/LoginPage/LoginPage.styled';
     | ^^^^^^^^^^^^^^^^^^^^^^^^^^^^^^^^^^^^^^^^^^^^^^^^^^^^^^^
  23 |
  24 | type User = { username: string; email: string; password: string };
  25 |

The export Action was not found in module [project]/src/components/pages/LoginPage/LoginPage.styled.tsx [ssr] (ecmascript).
Did you mean to import CheckboxRow?
All exports of the module are statically known (It doesn't have dynamic exports). So it's known statically that the requested export doesn't exist. @ http://localhost:3000/_next/static/chunks/node_modules_next_dist_0bc8q4g._.js:1952
[ 8385238ms] [ERROR] ./src/pages/login.tsx:6:1
Export AuxiliaryAction doesn't exist in target module
   4 | import { serverSideTranslations } from 'next-i18next/serverSideTranslations';
   5 | import { useRouter } from 'next/router';
>  6 | import {
     | ^^^^^^^
>  7 |     Action,
     | ^^^^^^^^^^^
>  8 |     AuxiliaryAction,
     | ^^^^^^^^^^^^^^^^^^^^
>  9 |     CheckboxRow,
     | ^^^^^^^^^^^^^^^^
> 10 |     Close,
     | ^^^^^^^^^^
> 11 |     Error,
     | ^^^^^^^^^^
> 12 |     Form,
     | ^^^^^^^^^
> 13 |     Input,
     | ^^^^^^^^^^
> 14 |     Modal,
     | ^^^^^^^^^^
> 15 |     ModalBody,
     | ^^^^^^^^^^^^^^
> 16 |     ModalHeader,
     | ^^^^^^^^^^^^^^^^
> 17 |     Page,
     | ^^^^^^^^^
> 18 |     Status,
     | ^^^^^^^^^^^
> 19 |     Tab,
     | ^^^^^^^^
> 20 |     Tabs,
     | ^^^^^^^^^
> 21 |     Title
     | ^^^^^^^^^
> 22 | } from '@/components/pages/LoginPage/LoginPage.styled';
     | ^^^^^^^^^^^^^^^^^^^^^^^^^^^^^^^^^^^^^^^^^^^^^^^^^^^^^^^
  23 |
  24 | type User = { username: string; email: string; password: string };
  25 |

The export AuxiliaryAction was not found in module [project]/src/components/pages/LoginPage/LoginPage.styled.tsx [client] (ecmascript).
Did you mean to import Title?
All exports of the module are statically known (It doesn't have dynamic exports). So it's known statically that the requested export doesn't exist. @ http://localhost:3000/_next/static/chunks/node_modules_next_dist_0bc8q4g._.js:1952
[ 8385238ms] [ERROR] ./src/pages/login.tsx:6:1
Export AuxiliaryAction doesn't exist in target module
   4 | import { serverSideTranslations } from 'next-i18next/serverSideTranslations';
   5 | import { useRouter } from 'next/router';
>  6 | import {
     | ^^^^^^^
>  7 |     Action,
     | ^^^^^^^^^^^
>  8 |     AuxiliaryAction,
     | ^^^^^^^^^^^^^^^^^^^^
>  9 |     CheckboxRow,
     | ^^^^^^^^^^^^^^^^
> 10 |     Close,
     | ^^^^^^^^^^
> 11 |     Error,
     | ^^^^^^^^^^
> 12 |     Form,
     | ^^^^^^^^^
> 13 |     Input,
     | ^^^^^^^^^^
> 14 |     Modal,
     | ^^^^^^^^^^
> 15 |     ModalBody,
     | ^^^^^^^^^^^^^^
> 16 |     ModalHeader,
     | ^^^^^^^^^^^^^^^^
> 17 |     Page,
     | ^^^^^^^^^
> 18 |     Status,
     | ^^^^^^^^^^^
> 19 |     Tab,
     | ^^^^^^^^
> 20 |     Tabs,
     | ^^^^^^^^^
> 21 |     Title
     | ^^^^^^^^^
> 22 | } from '@/components/pages/LoginPage/LoginPage.styled';
     | ^^^^^^^^^^^^^^^^^^^^^^^^^^^^^^^^^^^^^^^^^^^^^^^^^^^^^^^
  23 |
  24 | type User = { username: string; email: string; password: string };
  25 |

The export AuxiliaryAction was not found in module [project]/src/components/pages/LoginPage/LoginPage.styled.tsx [ssr] (ecmascript).
Did you mean to import Title?
All exports of the module are statically known (It doesn't have dynamic exports). So it's known statically that the requested export doesn't exist. @ http://localhost:3000/_next/static/chunks/node_modules_next_dist_0bc8q4g._.js:1952
[ 8385239ms] [ERROR] ./src/pages/login.tsx:6:1
Export Error doesn't exist in target module
   4 | import { serverSideTranslations } from 'next-i18next/serverSideTranslations';
   5 | import { useRouter } from 'next/router';
>  6 | import {
     | ^^^^^^^
>  7 |     Action,
     | ^^^^^^^^^^^
>  8 |     AuxiliaryAction,
     | ^^^^^^^^^^^^^^^^^^^^
>  9 |     CheckboxRow,
     | ^^^^^^^^^^^^^^^^
> 10 |     Close,
     | ^^^^^^^^^^
> 11 |     Error,
     | ^^^^^^^^^^
> 12 |     Form,
     | ^^^^^^^^^
> 13 |     Input,
     | ^^^^^^^^^^
> 14 |     Modal,
     | ^^^^^^^^^^
> 15 |     ModalBody,
     | ^^^^^^^^^^^^^^
> 16 |     ModalHeader,
     | ^^^^^^^^^^^^^^^^
> 17 |     Page,
     | ^^^^^^^^^
> 18 |     Status,
     | ^^^^^^^^^^^
> 19 |     Tab,
     | ^^^^^^^^
> 20 |     Tabs,
     | ^^^^^^^^^
> 21 |     Title
     | ^^^^^^^^^
> 22 | } from '@/components/pages/LoginPage/LoginPage.styled';
     | ^^^^^^^^^^^^^^^^^^^^^^^^^^^^^^^^^^^^^^^^^^^^^^^^^^^^^^^
  23 |
  24 | type User = { username: string; email: string; password: string };
  25 |

The export Error was not found in module [project]/src/components/pages/LoginPage/LoginPage.styled.tsx [client] (ecmascript).
Did you mean to import Form?
All exports of the module are statically known (It doesn't have dynamic exports). So it's known statically that the requested export doesn't exist. @ http://localhost:3000/_next/static/chunks/node_modules_next_dist_0bc8q4g._.js:1952
[ 8385241ms] [ERROR] ./src/pages/login.tsx:6:1
Export Error doesn't exist in target module
   4 | import { serverSideTranslations } from 'next-i18next/serverSideTranslations';
   5 | import { useRouter } from 'next/router';
>  6 | import {
     | ^^^^^^^
>  7 |     Action,
     | ^^^^^^^^^^^
>  8 |     AuxiliaryAction,
     | ^^^^^^^^^^^^^^^^^^^^
>  9 |     CheckboxRow,
     | ^^^^^^^^^^^^^^^^
> 10 |     Close,
     | ^^^^^^^^^^
> 11 |     Error,
     | ^^^^^^^^^^
> 12 |     Form,
     | ^^^^^^^^^
> 13 |     Input,
     | ^^^^^^^^^^
> 14 |     Modal,
     | ^^^^^^^^^^
> 15 |     ModalBody,
     | ^^^^^^^^^^^^^^
> 16 |     ModalHeader,
     | ^^^^^^^^^^^^^^^^
> 17 |     Page,
     | ^^^^^^^^^
> 18 |     Status,
     | ^^^^^^^^^^^
> 19 |     Tab,
     | ^^^^^^^^
> 20 |     Tabs,
     | ^^^^^^^^^
> 21 |     Title
     | ^^^^^^^^^
> 22 | } from '@/components/pages/LoginPage/LoginPage.styled';
     | ^^^^^^^^^^^^^^^^^^^^^^^^^^^^^^^^^^^^^^^^^^^^^^^^^^^^^^^
  23 |
  24 | type User = { username: string; email: string; password: string };
  25 |

The export Error was not found in module [project]/src/components/pages/LoginPage/LoginPage.styled.tsx [ssr] (ecmascript).
Did you mean to import Form?
All exports of the module are statically known (It doesn't have dynamic exports). So it's known statically that the requested export doesn't exist. @ http://localhost:3000/_next/static/chunks/node_modules_next_dist_0bc8q4g._.js:1952
[ 8385242ms] [ERROR] ./src/pages/login.tsx:6:1
Export Status doesn't exist in target module
   4 | import { serverSideTranslations } from 'next-i18next/serverSideTranslations';
   5 | import { useRouter } from 'next/router';
>  6 | import {
     | ^^^^^^^
>  7 |     Action,
     | ^^^^^^^^^^^
>  8 |     AuxiliaryAction,
     | ^^^^^^^^^^^^^^^^^^^^
>  9 |     CheckboxRow,
     | ^^^^^^^^^^^^^^^^
> 10 |     Close,
     | ^^^^^^^^^^
> 11 |     Error,
     | ^^^^^^^^^^
> 12 |     Form,
     | ^^^^^^^^^
> 13 |     Input,
     | ^^^^^^^^^^
> 14 |     Modal,
     | ^^^^^^^^^^
> 15 |     ModalBody,
     | ^^^^^^^^^^^^^^
> 16 |     ModalHeader,
     | ^^^^^^^^^^^^^^^^
> 17 |     Page,
     | ^^^^^^^^^
> 18 |     Status,
     | ^^^^^^^^^^^
> 19 |     Tab,
     | ^^^^^^^^
> 20 |     Tabs,
     | ^^^^^^^^^
> 21 |     Title
     | ^^^^^^^^^
> 22 | } from '@/components/pages/LoginPage/LoginPage.styled';
     | ^^^^^^^^^^^^^^^^^^^^^^^^^^^^^^^^^^^^^^^^^^^^^^^^^^^^^^^
  23 |
  24 | type User = { username: string; email: string; password: string };
  25 |

The export Status was not found in module [project]/src/components/pages/LoginPage/LoginPage.styled.tsx [client] (ecmascript).
Did you mean to import Tabs?
All exports of the module are statically known (It doesn't have dynamic exports). So it's known statically that the requested export doesn't exist. @ http://localhost:3000/_next/static/chunks/node_modules_next_dist_0bc8q4g._.js:1952
[ 8385243ms] [ERROR] ./src/pages/login.tsx:6:1
Export Status doesn't exist in target module
   4 | import { serverSideTranslations } from 'next-i18next/serverSideTranslations';
   5 | import { useRouter } from 'next/router';
>  6 | import {
     | ^^^^^^^
>  7 |     Action,
     | ^^^^^^^^^^^
>  8 |     AuxiliaryAction,
     | ^^^^^^^^^^^^^^^^^^^^
>  9 |     CheckboxRow,
     | ^^^^^^^^^^^^^^^^
> 10 |     Close,
     | ^^^^^^^^^^
> 11 |     Error,
     | ^^^^^^^^^^
> 12 |     Form,
     | ^^^^^^^^^
> 13 |     Input,
     | ^^^^^^^^^^
> 14 |     Modal,
     | ^^^^^^^^^^
> 15 |     ModalBody,
     | ^^^^^^^^^^^^^^
> 16 |     ModalHeader,
     | ^^^^^^^^^^^^^^^^
> 17 |     Page,
     | ^^^^^^^^^
> 18 |     Status,
     | ^^^^^^^^^^^
> 19 |     Tab,
     | ^^^^^^^^
> 20 |     Tabs,
     | ^^^^^^^^^
> 21 |     Title
     | ^^^^^^^^^
> 22 | } from '@/components/pages/LoginPage/LoginPage.styled';
     | ^^^^^^^^^^^^^^^^^^^^^^^^^^^^^^^^^^^^^^^^^^^^^^^^^^^^^^^
  23 |
  24 | type User = { username: string; email: string; password: string };
  25 |

The export Status was not found in module [project]/src/components/pages/LoginPage/LoginPage.styled.tsx [ssr] (ecmascript).
Did you mean to import Tabs?
All exports of the module are statically known (It doesn't have dynamic exports). So it's known statically that the requested export doesn't exist. @ http://localhost:3000/_next/static/chunks/node_modules_next_dist_0bc8q4g._.js:1952
[ 8385284ms] [LOG] [Fast Refresh] rebuilding @ http://localhost:3000/_next/static/chunks/node_modules_next_dist_0bc8q4g._.js:1233
[ 8396258ms] [ERROR] ./src/pages/login.tsx:6:1
Export Action doesn't exist in target module
   4 | import { serverSideTranslations } from 'next-i18next/serverSideTranslations';
   5 | import { useRouter } from 'next/router';
>  6 | import {
     | ^^^^^^^
>  7 |     Action,
     | ^^^^^^^^^^^
>  8 |     AuxiliaryAction,
     | ^^^^^^^^^^^^^^^^^^^^
>  9 |     CheckboxRow,
     | ^^^^^^^^^^^^^^^^
> 10 |     Close,
     | ^^^^^^^^^^
> 11 |     Error,
     | ^^^^^^^^^^
> 12 |     Form,
     | ^^^^^^^^^
> 13 |     Input,
     | ^^^^^^^^^^
> 14 |     Modal,
     | ^^^^^^^^^^
> 15 |     ModalBody,
     | ^^^^^^^^^^^^^^
> 16 |     ModalHeader,
     | ^^^^^^^^^^^^^^^^
> 17 |     Page,
     | ^^^^^^^^^
> 18 |     Status,
     | ^^^^^^^^^^^
> 19 |     Tab,
     | ^^^^^^^^
> 20 |     Tabs,
     | ^^^^^^^^^
> 21 |     Title
     | ^^^^^^^^^
> 22 | } from '@/components/pages/LoginPage/LoginPage.styled';
     | ^^^^^^^^^^^^^^^^^^^^^^^^^^^^^^^^^^^^^^^^^^^^^^^^^^^^^^^
  23 |
  24 | type User = { username: string; email: string; password: string };
  25 |

The export Action was not found in module [project]/src/components/pages/LoginPage/LoginPage.styled.tsx [client] (ecmascript).
Did you mean to import CheckboxRow?
All exports of the module are statically known (It doesn't have dynamic exports). So it's known statically that the requested export doesn't exist. @ http://localhost:3000/_next/static/chunks/node_modules_next_dist_0bc8q4g._.js:1952
[ 8396258ms] [ERROR] ./src/pages/login.tsx:6:1
Export Action doesn't exist in target module
   4 | import { serverSideTranslations } from 'next-i18next/serverSideTranslations';
   5 | import { useRouter } from 'next/router';
>  6 | import {
     | ^^^^^^^
>  7 |     Action,
     | ^^^^^^^^^^^
>  8 |     AuxiliaryAction,
     | ^^^^^^^^^^^^^^^^^^^^
>  9 |     CheckboxRow,
     | ^^^^^^^^^^^^^^^^
> 10 |     Close,
     | ^^^^^^^^^^
> 11 |     Error,
     | ^^^^^^^^^^
> 12 |     Form,
     | ^^^^^^^^^
> 13 |     Input,
     | ^^^^^^^^^^
> 14 |     Modal,
     | ^^^^^^^^^^
> 15 |     ModalBody,
     | ^^^^^^^^^^^^^^
> 16 |     ModalHeader,
     | ^^^^^^^^^^^^^^^^
> 17 |     Page,
     | ^^^^^^^^^
> 18 |     Status,
     | ^^^^^^^^^^^
> 19 |     Tab,
     | ^^^^^^^^
> 20 |     Tabs,
     | ^^^^^^^^^
> 21 |     Title
     | ^^^^^^^^^
> 22 | } from '@/components/pages/LoginPage/LoginPage.styled';
     | ^^^^^^^^^^^^^^^^^^^^^^^^^^^^^^^^^^^^^^^^^^^^^^^^^^^^^^^
  23 |
  24 | type User = { username: string; email: string; password: string };
  25 |

The export Action was not found in module [project]/src/components/pages/LoginPage/LoginPage.styled.tsx [ssr] (ecmascript).
Did you mean to import CheckboxRow?
All exports of the module are statically known (It doesn't have dynamic exports). So it's known statically that the requested export doesn't exist. @ http://localhost:3000/_next/static/chunks/node_modules_next_dist_0bc8q4g._.js:1952
[ 8396258ms] [ERROR] ./src/pages/login.tsx:6:1
Export AuxiliaryAction doesn't exist in target module
   4 | import { serverSideTranslations } from 'next-i18next/serverSideTranslations';
   5 | import { useRouter } from 'next/router';
>  6 | import {
     | ^^^^^^^
>  7 |     Action,
     | ^^^^^^^^^^^
>  8 |     AuxiliaryAction,
     | ^^^^^^^^^^^^^^^^^^^^
>  9 |     CheckboxRow,
     | ^^^^^^^^^^^^^^^^
> 10 |     Close,
     | ^^^^^^^^^^
> 11 |     Error,
     | ^^^^^^^^^^
> 12 |     Form,
     | ^^^^^^^^^
> 13 |     Input,
     | ^^^^^^^^^^
> 14 |     Modal,
     | ^^^^^^^^^^
> 15 |     ModalBody,
     | ^^^^^^^^^^^^^^
> 16 |     ModalHeader,
     | ^^^^^^^^^^^^^^^^
> 17 |     Page,
     | ^^^^^^^^^
> 18 |     Status,
     | ^^^^^^^^^^^
> 19 |     Tab,
     | ^^^^^^^^
> 20 |     Tabs,
     | ^^^^^^^^^
> 21 |     Title
     | ^^^^^^^^^
> 22 | } from '@/components/pages/LoginPage/LoginPage.styled';
     | ^^^^^^^^^^^^^^^^^^^^^^^^^^^^^^^^^^^^^^^^^^^^^^^^^^^^^^^
  23 |
  24 | type User = { username: string; email: string; password: string };
  25 |

The export AuxiliaryAction was not found in module [project]/src/components/pages/LoginPage/LoginPage.styled.tsx [client] (ecmascript).
Did you mean to import Title?
All exports of the module are statically known (It doesn't have dynamic exports). So it's known statically that the requested export doesn't exist. @ http://localhost:3000/_next/static/chunks/node_modules_next_dist_0bc8q4g._.js:1952
[ 8396258ms] [ERROR] ./src/pages/login.tsx:6:1
Export AuxiliaryAction doesn't exist in target module
   4 | import { serverSideTranslations } from 'next-i18next/serverSideTranslations';
   5 | import { useRouter } from 'next/router';
>  6 | import {
     | ^^^^^^^
>  7 |     Action,
     | ^^^^^^^^^^^
>  8 |     AuxiliaryAction,
     | ^^^^^^^^^^^^^^^^^^^^
>  9 |     CheckboxRow,
     | ^^^^^^^^^^^^^^^^
> 10 |     Close,
     | ^^^^^^^^^^
> 11 |     Error,
     | ^^^^^^^^^^
> 12 |     Form,
     | ^^^^^^^^^
> 13 |     Input,
     | ^^^^^^^^^^
> 14 |     Modal,
     | ^^^^^^^^^^
> 15 |     ModalBody,
     | ^^^^^^^^^^^^^^
> 16 |     ModalHeader,
     | ^^^^^^^^^^^^^^^^
> 17 |     Page,
     | ^^^^^^^^^
> 18 |     Status,
     | ^^^^^^^^^^^
> 19 |     Tab,
     | ^^^^^^^^
> 20 |     Tabs,
     | ^^^^^^^^^
> 21 |     Title
     | ^^^^^^^^^
> 22 | } from '@/components/pages/LoginPage/LoginPage.styled';
     | ^^^^^^^^^^^^^^^^^^^^^^^^^^^^^^^^^^^^^^^^^^^^^^^^^^^^^^^
  23 |
  24 | type User = { username: string; email: string; password: string };
  25 |

The export AuxiliaryAction was not found in module [project]/src/components/pages/LoginPage/LoginPage.styled.tsx [ssr] (ecmascript).
Did you mean to import Title?
All exports of the module are statically known (It doesn't have dynamic exports). So it's known statically that the requested export doesn't exist. @ http://localhost:3000/_next/static/chunks/node_modules_next_dist_0bc8q4g._.js:1952
[ 8396259ms] [ERROR] ./src/pages/login.tsx:6:1
Export Error doesn't exist in target module
   4 | import { serverSideTranslations } from 'next-i18next/serverSideTranslations';
   5 | import { useRouter } from 'next/router';
>  6 | import {
     | ^^^^^^^
>  7 |     Action,
     | ^^^^^^^^^^^
>  8 |     AuxiliaryAction,
     | ^^^^^^^^^^^^^^^^^^^^
>  9 |     CheckboxRow,
     | ^^^^^^^^^^^^^^^^
> 10 |     Close,
     | ^^^^^^^^^^
> 11 |     Error,
     | ^^^^^^^^^^
> 12 |     Form,
     | ^^^^^^^^^
> 13 |     Input,
     | ^^^^^^^^^^
> 14 |     Modal,
     | ^^^^^^^^^^
> 15 |     ModalBody,
     | ^^^^^^^^^^^^^^
> 16 |     ModalHeader,
     | ^^^^^^^^^^^^^^^^
> 17 |     Page,
     | ^^^^^^^^^
> 18 |     Status,
     | ^^^^^^^^^^^
> 19 |     Tab,
     | ^^^^^^^^
> 20 |     Tabs,
     | ^^^^^^^^^
> 21 |     Title
     | ^^^^^^^^^
> 22 | } from '@/components/pages/LoginPage/LoginPage.styled';
     | ^^^^^^^^^^^^^^^^^^^^^^^^^^^^^^^^^^^^^^^^^^^^^^^^^^^^^^^
  23 |
  24 | type User = { username: string; email: string; password: string };
  25 |

The export Error was not found in module [project]/src/components/pages/LoginPage/LoginPage.styled.tsx [client] (ecmascript).
Did you mean to import Form?
All exports of the module are statically known (It doesn't have dynamic exports). So it's known statically that the requested export doesn't exist. @ http://localhost:3000/_next/static/chunks/node_modules_next_dist_0bc8q4g._.js:1952
[ 8396261ms] [ERROR] ./src/pages/login.tsx:6:1
Export Error doesn't exist in target module
   4 | import { serverSideTranslations } from 'next-i18next/serverSideTranslations';
   5 | import { useRouter } from 'next/router';
>  6 | import {
     | ^^^^^^^
>  7 |     Action,
     | ^^^^^^^^^^^
>  8 |     AuxiliaryAction,
     | ^^^^^^^^^^^^^^^^^^^^
>  9 |     CheckboxRow,
     | ^^^^^^^^^^^^^^^^
> 10 |     Close,
     | ^^^^^^^^^^
> 11 |     Error,
     | ^^^^^^^^^^
> 12 |     Form,
     | ^^^^^^^^^
> 13 |     Input,
     | ^^^^^^^^^^
> 14 |     Modal,
     | ^^^^^^^^^^
> 15 |     ModalBody,
     | ^^^^^^^^^^^^^^
> 16 |     ModalHeader,
     | ^^^^^^^^^^^^^^^^
> 17 |     Page,
     | ^^^^^^^^^
> 18 |     Status,
     | ^^^^^^^^^^^
> 19 |     Tab,
     | ^^^^^^^^
> 20 |     Tabs,
     | ^^^^^^^^^
> 21 |     Title
     | ^^^^^^^^^
> 22 | } from '@/components/pages/LoginPage/LoginPage.styled';
     | ^^^^^^^^^^^^^^^^^^^^^^^^^^^^^^^^^^^^^^^^^^^^^^^^^^^^^^^
  23 |
  24 | type User = { username: string; email: string; password: string };
  25 |

The export Error was not found in module [project]/src/components/pages/LoginPage/LoginPage.styled.tsx [ssr] (ecmascript).
Did you mean to import Form?
All exports of the module are statically known (It doesn't have dynamic exports). So it's known statically that the requested export doesn't exist. @ http://localhost:3000/_next/static/chunks/node_modules_next_dist_0bc8q4g._.js:1952
[ 8396261ms] [ERROR] ./src/pages/login.tsx:6:1
Export Status doesn't exist in target module
   4 | import { serverSideTranslations } from 'next-i18next/serverSideTranslations';
   5 | import { useRouter } from 'next/router';
>  6 | import {
     | ^^^^^^^
>  7 |     Action,
     | ^^^^^^^^^^^
>  8 |     AuxiliaryAction,
     | ^^^^^^^^^^^^^^^^^^^^
>  9 |     CheckboxRow,
     | ^^^^^^^^^^^^^^^^
> 10 |     Close,
     | ^^^^^^^^^^
> 11 |     Error,
     | ^^^^^^^^^^
> 12 |     Form,
     | ^^^^^^^^^
> 13 |     Input,
     | ^^^^^^^^^^
> 14 |     Modal,
     | ^^^^^^^^^^
> 15 |     ModalBody,
     | ^^^^^^^^^^^^^^
> 16 |     ModalHeader,
     | ^^^^^^^^^^^^^^^^
> 17 |     Page,
     | ^^^^^^^^^
> 18 |     Status,
     | ^^^^^^^^^^^
> 19 |     Tab,
     | ^^^^^^^^
> 20 |     Tabs,
     | ^^^^^^^^^
> 21 |     Title
     | ^^^^^^^^^
> 22 | } from '@/components/pages/LoginPage/LoginPage.styled';
     | ^^^^^^^^^^^^^^^^^^^^^^^^^^^^^^^^^^^^^^^^^^^^^^^^^^^^^^^
  23 |
  24 | type User = { username: string; email: string; password: string };
  25 |

The export Status was not found in module [project]/src/components/pages/LoginPage/LoginPage.styled.tsx [client] (ecmascript).
Did you mean to import Tabs?
All exports of the module are statically known (It doesn't have dynamic exports). So it's known statically that the requested export doesn't exist. @ http://localhost:3000/_next/static/chunks/node_modules_next_dist_0bc8q4g._.js:1952
[ 8396261ms] [ERROR] ./src/pages/login.tsx:6:1
Export Status doesn't exist in target module
   4 | import { serverSideTranslations } from 'next-i18next/serverSideTranslations';
   5 | import { useRouter } from 'next/router';
>  6 | import {
     | ^^^^^^^
>  7 |     Action,
     | ^^^^^^^^^^^
>  8 |     AuxiliaryAction,
     | ^^^^^^^^^^^^^^^^^^^^
>  9 |     CheckboxRow,
     | ^^^^^^^^^^^^^^^^
> 10 |     Close,
     | ^^^^^^^^^^
> 11 |     Error,
     | ^^^^^^^^^^
> 12 |     Form,
     | ^^^^^^^^^
> 13 |     Input,
     | ^^^^^^^^^^
> 14 |     Modal,
     | ^^^^^^^^^^
> 15 |     ModalBody,
     | ^^^^^^^^^^^^^^
> 16 |     ModalHeader,
     | ^^^^^^^^^^^^^^^^
> 17 |     Page,
     | ^^^^^^^^^
> 18 |     Status,
     | ^^^^^^^^^^^
> 19 |     Tab,
     | ^^^^^^^^
> 20 |     Tabs,
     | ^^^^^^^^^
> 21 |     Title
     | ^^^^^^^^^
> 22 | } from '@/components/pages/LoginPage/LoginPage.styled';
     | ^^^^^^^^^^^^^^^^^^^^^^^^^^^^^^^^^^^^^^^^^^^^^^^^^^^^^^^
  23 |
  24 | type User = { username: string; email: string; password: string };
  25 |

The export Status was not found in module [project]/src/components/pages/LoginPage/LoginPage.styled.tsx [ssr] (ecmascript).
Did you mean to import Tabs?
All exports of the module are statically known (It doesn't have dynamic exports). So it's known statically that the requested export doesn't exist. @ http://localhost:3000/_next/static/chunks/node_modules_next_dist_0bc8q4g._.js:1952
[ 8396303ms] [LOG] [Fast Refresh] rebuilding @ http://localhost:3000/_next/static/chunks/node_modules_next_dist_0bc8q4g._.js:1233
[ 8403416ms] [ERROR] ./src/pages/login.tsx:6:1
Export Action doesn't exist in target module
   4 | import { serverSideTranslations } from 'next-i18next/serverSideTranslations';
   5 | import { useRouter } from 'next/router';
>  6 | import {
     | ^^^^^^^
>  7 |     Action,
     | ^^^^^^^^^^^
>  8 |     AuxiliaryAction,
     | ^^^^^^^^^^^^^^^^^^^^
>  9 |     CheckboxRow,
     | ^^^^^^^^^^^^^^^^
> 10 |     Close,
     | ^^^^^^^^^^
> 11 |     Error,
     | ^^^^^^^^^^
> 12 |     Form,
     | ^^^^^^^^^
> 13 |     Input,
     | ^^^^^^^^^^
> 14 |     Modal,
     | ^^^^^^^^^^
> 15 |     ModalBody,
     | ^^^^^^^^^^^^^^
> 16 |     ModalHeader,
     | ^^^^^^^^^^^^^^^^
> 17 |     Page,
     | ^^^^^^^^^
> 18 |     Status,
     | ^^^^^^^^^^^
> 19 |     Tab,
     | ^^^^^^^^
> 20 |     Tabs,
     | ^^^^^^^^^
> 21 |     Title
     | ^^^^^^^^^
> 22 | } from '@/components/pages/LoginPage/LoginPage.styled';
     | ^^^^^^^^^^^^^^^^^^^^^^^^^^^^^^^^^^^^^^^^^^^^^^^^^^^^^^^
  23 |
  24 | type User = { username: string; email: string; password: string };
  25 |

The export Action was not found in module [project]/src/components/pages/LoginPage/LoginPage.styled.tsx [client] (ecmascript).
Did you mean to import CheckboxRow?
All exports of the module are statically known (It doesn't have dynamic exports). So it's known statically that the requested export doesn't exist. @ http://localhost:3000/_next/static/chunks/node_modules_next_dist_0bc8q4g._.js:1952
[ 8403416ms] [ERROR] ./src/pages/login.tsx:6:1
Export Action doesn't exist in target module
   4 | import { serverSideTranslations } from 'next-i18next/serverSideTranslations';
   5 | import { useRouter } from 'next/router';
>  6 | import {
     | ^^^^^^^
>  7 |     Action,
     | ^^^^^^^^^^^
>  8 |     AuxiliaryAction,
     | ^^^^^^^^^^^^^^^^^^^^
>  9 |     CheckboxRow,
     | ^^^^^^^^^^^^^^^^
> 10 |     Close,
     | ^^^^^^^^^^
> 11 |     Error,
     | ^^^^^^^^^^
> 12 |     Form,
     | ^^^^^^^^^
> 13 |     Input,
     | ^^^^^^^^^^
> 14 |     Modal,
     | ^^^^^^^^^^
> 15 |     ModalBody,
     | ^^^^^^^^^^^^^^
> 16 |     ModalHeader,
     | ^^^^^^^^^^^^^^^^
> 17 |     Page,
     | ^^^^^^^^^
> 18 |     Status,
     | ^^^^^^^^^^^
> 19 |     Tab,
     | ^^^^^^^^
> 20 |     Tabs,
     | ^^^^^^^^^
> 21 |     Title
     | ^^^^^^^^^
> 22 | } from '@/components/pages/LoginPage/LoginPage.styled';
     | ^^^^^^^^^^^^^^^^^^^^^^^^^^^^^^^^^^^^^^^^^^^^^^^^^^^^^^^
  23 |
  24 | type User = { username: string; email: string; password: string };
  25 |

The export Action was not found in module [project]/src/components/pages/LoginPage/LoginPage.styled.tsx [ssr] (ecmascript).
Did you mean to import CheckboxRow?
All exports of the module are statically known (It doesn't have dynamic exports). So it's known statically that the requested export doesn't exist. @ http://localhost:3000/_next/static/chunks/node_modules_next_dist_0bc8q4g._.js:1952
[ 8403417ms] [ERROR] ./src/pages/login.tsx:6:1
Export AuxiliaryAction doesn't exist in target module
   4 | import { serverSideTranslations } from 'next-i18next/serverSideTranslations';
   5 | import { useRouter } from 'next/router';
>  6 | import {
     | ^^^^^^^
>  7 |     Action,
     | ^^^^^^^^^^^
>  8 |     AuxiliaryAction,
     | ^^^^^^^^^^^^^^^^^^^^
>  9 |     CheckboxRow,
     | ^^^^^^^^^^^^^^^^
> 10 |     Close,
     | ^^^^^^^^^^
> 11 |     Error,
     | ^^^^^^^^^^
> 12 |     Form,
     | ^^^^^^^^^
> 13 |     Input,
     | ^^^^^^^^^^
> 14 |     Modal,
     | ^^^^^^^^^^
> 15 |     ModalBody,
     | ^^^^^^^^^^^^^^
> 16 |     ModalHeader,
     | ^^^^^^^^^^^^^^^^
> 17 |     Page,
     | ^^^^^^^^^
> 18 |     Status,
     | ^^^^^^^^^^^
> 19 |     Tab,
     | ^^^^^^^^
> 20 |     Tabs,
     | ^^^^^^^^^
> 21 |     Title
     | ^^^^^^^^^
> 22 | } from '@/components/pages/LoginPage/LoginPage.styled';
     | ^^^^^^^^^^^^^^^^^^^^^^^^^^^^^^^^^^^^^^^^^^^^^^^^^^^^^^^
  23 |
  24 | type User = { username: string; email: string; password: string };
  25 |

The export AuxiliaryAction was not found in module [project]/src/components/pages/LoginPage/LoginPage.styled.tsx [client] (ecmascript).
Did you mean to import Title?
All exports of the module are statically known (It doesn't have dynamic exports). So it's known statically that the requested export doesn't exist. @ http://localhost:3000/_next/static/chunks/node_modules_next_dist_0bc8q4g._.js:1952
[ 8403417ms] [ERROR] ./src/pages/login.tsx:6:1
Export AuxiliaryAction doesn't exist in target module
   4 | import { serverSideTranslations } from 'next-i18next/serverSideTranslations';
   5 | import { useRouter } from 'next/router';
>  6 | import {
     | ^^^^^^^
>  7 |     Action,
     | ^^^^^^^^^^^
>  8 |     AuxiliaryAction,
     | ^^^^^^^^^^^^^^^^^^^^
>  9 |     CheckboxRow,
     | ^^^^^^^^^^^^^^^^
> 10 |     Close,
     | ^^^^^^^^^^
> 11 |     Error,
     | ^^^^^^^^^^
> 12 |     Form,
     | ^^^^^^^^^
> 13 |     Input,
     | ^^^^^^^^^^
> 14 |     Modal,
     | ^^^^^^^^^^
> 15 |     ModalBody,
     | ^^^^^^^^^^^^^^
> 16 |     ModalHeader,
     | ^^^^^^^^^^^^^^^^
> 17 |     Page,
     | ^^^^^^^^^
> 18 |     Status,
     | ^^^^^^^^^^^
> 19 |     Tab,
     | ^^^^^^^^
> 20 |     Tabs,
     | ^^^^^^^^^
> 21 |     Title
     | ^^^^^^^^^
> 22 | } from '@/components/pages/LoginPage/LoginPage.styled';
     | ^^^^^^^^^^^^^^^^^^^^^^^^^^^^^^^^^^^^^^^^^^^^^^^^^^^^^^^
  23 |
  24 | type User = { username: string; email: string; password: string };
  25 |

The export AuxiliaryAction was not found in module [project]/src/components/pages/LoginPage/LoginPage.styled.tsx [ssr] (ecmascript).
Did you mean to import Title?
All exports of the module are statically known (It doesn't have dynamic exports). So it's known statically that the requested export doesn't exist. @ http://localhost:3000/_next/static/chunks/node_modules_next_dist_0bc8q4g._.js:1952
[ 8403417ms] [ERROR] ./src/pages/login.tsx:6:1
Export Error doesn't exist in target module
   4 | import { serverSideTranslations } from 'next-i18next/serverSideTranslations';
   5 | import { useRouter } from 'next/router';
>  6 | import {
     | ^^^^^^^
>  7 |     Action,
     | ^^^^^^^^^^^
>  8 |     AuxiliaryAction,
     | ^^^^^^^^^^^^^^^^^^^^
>  9 |     CheckboxRow,
     | ^^^^^^^^^^^^^^^^
> 10 |     Close,
     | ^^^^^^^^^^
> 11 |     Error,
     | ^^^^^^^^^^
> 12 |     Form,
     | ^^^^^^^^^
> 13 |     Input,
     | ^^^^^^^^^^
> 14 |     Modal,
     | ^^^^^^^^^^
> 15 |     ModalBody,
     | ^^^^^^^^^^^^^^
> 16 |     ModalHeader,
     | ^^^^^^^^^^^^^^^^
> 17 |     Page,
     | ^^^^^^^^^
> 18 |     Status,
     | ^^^^^^^^^^^
> 19 |     Tab,
     | ^^^^^^^^
> 20 |     Tabs,
     | ^^^^^^^^^
> 21 |     Title
     | ^^^^^^^^^
> 22 | } from '@/components/pages/LoginPage/LoginPage.styled';
     | ^^^^^^^^^^^^^^^^^^^^^^^^^^^^^^^^^^^^^^^^^^^^^^^^^^^^^^^
  23 |
  24 | type User = { username: string; email: string; password: string };
  25 |

The export Error was not found in module [project]/src/components/pages/LoginPage/LoginPage.styled.tsx [client] (ecmascript).
Did you mean to import Form?
All exports of the module are statically known (It doesn't have dynamic exports). So it's known statically that the requested export doesn't exist. @ http://localhost:3000/_next/static/chunks/node_modules_next_dist_0bc8q4g._.js:1952
[ 8403418ms] [ERROR] ./src/pages/login.tsx:6:1
Export Error doesn't exist in target module
   4 | import { serverSideTranslations } from 'next-i18next/serverSideTranslations';
   5 | import { useRouter } from 'next/router';
>  6 | import {
     | ^^^^^^^
>  7 |     Action,
     | ^^^^^^^^^^^
>  8 |     AuxiliaryAction,
     | ^^^^^^^^^^^^^^^^^^^^
>  9 |     CheckboxRow,
     | ^^^^^^^^^^^^^^^^
> 10 |     Close,
     | ^^^^^^^^^^
> 11 |     Error,
     | ^^^^^^^^^^
> 12 |     Form,
     | ^^^^^^^^^
> 13 |     Input,
     | ^^^^^^^^^^
> 14 |     Modal,
     | ^^^^^^^^^^
> 15 |     ModalBody,
     | ^^^^^^^^^^^^^^
> 16 |     ModalHeader,
     | ^^^^^^^^^^^^^^^^
> 17 |     Page,
     | ^^^^^^^^^
> 18 |     Status,
     | ^^^^^^^^^^^
> 19 |     Tab,
     | ^^^^^^^^
> 20 |     Tabs,
     | ^^^^^^^^^
> 21 |     Title
     | ^^^^^^^^^
> 22 | } from '@/components/pages/LoginPage/LoginPage.styled';
     | ^^^^^^^^^^^^^^^^^^^^^^^^^^^^^^^^^^^^^^^^^^^^^^^^^^^^^^^
  23 |
  24 | type User = { username: string; email: string; password: string };
  25 |

The export Error was not found in module [project]/src/components/pages/LoginPage/LoginPage.styled.tsx [ssr] (ecmascript).
Did you mean to import Form?
All exports of the module are statically known (It doesn't have dynamic exports). So it's known statically that the requested export doesn't exist. @ http://localhost:3000/_next/static/chunks/node_modules_next_dist_0bc8q4g._.js:1952
[ 8403418ms] [ERROR] ./src/pages/login.tsx:6:1
Export Status doesn't exist in target module
   4 | import { serverSideTranslations } from 'next-i18next/serverSideTranslations';
   5 | import { useRouter } from 'next/router';
>  6 | import {
     | ^^^^^^^
>  7 |     Action,
     | ^^^^^^^^^^^
>  8 |     AuxiliaryAction,
     | ^^^^^^^^^^^^^^^^^^^^
>  9 |     CheckboxRow,
     | ^^^^^^^^^^^^^^^^
> 10 |     Close,
     | ^^^^^^^^^^
> 11 |     Error,
     | ^^^^^^^^^^
> 12 |     Form,
     | ^^^^^^^^^
> 13 |     Input,
     | ^^^^^^^^^^
> 14 |     Modal,
     | ^^^^^^^^^^
> 15 |     ModalBody,
     | ^^^^^^^^^^^^^^
> 16 |     ModalHeader,
     | ^^^^^^^^^^^^^^^^
> 17 |     Page,
     | ^^^^^^^^^
> 18 |     Status,
     | ^^^^^^^^^^^
> 19 |     Tab,
     | ^^^^^^^^
> 20 |     Tabs,
     | ^^^^^^^^^
> 21 |     Title
     | ^^^^^^^^^
> 22 | } from '@/components/pages/LoginPage/LoginPage.styled';
     | ^^^^^^^^^^^^^^^^^^^^^^^^^^^^^^^^^^^^^^^^^^^^^^^^^^^^^^^
  23 |
  24 | type User = { username: string; email: string; password: string };
  25 |

The export Status was not found in module [project]/src/components/pages/LoginPage/LoginPage.styled.tsx [client] (ecmascript).
Did you mean to import Tabs?
All exports of the module are statically known (It doesn't have dynamic exports). So it's known statically that the requested export doesn't exist. @ http://localhost:3000/_next/static/chunks/node_modules_next_dist_0bc8q4g._.js:1952
[ 8403419ms] [ERROR] ./src/pages/login.tsx:6:1
Export Status doesn't exist in target module
   4 | import { serverSideTranslations } from 'next-i18next/serverSideTranslations';
   5 | import { useRouter } from 'next/router';
>  6 | import {
     | ^^^^^^^
>  7 |     Action,
     | ^^^^^^^^^^^
>  8 |     AuxiliaryAction,
     | ^^^^^^^^^^^^^^^^^^^^
>  9 |     CheckboxRow,
     | ^^^^^^^^^^^^^^^^
> 10 |     Close,
     | ^^^^^^^^^^
> 11 |     Error,
     | ^^^^^^^^^^
> 12 |     Form,
     | ^^^^^^^^^
> 13 |     Input,
     | ^^^^^^^^^^
> 14 |     Modal,
     | ^^^^^^^^^^
> 15 |     ModalBody,
     | ^^^^^^^^^^^^^^
> 16 |     ModalHeader,
     | ^^^^^^^^^^^^^^^^
> 17 |     Page,
     | ^^^^^^^^^
> 18 |     Status,
     | ^^^^^^^^^^^
> 19 |     Tab,
     | ^^^^^^^^
> 20 |     Tabs,
     | ^^^^^^^^^
> 21 |     Title
     | ^^^^^^^^^
> 22 | } from '@/components/pages/LoginPage/LoginPage.styled';
     | ^^^^^^^^^^^^^^^^^^^^^^^^^^^^^^^^^^^^^^^^^^^^^^^^^^^^^^^
  23 |
  24 | type User = { username: string; email: string; password: string };
  25 |

The export Status was not found in module [project]/src/components/pages/LoginPage/LoginPage.styled.tsx [ssr] (ecmascript).
Did you mean to import Tabs?
All exports of the module are statically known (It doesn't have dynamic exports). So it's known statically that the requested export doesn't exist. @ http://localhost:3000/_next/static/chunks/node_modules_next_dist_0bc8q4g._.js:1952
[ 8403465ms] [LOG] [Fast Refresh] rebuilding @ http://localhost:3000/_next/static/chunks/node_modules_next_dist_0bc8q4g._.js:1233
[ 8447347ms] [ERROR] ./src/pages/login.tsx:6:1
Export Action doesn't exist in target module
   4 | import { serverSideTranslations } from 'next-i18next/serverSideTranslations';
   5 | import { useRouter } from 'next/router';
>  6 | import {
     | ^^^^^^^
>  7 |     Action,
     | ^^^^^^^^^^^
>  8 |     AuxiliaryAction,
     | ^^^^^^^^^^^^^^^^^^^^
>  9 |     CheckboxRow,
     | ^^^^^^^^^^^^^^^^
> 10 |     Close,
     | ^^^^^^^^^^
> 11 |     Error,
     | ^^^^^^^^^^
> 12 |     Form,
     | ^^^^^^^^^
> 13 |     Input,
     | ^^^^^^^^^^
> 14 |     Modal,
     | ^^^^^^^^^^
> 15 |     ModalBody,
     | ^^^^^^^^^^^^^^
> 16 |     ModalHeader,
     | ^^^^^^^^^^^^^^^^
> 17 |     Page,
     | ^^^^^^^^^
> 18 |     Status,
     | ^^^^^^^^^^^
> 19 |     Tab,
     | ^^^^^^^^
> 20 |     Tabs,
     | ^^^^^^^^^
> 21 |     Title
     | ^^^^^^^^^
> 22 | } from '@/components/pages/LoginPage/LoginPage.styled';
     | ^^^^^^^^^^^^^^^^^^^^^^^^^^^^^^^^^^^^^^^^^^^^^^^^^^^^^^^
  23 |
  24 | type User = { username: string; email: string; password: string };
  25 |

The export Action was not found in module [project]/src/components/pages/LoginPage/LoginPage.styled.tsx [client] (ecmascript).
Did you mean to import CheckboxRow?
All exports of the module are statically known (It doesn't have dynamic exports). So it's known statically that the requested export doesn't exist. @ http://localhost:3000/_next/static/chunks/node_modules_next_dist_0bc8q4g._.js:1952
[ 8447347ms] [ERROR] ./src/pages/login.tsx:6:1
Export Action doesn't exist in target module
   4 | import { serverSideTranslations } from 'next-i18next/serverSideTranslations';
   5 | import { useRouter } from 'next/router';
>  6 | import {
     | ^^^^^^^
>  7 |     Action,
     | ^^^^^^^^^^^
>  8 |     AuxiliaryAction,
     | ^^^^^^^^^^^^^^^^^^^^
>  9 |     CheckboxRow,
     | ^^^^^^^^^^^^^^^^
> 10 |     Close,
     | ^^^^^^^^^^
> 11 |     Error,
     | ^^^^^^^^^^
> 12 |     Form,
     | ^^^^^^^^^
> 13 |     Input,
     | ^^^^^^^^^^
> 14 |     Modal,
     | ^^^^^^^^^^
> 15 |     ModalBody,
     | ^^^^^^^^^^^^^^
> 16 |     ModalHeader,
     | ^^^^^^^^^^^^^^^^
> 17 |     Page,
     | ^^^^^^^^^
> 18 |     Status,
     | ^^^^^^^^^^^
> 19 |     Tab,
     | ^^^^^^^^
> 20 |     Tabs,
     | ^^^^^^^^^
> 21 |     Title
     | ^^^^^^^^^
> 22 | } from '@/components/pages/LoginPage/LoginPage.styled';
     | ^^^^^^^^^^^^^^^^^^^^^^^^^^^^^^^^^^^^^^^^^^^^^^^^^^^^^^^
  23 |
  24 | type User = { username: string; email: string; password: string };
  25 |

The export Action was not found in module [project]/src/components/pages/LoginPage/LoginPage.styled.tsx [ssr] (ecmascript).
Did you mean to import CheckboxRow?
All exports of the module are statically known (It doesn't have dynamic exports). So it's known statically that the requested export doesn't exist. @ http://localhost:3000/_next/static/chunks/node_modules_next_dist_0bc8q4g._.js:1952
[ 8447353ms] [ERROR] ./src/pages/login.tsx:6:1
Export AuxiliaryAction doesn't exist in target module
   4 | import { serverSideTranslations } from 'next-i18next/serverSideTranslations';
   5 | import { useRouter } from 'next/router';
>  6 | import {
     | ^^^^^^^
>  7 |     Action,
     | ^^^^^^^^^^^
>  8 |     AuxiliaryAction,
     | ^^^^^^^^^^^^^^^^^^^^
>  9 |     CheckboxRow,
     | ^^^^^^^^^^^^^^^^
> 10 |     Close,
     | ^^^^^^^^^^
> 11 |     Error,
     | ^^^^^^^^^^
> 12 |     Form,
     | ^^^^^^^^^
> 13 |     Input,
     | ^^^^^^^^^^
> 14 |     Modal,
     | ^^^^^^^^^^
> 15 |     ModalBody,
     | ^^^^^^^^^^^^^^
> 16 |     ModalHeader,
     | ^^^^^^^^^^^^^^^^
> 17 |     Page,
     | ^^^^^^^^^
> 18 |     Status,
     | ^^^^^^^^^^^
> 19 |     Tab,
     | ^^^^^^^^
> 20 |     Tabs,
     | ^^^^^^^^^
> 21 |     Title
     | ^^^^^^^^^
> 22 | } from '@/components/pages/LoginPage/LoginPage.styled';
     | ^^^^^^^^^^^^^^^^^^^^^^^^^^^^^^^^^^^^^^^^^^^^^^^^^^^^^^^
  23 |
  24 | type User = { username: string; email: string; password: string };
  25 |

The export AuxiliaryAction was not found in module [project]/src/components/pages/LoginPage/LoginPage.styled.tsx [client] (ecmascript).
Did you mean to import Title?
All exports of the module are statically known (It doesn't have dynamic exports). So it's known statically that the requested export doesn't exist. @ http://localhost:3000/_next/static/chunks/node_modules_next_dist_0bc8q4g._.js:1952
[ 8447353ms] [ERROR] ./src/pages/login.tsx:6:1
Export AuxiliaryAction doesn't exist in target module
   4 | import { serverSideTranslations } from 'next-i18next/serverSideTranslations';
   5 | import { useRouter } from 'next/router';
>  6 | import {
     | ^^^^^^^
>  7 |     Action,
     | ^^^^^^^^^^^
>  8 |     AuxiliaryAction,
     | ^^^^^^^^^^^^^^^^^^^^
>  9 |     CheckboxRow,
     | ^^^^^^^^^^^^^^^^
> 10 |     Close,
     | ^^^^^^^^^^
> 11 |     Error,
     | ^^^^^^^^^^
> 12 |     Form,
     | ^^^^^^^^^
> 13 |     Input,
     | ^^^^^^^^^^
> 14 |     Modal,
     | ^^^^^^^^^^
> 15 |     ModalBody,
     | ^^^^^^^^^^^^^^
> 16 |     ModalHeader,
     | ^^^^^^^^^^^^^^^^
> 17 |     Page,
     | ^^^^^^^^^
> 18 |     Status,
     | ^^^^^^^^^^^
> 19 |     Tab,
     | ^^^^^^^^
> 20 |     Tabs,
     | ^^^^^^^^^
> 21 |     Title
     | ^^^^^^^^^
> 22 | } from '@/components/pages/LoginPage/LoginPage.styled';
     | ^^^^^^^^^^^^^^^^^^^^^^^^^^^^^^^^^^^^^^^^^^^^^^^^^^^^^^^
  23 |
  24 | type User = { username: string; email: string; password: string };
  25 |

The export AuxiliaryAction was not found in module [project]/src/components/pages/LoginPage/LoginPage.styled.tsx [ssr] (ecmascript).
Did you mean to import Title?
All exports of the module are statically known (It doesn't have dynamic exports). So it's known statically that the requested export doesn't exist. @ http://localhost:3000/_next/static/chunks/node_modules_next_dist_0bc8q4g._.js:1952
[ 8447353ms] [ERROR] ./src/pages/login.tsx:6:1
Export Error doesn't exist in target module
   4 | import { serverSideTranslations } from 'next-i18next/serverSideTranslations';
   5 | import { useRouter } from 'next/router';
>  6 | import {
     | ^^^^^^^
>  7 |     Action,
     | ^^^^^^^^^^^
>  8 |     AuxiliaryAction,
     | ^^^^^^^^^^^^^^^^^^^^
>  9 |     CheckboxRow,
     | ^^^^^^^^^^^^^^^^
> 10 |     Close,
     | ^^^^^^^^^^
> 11 |     Error,
     | ^^^^^^^^^^
> 12 |     Form,
     | ^^^^^^^^^
> 13 |     Input,
     | ^^^^^^^^^^
> 14 |     Modal,
     | ^^^^^^^^^^
> 15 |     ModalBody,
     | ^^^^^^^^^^^^^^
> 16 |     ModalHeader,
     | ^^^^^^^^^^^^^^^^
> 17 |     Page,
     | ^^^^^^^^^
> 18 |     Status,
     | ^^^^^^^^^^^
> 19 |     Tab,
     | ^^^^^^^^
> 20 |     Tabs,
     | ^^^^^^^^^
> 21 |     Title
     | ^^^^^^^^^
> 22 | } from '@/components/pages/LoginPage/LoginPage.styled';
     | ^^^^^^^^^^^^^^^^^^^^^^^^^^^^^^^^^^^^^^^^^^^^^^^^^^^^^^^
  23 |
  24 | type User = { username: string; email: string; password: string };
  25 |

The export Error was not found in module [project]/src/components/pages/LoginPage/LoginPage.styled.tsx [client] (ecmascript).
Did you mean to import Form?
All exports of the module are statically known (It doesn't have dynamic exports). So it's known statically that the requested export doesn't exist. @ http://localhost:3000/_next/static/chunks/node_modules_next_dist_0bc8q4g._.js:1952
[ 8447354ms] [ERROR] ./src/pages/login.tsx:6:1
Export Error doesn't exist in target module
   4 | import { serverSideTranslations } from 'next-i18next/serverSideTranslations';
   5 | import { useRouter } from 'next/router';
>  6 | import {
     | ^^^^^^^
>  7 |     Action,
     | ^^^^^^^^^^^
>  8 |     AuxiliaryAction,
     | ^^^^^^^^^^^^^^^^^^^^
>  9 |     CheckboxRow,
     | ^^^^^^^^^^^^^^^^
> 10 |     Close,
     | ^^^^^^^^^^
> 11 |     Error,
     | ^^^^^^^^^^
> 12 |     Form,
     | ^^^^^^^^^
> 13 |     Input,
     | ^^^^^^^^^^
> 14 |     Modal,
     | ^^^^^^^^^^
> 15 |     ModalBody,
     | ^^^^^^^^^^^^^^
> 16 |     ModalHeader,
     | ^^^^^^^^^^^^^^^^
> 17 |     Page,
     | ^^^^^^^^^
> 18 |     Status,
     | ^^^^^^^^^^^
> 19 |     Tab,
     | ^^^^^^^^
> 20 |     Tabs,
     | ^^^^^^^^^
> 21 |     Title
     | ^^^^^^^^^
> 22 | } from '@/components/pages/LoginPage/LoginPage.styled';
     | ^^^^^^^^^^^^^^^^^^^^^^^^^^^^^^^^^^^^^^^^^^^^^^^^^^^^^^^
  23 |
  24 | type User = { username: string; email: string; password: string };
  25 |

The export Error was not found in module [project]/src/components/pages/LoginPage/LoginPage.styled.tsx [ssr] (ecmascript).
Did you mean to import Form?
All exports of the module are statically known (It doesn't have dynamic exports). So it's known statically that the requested export doesn't exist. @ http://localhost:3000/_next/static/chunks/node_modules_next_dist_0bc8q4g._.js:1952
[ 8447354ms] [ERROR] ./src/pages/login.tsx:6:1
Export Status doesn't exist in target module
   4 | import { serverSideTranslations } from 'next-i18next/serverSideTranslations';
   5 | import { useRouter } from 'next/router';
>  6 | import {
     | ^^^^^^^
>  7 |     Action,
     | ^^^^^^^^^^^
>  8 |     AuxiliaryAction,
     | ^^^^^^^^^^^^^^^^^^^^
>  9 |     CheckboxRow,
     | ^^^^^^^^^^^^^^^^
> 10 |     Close,
     | ^^^^^^^^^^
> 11 |     Error,
     | ^^^^^^^^^^
> 12 |     Form,
     | ^^^^^^^^^
> 13 |     Input,
     | ^^^^^^^^^^
> 14 |     Modal,
     | ^^^^^^^^^^
> 15 |     ModalBody,
     | ^^^^^^^^^^^^^^
> 16 |     ModalHeader,
     | ^^^^^^^^^^^^^^^^
> 17 |     Page,
     | ^^^^^^^^^
> 18 |     Status,
     | ^^^^^^^^^^^
> 19 |     Tab,
     | ^^^^^^^^
> 20 |     Tabs,
     | ^^^^^^^^^
> 21 |     Title
     | ^^^^^^^^^
> 22 | } from '@/components/pages/LoginPage/LoginPage.styled';
     | ^^^^^^^^^^^^^^^^^^^^^^^^^^^^^^^^^^^^^^^^^^^^^^^^^^^^^^^
  23 |
  24 | type User = { username: string; email: string; password: string };
  25 |

The export Status was not found in module [project]/src/components/pages/LoginPage/LoginPage.styled.tsx [client] (ecmascript).
Did you mean to import Tabs?
All exports of the module are statically known (It doesn't have dynamic exports). So it's known statically that the requested export doesn't exist. @ http://localhost:3000/_next/static/chunks/node_modules_next_dist_0bc8q4g._.js:1952
[ 8447355ms] [ERROR] ./src/pages/login.tsx:6:1
Export Status doesn't exist in target module
   4 | import { serverSideTranslations } from 'next-i18next/serverSideTranslations';
   5 | import { useRouter } from 'next/router';
>  6 | import {
     | ^^^^^^^
>  7 |     Action,
     | ^^^^^^^^^^^
>  8 |     AuxiliaryAction,
     | ^^^^^^^^^^^^^^^^^^^^
>  9 |     CheckboxRow,
     | ^^^^^^^^^^^^^^^^
> 10 |     Close,
     | ^^^^^^^^^^
> 11 |     Error,
     | ^^^^^^^^^^
> 12 |     Form,
     | ^^^^^^^^^
> 13 |     Input,
     | ^^^^^^^^^^
> 14 |     Modal,
     | ^^^^^^^^^^
> 15 |     ModalBody,
     | ^^^^^^^^^^^^^^
> 16 |     ModalHeader,
     | ^^^^^^^^^^^^^^^^
> 17 |     Page,
     | ^^^^^^^^^
> 18 |     Status,
     | ^^^^^^^^^^^
> 19 |     Tab,
     | ^^^^^^^^
> 20 |     Tabs,
     | ^^^^^^^^^
> 21 |     Title
     | ^^^^^^^^^
> 22 | } from '@/components/pages/LoginPage/LoginPage.styled';
     | ^^^^^^^^^^^^^^^^^^^^^^^^^^^^^^^^^^^^^^^^^^^^^^^^^^^^^^^
  23 |
  24 | type User = { username: string; email: string; password: string };
  25 |

The export Status was not found in module [project]/src/components/pages/LoginPage/LoginPage.styled.tsx [ssr] (ecmascript).
Did you mean to import Tabs?
All exports of the module are statically known (It doesn't have dynamic exports). So it's known statically that the requested export doesn't exist. @ http://localhost:3000/_next/static/chunks/node_modules_next_dist_0bc8q4g._.js:1952
[ 8447358ms] [LOG] [Fast Refresh] rebuilding @ http://localhost:3000/_next/static/chunks/node_modules_next_dist_0bc8q4g._.js:1233
[ 8456164ms] [LOG] [Fast Refresh] rebuilding @ http://localhost:3000/_next/static/chunks/node_modules_next_dist_0bc8q4g._.js:1233
[ 8456697ms] [WARNING] [Fast Refresh] performing full reload because your application had an unrecoverable error @ http://localhost:3000/_next/static/chunks/node_modules_next_dist_0bc8q4g._.js:1233
[ 8456707ms] [WARNING] [Fast Refresh] performing full reload because your application had an unrecoverable error @ http://localhost:3000/_next/static/chunks/node_modules_next_dist_0bc8q4g._.js:1233
[ 8456708ms] [LOG] [Fast Refresh] done in 580ms @ http://localhost:3000/_next/static/chunks/node_modules_next_dist_0bc8q4g._.js:1233
[ 8456849ms] [LOG] [Fast Refresh] rebuilding @ http://localhost:3000/_next/static/chunks/node_modules_next_dist_0bc8q4g._.js:1233
[ 8457834ms] [INFO] %cDownload the React DevTools for a better development experience: https://reactjs.org/link/react-devtools font-weight:bold @ http://localhost:3000/_next/static/chunks/node_modules_react-dom_cjs_react-dom_development_07i0ttg.js:25055
[ 8457944ms] [LOG] [HMR] connected @ http://localhost:3000/_next/static/chunks/node_modules_next_dist_0bc8q4g._.js:1233
[ 8477257ms] [LOG] [Fast Refresh] rebuilding @ http://localhost:3000/_next/static/chunks/node_modules_next_dist_0bc8q4g._.js:1233
[ 8477462ms] ReferenceError: Form is not defined
    at LoginPage (http://localhost:3000/_next/static/chunks/%5Broot-of-the-server%5D__0k7id9v._.js?id=%255Bproject%255D%252Fsrc%252Fpages%252Flogin.tsx+%255Bclient%255D+%2528ecmascript%2529:251:263)
    at renderWithHooks (http://localhost:3000/_next/static/chunks/node_modules_react-dom_cjs_react-dom_development_07i0ttg.js:13257:28)
    at updateFunctionComponent (http://localhost:3000/_next/static/chunks/node_modules_react-dom_cjs_react-dom_development_07i0ttg.js:16751:32)
    at beginWork (http://localhost:3000/_next/static/chunks/node_modules_react-dom_cjs_react-dom_development_07i0ttg.js:18384:32)
    at HTMLUnknownElement.callCallback (http://localhost:3000/_next/static/chunks/node_modules_react-dom_cjs_react-dom_development_07i0ttg.js:3800:30)
    at Object.invokeGuardedCallbackDev (http://localhost:3000/_next/static/chunks/node_modules_react-dom_cjs_react-dom_development_07i0ttg.js:3838:30)
    at invokeGuardedCallback (http://localhost:3000/_next/static/chunks/node_modules_react-dom_cjs_react-dom_development_07i0ttg.js:3891:41)
    at beginWork$1 (http://localhost:3000/_next/static/chunks/node_modules_react-dom_cjs_react-dom_development_07i0ttg.js:23115:21)
    at performUnitOfWork (http://localhost:3000/_next/static/chunks/node_modules_react-dom_cjs_react-dom_development_07i0ttg.js:22398:24)
    at workLoopSync (http://localhost:3000/_next/static/chunks/node_modules_react-dom_cjs_react-dom_development_07i0ttg.js:22327:17)
    at renderRootSync (http://localhost:3000/_next/static/chunks/node_modules_react-dom_cjs_react-dom_development_07i0ttg.js:22304:21)
    at performSyncWorkOnRoot (http://localhost:3000/_next/static/chunks/node_modules_react-dom_cjs_react-dom_development_07i0ttg.js:22008:30)
    at flushSyncCallbacks (http://localhost:3000/_next/static/chunks/node_modules_react-dom_cjs_react-dom_development_07i0ttg.js:10477:40)
    at flushSync (http://localhost:3000/_next/static/chunks/node_modules_react-dom_cjs_react-dom_development_07i0ttg.js:22106:21)
    at Object.scheduleRefresh (http://localhost:3000/_next/static/chunks/node_modules_react-dom_cjs_react-dom_development_07i0ttg.js:23395:17)
    at http://localhost:3000/_next/static/chunks/node_modules_next_dist_compiled_0o6l_m6._.js:391:33
    at Set.forEach (<anonymous>)
    at Object.performReactRefresh (http://localhost:3000/_next/static/chunks/node_modules_next_dist_compiled_0o6l_m6._.js:384:38)
    at applyUpdate (http://localhost:3000/_next/static/chunks/node_modules_next_dist_compiled_0o6l_m6._.js:878:31)
    at http://localhost:3000/_next/static/chunks/node_modules_next_dist_compiled_0o6l_m6._.js:886:13
[ 8477495ms] ReferenceError: Form is not defined
    at LoginPage (http://localhost:3000/_next/static/chunks/%5Broot-of-the-server%5D__0k7id9v._.js?id=%255Bproject%255D%252Fsrc%252Fpages%252Flogin.tsx+%255Bclient%255D+%2528ecmascript%2529:251:263)
    at renderWithHooks (http://localhost:3000/_next/static/chunks/node_modules_react-dom_cjs_react-dom_development_07i0ttg.js:13257:28)
    at updateFunctionComponent (http://localhost:3000/_next/static/chunks/node_modules_react-dom_cjs_react-dom_development_07i0ttg.js:16751:32)
    at beginWork (http://localhost:3000/_next/static/chunks/node_modules_react-dom_cjs_react-dom_development_07i0ttg.js:18384:32)
    at HTMLUnknownElement.callCallback (http://localhost:3000/_next/static/chunks/node_modules_react-dom_cjs_react-dom_development_07i0ttg.js:3800:30)
    at Object.invokeGuardedCallbackDev (http://localhost:3000/_next/static/chunks/node_modules_react-dom_cjs_react-dom_development_07i0ttg.js:3838:30)
    at invokeGuardedCallback (http://localhost:3000/_next/static/chunks/node_modules_react-dom_cjs_react-dom_development_07i0ttg.js:3891:41)
    at beginWork$1 (http://localhost:3000/_next/static/chunks/node_modules_react-dom_cjs_react-dom_development_07i0ttg.js:23115:21)
    at performUnitOfWork (http://localhost:3000/_next/static/chunks/node_modules_react-dom_cjs_react-dom_development_07i0ttg.js:22398:24)
    at workLoopSync (http://localhost:3000/_next/static/chunks/node_modules_react-dom_cjs_react-dom_development_07i0ttg.js:22327:17)
    at renderRootSync (http://localhost:3000/_next/static/chunks/node_modules_react-dom_cjs_react-dom_development_07i0ttg.js:22304:21)
    at recoverFromConcurrentError (http://localhost:3000/_next/static/chunks/node_modules_react-dom_cjs_react-dom_development_07i0ttg.js:21823:30)
    at performSyncWorkOnRoot (http://localhost:3000/_next/static/chunks/node_modules_react-dom_cjs_react-dom_development_07i0ttg.js:22017:34)
    at flushSyncCallbacks (http://localhost:3000/_next/static/chunks/node_modules_react-dom_cjs_react-dom_development_07i0ttg.js:10477:40)
    at flushSync (http://localhost:3000/_next/static/chunks/node_modules_react-dom_cjs_react-dom_development_07i0ttg.js:22106:21)
    at Object.scheduleRefresh (http://localhost:3000/_next/static/chunks/node_modules_react-dom_cjs_react-dom_development_07i0ttg.js:23395:17)
    at http://localhost:3000/_next/static/chunks/node_modules_next_dist_compiled_0o6l_m6._.js:391:33
    at Set.forEach (<anonymous>)
    at Object.performReactRefresh (http://localhost:3000/_next/static/chunks/node_modules_next_dist_compiled_0o6l_m6._.js:384:38)
    at applyUpdate (http://localhost:3000/_next/static/chunks/node_modules_next_dist_compiled_0o6l_m6._.js:878:31)
    at http://localhost:3000/_next/static/chunks/node_modules_next_dist_compiled_0o6l_m6._.js:886:13
[ 8477524ms] [ERROR] The above error occurred in the <LoginPage> component:

    at LoginPage (http://localhost:3000/_next/static/chunks/%5Broot-of-the-server%5D__0k7id9v._.js?id=%255Bproject%255D%252Fsrc%252Fpages%252Flogin.tsx+%255Bclient%255D+%2528ecmascript%2529:41:22)
    at Transition (http://localhost:3000/_next/static/chunks/node_modules_0vg60lq._.js:4002:34)
    at SwitchTransition (http://localhost:3000/_next/static/chunks/node_modules_0vg60lq._.js:4565:39)
    at div
    at P (http://localhost:3000/_next/static/chunks/node_modules_0vg60lq._.js:2297:10)
    at AppWrapper (http://localhost:3000/_next/static/chunks/%5Broot-of-the-server%5D__0tlfi-4._.js:1227:23)
    at div
    at RecoilRoot_INTERNAL (http://localhost:3000/_next/static/chunks/node_modules_recoil_es_index_0s4zp2r.js:3375:32)
    at RecoilRoot (http://localhost:3000/_next/static/chunks/node_modules_recoil_es_index_0s4zp2r.js:3522:13)
    at MyApp (http://localhost:3000/_next/static/chunks/%5Broot-of-the-server%5D__0tlfi-4._.js:1375:18)
    at I18nextProvider (http://localhost:3000/_next/static/chunks/node_modules_0vg60lq._.js:4880:21)
    at AppWithTranslation (http://localhost:3000/_next/static/chunks/node_modules_0vg60lq._.js:5213:26)
    at PathnameContextProviderAdapter (http://localhost:3000/_next/static/chunks/node_modules_next_dist_shared_lib_0cx--aq._.js:5590:43)
    at PagesDevOverlayErrorBoundary (http://localhost:3000/_next/static/chunks/node_modules_next_dist_0bc8q4g._.js:1144:9)
    at PagesDevOverlayBridge (http://localhost:3000/_next/static/chunks/node_modules_next_dist_0bc8q4g._.js:1926:34)
    at Container (http://localhost:3000/_next/static/chunks/node_modules_next_dist_client_0pe1dg-._.js:3166:1)
    at AppContainer (http://localhost:3000/_next/static/chunks/node_modules_next_dist_client_0pe1dg-._.js:3289:25)
    at Root (http://localhost:3000/_next/static/chunks/node_modules_next_dist_client_0pe1dg-._.js:3498:17)

React will try to recreate this component tree from scratch using the error boundary you provided, PagesDevOverlayErrorBoundary. @ http://localhost:3000/_next/static/chunks/node_modules_next_dist_0bc8q4g._.js:1952
[ 8481340ms] [LOG] [Fast Refresh] done in 282ms @ http://localhost:3000/_next/static/chunks/node_modules_next_dist_0bc8q4g._.js:1233
[ 8495855ms] [LOG] [Fast Refresh] rebuilding @ http://localhost:3000/_next/static/chunks/node_modules_next_dist_0bc8q4g._.js:1233
[ 8496058ms] ReferenceError: Form is not defined
    at LoginPage (http://localhost:3000/_next/static/chunks/%5Broot-of-the-server%5D__0k7id9v._.js?id=%255Bproject%255D%252Fsrc%252Fpages%252Flogin.tsx+%255Bclient%255D+%2528ecmascript%2529:252:263)
    at renderWithHooks (http://localhost:3000/_next/static/chunks/node_modules_react-dom_cjs_react-dom_development_07i0ttg.js:13257:28)
    at mountIndeterminateComponent (http://localhost:3000/_next/static/chunks/node_modules_react-dom_cjs_react-dom_development_07i0ttg.js:17132:25)
    at beginWork (http://localhost:3000/_next/static/chunks/node_modules_react-dom_cjs_react-dom_development_07i0ttg.js:18372:32)
    at HTMLUnknownElement.callCallback (http://localhost:3000/_next/static/chunks/node_modules_react-dom_cjs_react-dom_development_07i0ttg.js:3800:30)
    at Object.invokeGuardedCallbackDev (http://localhost:3000/_next/static/chunks/node_modules_react-dom_cjs_react-dom_development_07i0ttg.js:3838:30)
    at invokeGuardedCallback (http://localhost:3000/_next/static/chunks/node_modules_react-dom_cjs_react-dom_development_07i0ttg.js:3891:41)
    at beginWork$1 (http://localhost:3000/_next/static/chunks/node_modules_react-dom_cjs_react-dom_development_07i0ttg.js:23115:21)
    at performUnitOfWork (http://localhost:3000/_next/static/chunks/node_modules_react-dom_cjs_react-dom_development_07i0ttg.js:22398:24)
    at workLoopSync (http://localhost:3000/_next/static/chunks/node_modules_react-dom_cjs_react-dom_development_07i0ttg.js:22327:17)
    at renderRootSync (http://localhost:3000/_next/static/chunks/node_modules_react-dom_cjs_react-dom_development_07i0ttg.js:22304:21)
    at performSyncWorkOnRoot (http://localhost:3000/_next/static/chunks/node_modules_react-dom_cjs_react-dom_development_07i0ttg.js:22008:30)
    at flushSyncCallbacks (http://localhost:3000/_next/static/chunks/node_modules_react-dom_cjs_react-dom_development_07i0ttg.js:10477:40)
    at flushSync (http://localhost:3000/_next/static/chunks/node_modules_react-dom_cjs_react-dom_development_07i0ttg.js:22106:21)
    at Object.scheduleRefresh (http://localhost:3000/_next/static/chunks/node_modules_react-dom_cjs_react-dom_development_07i0ttg.js:23395:17)
    at http://localhost:3000/_next/static/chunks/node_modules_next_dist_compiled_0o6l_m6._.js:391:33
    at Set.forEach (<anonymous>)
    at Object.performReactRefresh (http://localhost:3000/_next/static/chunks/node_modules_next_dist_compiled_0o6l_m6._.js:384:38)
    at applyUpdate (http://localhost:3000/_next/static/chunks/node_modules_next_dist_compiled_0o6l_m6._.js:878:31)
    at http://localhost:3000/_next/static/chunks/node_modules_next_dist_compiled_0o6l_m6._.js:886:13
[ 8496058ms] ReferenceError: Form is not defined
    at LoginPage (http://localhost:3000/_next/static/chunks/%5Broot-of-the-server%5D__0k7id9v._.js?id=%255Bproject%255D%252Fsrc%252Fpages%252Flogin.tsx+%255Bclient%255D+%2528ecmascript%2529:252:263)
    at renderWithHooks (http://localhost:3000/_next/static/chunks/node_modules_react-dom_cjs_react-dom_development_07i0ttg.js:13257:28)
    at mountIndeterminateComponent (http://localhost:3000/_next/static/chunks/node_modules_react-dom_cjs_react-dom_development_07i0ttg.js:17132:25)
    at beginWork (http://localhost:3000/_next/static/chunks/node_modules_react-dom_cjs_react-dom_development_07i0ttg.js:18372:32)
    at HTMLUnknownElement.callCallback (http://localhost:3000/_next/static/chunks/node_modules_react-dom_cjs_react-dom_development_07i0ttg.js:3800:30)
    at Object.invokeGuardedCallbackDev (http://localhost:3000/_next/static/chunks/node_modules_react-dom_cjs_react-dom_development_07i0ttg.js:3838:30)
    at invokeGuardedCallback (http://localhost:3000/_next/static/chunks/node_modules_react-dom_cjs_react-dom_development_07i0ttg.js:3891:41)
    at beginWork$1 (http://localhost:3000/_next/static/chunks/node_modules_react-dom_cjs_react-dom_development_07i0ttg.js:23115:21)
    at performUnitOfWork (http://localhost:3000/_next/static/chunks/node_modules_react-dom_cjs_react-dom_development_07i0ttg.js:22398:24)
    at workLoopSync (http://localhost:3000/_next/static/chunks/node_modules_react-dom_cjs_react-dom_development_07i0ttg.js:22327:17)
    at renderRootSync (http://localhost:3000/_next/static/chunks/node_modules_react-dom_cjs_react-dom_development_07i0ttg.js:22304:21)
    at recoverFromConcurrentError (http://localhost:3000/_next/static/chunks/node_modules_react-dom_cjs_react-dom_development_07i0ttg.js:21823:30)
    at performSyncWorkOnRoot (http://localhost:3000/_next/static/chunks/node_modules_react-dom_cjs_react-dom_development_07i0ttg.js:22017:34)
    at flushSyncCallbacks (http://localhost:3000/_next/static/chunks/node_modules_react-dom_cjs_react-dom_development_07i0ttg.js:10477:40)
    at flushSync (http://localhost:3000/_next/static/chunks/node_modules_react-dom_cjs_react-dom_development_07i0ttg.js:22106:21)
    at Object.scheduleRefresh (http://localhost:3000/_next/static/chunks/node_modules_react-dom_cjs_react-dom_development_07i0ttg.js:23395:17)
    at http://localhost:3000/_next/static/chunks/node_modules_next_dist_compiled_0o6l_m6._.js:391:33
    at Set.forEach (<anonymous>)
    at Object.performReactRefresh (http://localhost:3000/_next/static/chunks/node_modules_next_dist_compiled_0o6l_m6._.js:384:38)
    at applyUpdate (http://localhost:3000/_next/static/chunks/node_modules_next_dist_compiled_0o6l_m6._.js:878:31)
    at http://localhost:3000/_next/static/chunks/node_modules_next_dist_compiled_0o6l_m6._.js:886:13
[ 8496058ms] [ERROR] The above error occurred in the <LoginPage> component:

    at LoginPage (http://localhost:3000/_next/static/chunks/%5Broot-of-the-server%5D__0k7id9v._.js?id=%255Bproject%255D%252Fsrc%252Fpages%252Flogin.tsx+%255Bclient%255D+%2528ecmascript%2529:41:22)
    at Transition (http://localhost:3000/_next/static/chunks/node_modules_0vg60lq._.js:4002:34)
    at SwitchTransition (http://localhost:3000/_next/static/chunks/node_modules_0vg60lq._.js:4565:39)
    at div
    at P (http://localhost:3000/_next/static/chunks/node_modules_0vg60lq._.js:2297:10)
    at AppWrapper (http://localhost:3000/_next/static/chunks/%5Broot-of-the-server%5D__0tlfi-4._.js:1227:23)
    at div
    at RecoilRoot_INTERNAL (http://localhost:3000/_next/static/chunks/node_modules_recoil_es_index_0s4zp2r.js:3375:32)
    at RecoilRoot (http://localhost:3000/_next/static/chunks/node_modules_recoil_es_index_0s4zp2r.js:3522:13)
    at MyApp (http://localhost:3000/_next/static/chunks/%5Broot-of-the-server%5D__0tlfi-4._.js:1375:18)
    at I18nextProvider (http://localhost:3000/_next/static/chunks/node_modules_0vg60lq._.js:4880:21)
    at AppWithTranslation (http://localhost:3000/_next/static/chunks/node_modules_0vg60lq._.js:5213:26)
    at PathnameContextProviderAdapter (http://localhost:3000/_next/static/chunks/node_modules_next_dist_shared_lib_0cx--aq._.js:5590:43)
    at PagesDevOverlayErrorBoundary (http://localhost:3000/_next/static/chunks/node_modules_next_dist_0bc8q4g._.js:1144:9)
    at PagesDevOverlayBridge (http://localhost:3000/_next/static/chunks/node_modules_next_dist_0bc8q4g._.js:1926:34)
    at Container (http://localhost:3000/_next/static/chunks/node_modules_next_dist_client_0pe1dg-._.js:3166:1)
    at AppContainer (http://localhost:3000/_next/static/chunks/node_modules_next_dist_client_0pe1dg-._.js:3289:25)
    at Root (http://localhost:3000/_next/static/chunks/node_modules_next_dist_client_0pe1dg-._.js:3498:17)

React will try to recreate this component tree from scratch using the error boundary you provided, PagesDevOverlayErrorBoundary. @ http://localhost:3000/_next/static/chunks/node_modules_next_dist_0bc8q4g._.js:1952
[ 8496058ms] [LOG] [Fast Refresh] done in 280ms @ http://localhost:3000/_next/static/chunks/node_modules_next_dist_0bc8q4g._.js:1233
[ 8519332ms] [LOG] [Fast Refresh] rebuilding @ http://localhost:3000/_next/static/chunks/node_modules_next_dist_0bc8q4g._.js:1233
[ 8522274ms] [ERROR] ./src/pages/login.tsx:163:29
Expected '</', got ')'
  161 |                                     <Action type="submit">{isRu ? 'Отправить инструкции' ...
  162 |                                 </Form>
> 163 |                             )
      |                             ^
  164 |                         ) : mode === 'login' ? (
  165 |                             <Form onSubmit={handleLogin}>
  166 |                                 <label htmlFor="login-name">{isRu ? 'Имя пользователя или...

Parsing ecmascript source code failed @ http://localhost:3000/_next/static/chunks/node_modules_next_dist_0bc8q4g._.js:1952
[ 8523224ms] [ERROR] ./src/pages/login.tsx:163:29
Expected '</', got ')'
  161 |                                     <Action type="submit">{isRu ? 'Отправить инструкции' ...
  162 |                                 </Form>
> 163 |                             )
      |                             ^
  164 |                         ) : mode === 'login' ? (
  165 |                             <Form onSubmit={handleLogin}>
  166 |                                 <label htmlFor="login-name">{isRu ? 'Имя пользователя или...

Parsing ecmascript source code failed @ http://localhost:3000/_next/static/chunks/node_modules_next_dist_0bc8q4g._.js:1952
[ 8523300ms] [LOG] [Fast Refresh] rebuilding @ http://localhost:3000/_next/static/chunks/node_modules_next_dist_0bc8q4g._.js:1233
[ 8536621ms] [LOG] [Fast Refresh] rebuilding @ http://localhost:3000/_next/static/chunks/node_modules_next_dist_0bc8q4g._.js:1233
[ 8538925ms] [LOG] Refreshing page data due to server-side change @ http://localhost:3000/_next/static/chunks/node_modules_next_dist_0bc8q4g._.js:1233
[ 8538957ms] ReferenceError: Form is not defined
    at LoginPage (http://localhost:3000/_next/static/chunks/%5Broot-of-the-server%5D__0k7id9v._.js?id=%255Bproject%255D%252Fsrc%252Fpages%252Flogin.tsx+%255Bclient%255D+%2528ecmascript%2529:252:263)
    at renderWithHooks (http://localhost:3000/_next/static/chunks/node_modules_react-dom_cjs_react-dom_development_07i0ttg.js:13257:28)
    at mountIndeterminateComponent (http://localhost:3000/_next/static/chunks/node_modules_react-dom_cjs_react-dom_development_07i0ttg.js:17132:25)
    at beginWork (http://localhost:3000/_next/static/chunks/node_modules_react-dom_cjs_react-dom_development_07i0ttg.js:18372:32)
    at HTMLUnknownElement.callCallback (http://localhost:3000/_next/static/chunks/node_modules_react-dom_cjs_react-dom_development_07i0ttg.js:3800:30)
    at Object.invokeGuardedCallbackDev (http://localhost:3000/_next/static/chunks/node_modules_react-dom_cjs_react-dom_development_07i0ttg.js:3838:30)
    at invokeGuardedCallback (http://localhost:3000/_next/static/chunks/node_modules_react-dom_cjs_react-dom_development_07i0ttg.js:3891:41)
    at beginWork$1 (http://localhost:3000/_next/static/chunks/node_modules_react-dom_cjs_react-dom_development_07i0ttg.js:23115:21)
    at performUnitOfWork (http://localhost:3000/_next/static/chunks/node_modules_react-dom_cjs_react-dom_development_07i0ttg.js:22398:24)
    at workLoopSync (http://localhost:3000/_next/static/chunks/node_modules_react-dom_cjs_react-dom_development_07i0ttg.js:22327:17)
    at renderRootSync (http://localhost:3000/_next/static/chunks/node_modules_react-dom_cjs_react-dom_development_07i0ttg.js:22304:21)
    at performSyncWorkOnRoot (http://localhost:3000/_next/static/chunks/node_modules_react-dom_cjs_react-dom_development_07i0ttg.js:22008:30)
    at flushSyncCallbacks (http://localhost:3000/_next/static/chunks/node_modules_react-dom_cjs_react-dom_development_07i0ttg.js:10477:40)
    at flushSync (http://localhost:3000/_next/static/chunks/node_modules_react-dom_cjs_react-dom_development_07i0ttg.js:22106:21)
    at Object.scheduleRefresh (http://localhost:3000/_next/static/chunks/node_modules_react-dom_cjs_react-dom_development_07i0ttg.js:23395:17)
    at http://localhost:3000/_next/static/chunks/node_modules_next_dist_compiled_0o6l_m6._.js:391:33
    at Set.forEach (<anonymous>)
    at Object.performReactRefresh (http://localhost:3000/_next/static/chunks/node_modules_next_dist_compiled_0o6l_m6._.js:384:38)
    at applyUpdate (http://localhost:3000/_next/static/chunks/node_modules_next_dist_compiled_0o6l_m6._.js:878:31)
    at http://localhost:3000/_next/static/chunks/node_modules_next_dist_compiled_0o6l_m6._.js:886:13
[ 8538963ms] ReferenceError: Form is not defined
    at LoginPage (http://localhost:3000/_next/static/chunks/%5Broot-of-the-server%5D__0k7id9v._.js?id=%255Bproject%255D%252Fsrc%252Fpages%252Flogin.tsx+%255Bclient%255D+%2528ecmascript%2529:252:263)
    at renderWithHooks (http://localhost:3000/_next/static/chunks/node_modules_react-dom_cjs_react-dom_development_07i0ttg.js:13257:28)
    at mountIndeterminateComponent (http://localhost:3000/_next/static/chunks/node_modules_react-dom_cjs_react-dom_development_07i0ttg.js:17132:25)
    at beginWork (http://localhost:3000/_next/static/chunks/node_modules_react-dom_cjs_react-dom_development_07i0ttg.js:18372:32)
    at HTMLUnknownElement.callCallback (http://localhost:3000/_next/static/chunks/node_modules_react-dom_cjs_react-dom_development_07i0ttg.js:3800:30)
    at Object.invokeGuardedCallbackDev (http://localhost:3000/_next/static/chunks/node_modules_react-dom_cjs_react-dom_development_07i0ttg.js:3838:30)
    at invokeGuardedCallback (http://localhost:3000/_next/static/chunks/node_modules_react-dom_cjs_react-dom_development_07i0ttg.js:3891:41)
    at beginWork$1 (http://localhost:3000/_next/static/chunks/node_modules_react-dom_cjs_react-dom_development_07i0ttg.js:23115:21)
    at performUnitOfWork (http://localhost:3000/_next/static/chunks/node_modules_react-dom_cjs_react-dom_development_07i0ttg.js:22398:24)
    at workLoopSync (http://localhost:3000/_next/static/chunks/node_modules_react-dom_cjs_react-dom_development_07i0ttg.js:22327:17)
    at renderRootSync (http://localhost:3000/_next/static/chunks/node_modules_react-dom_cjs_react-dom_development_07i0ttg.js:22304:21)
    at recoverFromConcurrentError (http://localhost:3000/_next/static/chunks/node_modules_react-dom_cjs_react-dom_development_07i0ttg.js:21823:30)
    at performSyncWorkOnRoot (http://localhost:3000/_next/static/chunks/node_modules_react-dom_cjs_react-dom_development_07i0ttg.js:22017:34)
    at flushSyncCallbacks (http://localhost:3000/_next/static/chunks/node_modules_react-dom_cjs_react-dom_development_07i0ttg.js:10477:40)
    at flushSync (http://localhost:3000/_next/static/chunks/node_modules_react-dom_cjs_react-dom_development_07i0ttg.js:22106:21)
    at Object.scheduleRefresh (http://localhost:3000/_next/static/chunks/node_modules_react-dom_cjs_react-dom_development_07i0ttg.js:23395:17)
    at http://localhost:3000/_next/static/chunks/node_modules_next_dist_compiled_0o6l_m6._.js:391:33
    at Set.forEach (<anonymous>)
    at Object.performReactRefresh (http://localhost:3000/_next/static/chunks/node_modules_next_dist_compiled_0o6l_m6._.js:384:38)
    at applyUpdate (http://localhost:3000/_next/static/chunks/node_modules_next_dist_compiled_0o6l_m6._.js:878:31)
    at http://localhost:3000/_next/static/chunks/node_modules_next_dist_compiled_0o6l_m6._.js:886:13
[ 8538956ms] [ERROR] The above error occurred in the <LoginPage> component:

    at LoginPage (http://localhost:3000/_next/static/chunks/%5Broot-of-the-server%5D__0k7id9v._.js?id=%255Bproject%255D%252Fsrc%252Fpages%252Flogin.tsx+%255Bclient%255D+%2528ecmascript%2529:41:22)
    at Transition (http://localhost:3000/_next/static/chunks/node_modules_0vg60lq._.js:4002:34)
    at SwitchTransition (http://localhost:3000/_next/static/chunks/node_modules_0vg60lq._.js:4565:39)
    at div
    at P (http://localhost:3000/_next/static/chunks/node_modules_0vg60lq._.js:2297:10)
    at AppWrapper (http://localhost:3000/_next/static/chunks/%5Broot-of-the-server%5D__0tlfi-4._.js:1227:23)
    at div
    at RecoilRoot_INTERNAL (http://localhost:3000/_next/static/chunks/node_modules_recoil_es_index_0s4zp2r.js:3375:32)
    at RecoilRoot (http://localhost:3000/_next/static/chunks/node_modules_recoil_es_index_0s4zp2r.js:3522:13)
    at MyApp (http://localhost:3000/_next/static/chunks/%5Broot-of-the-server%5D__0tlfi-4._.js:1375:18)
    at I18nextProvider (http://localhost:3000/_next/static/chunks/node_modules_0vg60lq._.js:4880:21)
    at AppWithTranslation (http://localhost:3000/_next/static/chunks/node_modules_0vg60lq._.js:5213:26)
    at PathnameContextProviderAdapter (http://localhost:3000/_next/static/chunks/node_modules_next_dist_shared_lib_0cx--aq._.js:5590:43)
    at PagesDevOverlayErrorBoundary (http://localhost:3000/_next/static/chunks/node_modules_next_dist_0bc8q4g._.js:1144:9)
    at PagesDevOverlayBridge (http://localhost:3000/_next/static/chunks/node_modules_next_dist_0bc8q4g._.js:1926:34)
    at Container (http://localhost:3000/_next/static/chunks/node_modules_next_dist_client_0pe1dg-._.js:3166:1)
    at AppContainer (http://localhost:3000/_next/static/chunks/node_modules_next_dist_client_0pe1dg-._.js:3289:25)
    at Root (http://localhost:3000/_next/static/chunks/node_modules_next_dist_client_0pe1dg-._.js:3498:17)

React will try to recreate this component tree from scratch using the error boundary you provided, PagesDevOverlayErrorBoundary. @ http://localhost:3000/_next/static/chunks/node_modules_next_dist_0bc8q4g._.js:1952
[ 8538974ms] [LOG] [Fast Refresh] done in 2432ms @ http://localhost:3000/_next/static/chunks/node_modules_next_dist_0bc8q4g._.js:1233
[ 8539102ms] [LOG] [Fast Refresh] rebuilding @ http://localhost:3000/_next/static/chunks/node_modules_next_dist_0bc8q4g._.js:1233
[ 8539699ms] [LOG] [Fast Refresh] done in 700ms @ http://localhost:3000/_next/static/chunks/node_modules_next_dist_0bc8q4g._.js:1233
[ 8539816ms] [LOG] [Fast Refresh] rebuilding @ http://localhost:3000/_next/static/chunks/node_modules_next_dist_0bc8q4g._.js:1233
[ 8539978ms] [LOG] [Fast Refresh] done in 268ms @ http://localhost:3000/_next/static/chunks/node_modules_next_dist_0bc8q4g._.js:1233
[ 8540097ms] [LOG] [Fast Refresh] rebuilding @ http://localhost:3000/_next/static/chunks/node_modules_next_dist_0bc8q4g._.js:1233
[ 8540146ms] [LOG] [Fast Refresh] done in 161ms @ http://localhost:3000/_next/static/chunks/node_modules_next_dist_0bc8q4g._.js:1233
[ 8540186ms] [ERROR] Failed to load resource: the server responded with a status of 500 (Internal Server Error) @ http://localhost:3000/login:0
[ 8540268ms] [INFO] %cDownload the React DevTools for a better development experience: https://reactjs.org/link/react-devtools font-weight:bold @ http://localhost:3000/_next/static/chunks/node_modules_react-dom_cjs_react-dom_development_07i0ttg.js:25055
[ 8540294ms] ReferenceError: Form is not defined
    at LoginPage (file://C:\Users\stani\projects\stammbaum\.next\dev\server\chunks\ssr\[root-of-the-server]__0dx.6-p._.js:2038:274)
    at renderWithHooks (file://C:\Users\stani\projects\stammbaum\node_modules\react-dom\cjs\react-dom-server.browser.development.js:5658:16)
    at renderIndeterminateComponent (file://C:\Users\stani\projects\stammbaum\node_modules\react-dom\cjs\react-dom-server.browser.development.js:5732:15)
    at renderElement (file://C:\Users\stani\projects\stammbaum\node_modules\react-dom\cjs\react-dom-server.browser.development.js:5957:7)
    at renderNodeDestructiveImpl (file://C:\Users\stani\projects\stammbaum\node_modules\react-dom\cjs\react-dom-server.browser.development.js:6115:11)
    at renderNodeDestructive (file://C:\Users\stani\projects\stammbaum\node_modules\react-dom\cjs\react-dom-server.browser.development.js:6087:14)
    at renderContextProvider (file://C:\Users\stani\projects\stammbaum\node_modules\react-dom\cjs\react-dom-server.browser.development.js:5931:3)
    at renderElement (file://C:\Users\stani\projects\stammbaum\node_modules\react-dom\cjs\react-dom-server.browser.development.js:6028:11)
    at renderNodeDestructiveImpl (file://C:\Users\stani\projects\stammbaum\node_modules\react-dom\cjs\react-dom-server.browser.development.js:6115:11)
    at renderNodeDestructive (file://C:\Users\stani\projects\stammbaum\node_modules\react-dom\cjs\react-dom-server.browser.development.js:6087:14)
    at finishClassComponent (file://C:\Users\stani\projects\stammbaum\node_modules\react-dom\cjs\react-dom-server.browser.development.js:5688:3)
    at renderClassComponent (file://C:\Users\stani\projects\stammbaum\node_modules\react-dom\cjs\react-dom-server.browser.development.js:5696:3)
    at renderElement (file://C:\Users\stani\projects\stammbaum\node_modules\react-dom\cjs\react-dom-server.browser.development.js:5954:7)
    at renderNodeDestructiveImpl (file://C:\Users\stani\projects\stammbaum\node_modules\react-dom\cjs\react-dom-server.browser.development.js:6115:11)
    at renderNodeDestructive (file://C:\Users\stani\projects\stammbaum\node_modules\react-dom\cjs\react-dom-server.browser.development.js:6087:14)
    at renderContextProvider (file://C:\Users\stani\projects\stammbaum\node_modules\react-dom\cjs\react-dom-server.browser.development.js:5931:3)
    at renderElement (file://C:\Users\stani\projects\stammbaum\node_modules\react-dom\cjs\react-dom-server.browser.development.js:6028:11)
    at renderNodeDestructiveImpl (file://C:\Users\stani\projects\stammbaum\node_modules\react-dom\cjs\react-dom-server.browser.development.js:6115:11)
    at renderNodeDestructive (file://C:\Users\stani\projects\stammbaum\node_modules\react-dom\cjs\react-dom-server.browser.development.js:6087:14)
    at finishClassComponent (file://C:\Users\stani\projects\stammbaum\node_modules\react-dom\cjs\react-dom-server.browser.development.js:5688:3)
    at renderClassComponent (file://C:\Users\stani\projects\stammbaum\node_modules\react-dom\cjs\react-dom-server.browser.development.js:5696:3)
    at renderElement (file://C:\Users\stani\projects\stammbaum\node_modules\react-dom\cjs\react-dom-server.browser.development.js:5954:7)
    at renderNodeDestructiveImpl (file://C:\Users\stani\projects\stammbaum\node_modules\react-dom\cjs\react-dom-server.browser.development.js:6115:11)
    at renderNodeDestructive (file://C:\Users\stani\projects\stammbaum\node_modules\react-dom\cjs\react-dom-server.browser.development.js:6087:14)
    at renderNode (file://C:\Users\stani\projects\stammbaum\node_modules\react-dom\cjs\react-dom-server.browser.development.js:6270:12)
    at renderChildrenArray (file://C:\Users\stani\projects\stammbaum\node_modules\react-dom\cjs\react-dom-server.browser.development.js:6222:7)
    at renderNodeDestructiveImpl (file://C:\Users\stani\projects\stammbaum\node_modules\react-dom\cjs\react-dom-server.browser.development.js:6152:7)
    at renderNodeDestructive (file://C:\Users\stani\projects\stammbaum\node_modules\react-dom\cjs\react-dom-server.browser.development.js:6087:14)
    at renderNode (file://C:\Users\stani\projects\stammbaum\node_modules\react-dom\cjs\react-dom-server.browser.development.js:6270:12)
    at renderHostElement (file://C:\Users\stani\projects\stammbaum\node_modules\react-dom\cjs\react-dom-server.browser.development.js:5642:3)
    at renderElement (file://C:\Users\stani\projects\stammbaum\node_modules\react-dom\cjs\react-dom-server.browser.development.js:5963:5)
    at renderNodeDestructiveImpl (file://C:\Users\stani\projects\stammbaum\node_modules\react-dom\cjs\react-dom-server.browser.development.js:6115:11)
    at renderNodeDestructive (file://C:\Users\stani\projects\stammbaum\node_modules\react-dom\cjs\react-dom-server.browser.development.js:6087:14)
    at renderForwardRef (file://C:\Users\stani\projects\stammbaum\node_modules\react-dom\cjs\react-dom-server.browser.development.js:5870:5)
    at renderElement (file://C:\Users\stani\projects\stammbaum\node_modules\react-dom\cjs\react-dom-server.browser.development.js:6016:11)
    at renderNodeDestructiveImpl (file://C:\Users\stani\projects\stammbaum\node_modules\react-dom\cjs\react-dom-server.browser.development.js:6115:11)
    at renderNodeDestructive (file://C:\Users\stani\projects\stammbaum\node_modules\react-dom\cjs\react-dom-server.browser.development.js:6087:14)
    at renderIndeterminateComponent (file://C:\Users\stani\projects\stammbaum\node_modules\react-dom\cjs\react-dom-server.browser.development.js:5786:7)
    at renderElement (file://C:\Users\stani\projects\stammbaum\node_modules\react-dom\cjs\react-dom-server.browser.development.js:5957:7)
    at renderNodeDestructiveImpl (file://C:\Users\stani\projects\stammbaum\node_modules\react-dom\cjs\react-dom-server.browser.development.js:6115:11)
    at renderNodeDestructive (file://C:\Users\stani\projects\stammbaum\node_modules\react-dom\cjs\react-dom-server.browser.development.js:6087:14)
    at renderNode (file://C:\Users\stani\projects\stammbaum\node_modules\react-dom\cjs\react-dom-server.browser.development.js:6270:12)
    at renderHostElement (file://C:\Users\stani\projects\stammbaum\node_modules\react-dom\cjs\react-dom-server.browser.development.js:5642:3)
    at renderElement (file://C:\Users\stani\projects\stammbaum\node_modules\react-dom\cjs\react-dom-server.browser.development.js:5963:5)
    at renderNodeDestructiveImpl (file://C:\Users\stani\projects\stammbaum\node_modules\react-dom\cjs\react-dom-server.browser.development.js:6115:11)
    at renderNodeDestructive (file://C:\Users\stani\projects\stammbaum\node_modules\react-dom\cjs\react-dom-server.browser.development.js:6087:14)
    at renderNode (file://C:\Users\stani\projects\stammbaum\node_modules\react-dom\cjs\react-dom-server.browser.development.js:6270:12)
    at renderChildrenArray (file://C:\Users\stani\projects\stammbaum\node_modules\react-dom\cjs\react-dom-server.browser.development.js:6222:7)
    at renderNodeDestructiveImpl (file://C:\Users\stani\projects\stammbaum\node_modules\react-dom\cjs\react-dom-server.browser.development.js:6152:7)
    at renderNodeDestructive (file://C:\Users\stani\projects\stammbaum\node_modules\react-dom\cjs\react-dom-server.browser.development.js:6087:14)
[ 8540295ms] [LOG] [HMR] connected @ http://localhost:3000/_next/static/chunks/node_modules_next_dist_0bc8q4g._.js:1233
[ 8555389ms] [WARNING] [Fast Refresh] performing full reload because your application had an unrecoverable error @ http://localhost:3000/_next/static/chunks/node_modules_next_dist_0bc8q4g._.js:1233
[ 8555423ms] [WARNING] [Fast Refresh] performing full reload because your application had an unrecoverable error @ http://localhost:3000/_next/static/chunks/node_modules_next_dist_0bc8q4g._.js:1233
[ 8555460ms] [LOG] [Fast Refresh] rebuilding @ http://localhost:3000/_next/static/chunks/node_modules_next_dist_0bc8q4g._.js:1233
[ 8555631ms] [ERROR] ./src/pages/login.tsx:174:25
Expected '</', got ')'
  172 |                                 <AuxiliaryAction type="button" onClick={() => { setMode('...
  173 |                             </Form>
> 174 |                         ) : (
      |                         ^
  175 |                             <Form onSubmit={handleRegister}>
  176 |                                 <label htmlFor="reg-name">{isRu ? 'Имя пользователя' : 'U...
  177 |                                 <Input id="reg-name" name="username" autoComplete="userna...

Parsing ecmascript source code failed @ http://localhost:3000/_next/static/chunks/node_modules_next_dist_0bc8q4g._.js:1952
[ 8555688ms] [ERROR] ./src/pages/login.tsx:174:25
Expected '</', got ')'
  172 |                                 <AuxiliaryAction type="button" onClick={() => { setMode('...
  173 |                             </Form>
> 174 |                         ) : (
      |                         ^
  175 |                             <Form onSubmit={handleRegister}>
  176 |                                 <label htmlFor="reg-name">{isRu ? 'Имя пользователя' : 'U...
  177 |                                 <Input id="reg-name" name="username" autoComplete="userna...

Parsing ecmascript source code failed @ http://localhost:3000/_next/static/chunks/node_modules_next_dist_0bc8q4g._.js:1952
[ 8555703ms] [ERROR] Failed to load resource: the server responded with a status of 500 (Internal Server Error) @ http://localhost:3000/login:0
[ 8555760ms] [INFO] %cDownload the React DevTools for a better development experience: https://reactjs.org/link/react-devtools font-weight:bold @ http://localhost:3000/_next/static/chunks/node_modules_react-dom_cjs_react-dom_development_07i0ttg.js:25055
[ 8555786ms] Error: ./src/pages/login.tsx:174:25
Expected '</', got ')'
  172 |                                 <AuxiliaryAction type="button" onClick={() => { setMode('...
  173 |                             </Form>
> 174 |                         ) : (
      |                         ^
  175 |                             <Form onSubmit={handleRegister}>
  176 |                                 <label htmlFor="reg-name">{isRu ? 'Имя пользователя' : 'U...
  177 |                                 <Input id="reg-name" name="username" autoComplete="userna...

Parsing ecmascript source code failed


    at <unknown> (Error: ./src/pages/login.tsx:174:25)
    at Object.getCompilationErrors (file://C:\Users\stani\projects\stammbaum\node_modules\next\dist\server\dev\hot-reloader-turbopack.js:1186:59)
    at DevBundlerService.getCompilationError (file://C:\Users\stani\projects\stammbaum\node_modules\next\dist\server\lib\dev-bundler-service.js:44:55)
    at DevServer.getCompilationError (file://C:\Users\stani\projects\stammbaum\node_modules\next\dist\server\dev\next-dev-server.js:720:42)
    at DevServer.findPageComponents (file://C:\Users\stani\projects\stammbaum\node_modules\next\dist\server\dev\next-dev-server.js:690:43)
    at async DevServer.renderErrorToResponseImpl (file://C:\Users\stani\projects\stammbaum\node_modules\next\dist\server\base-server.js:1753:26)
[ 8555789ms] [LOG] [HMR] connected @ http://localhost:3000/_next/static/chunks/node_modules_next_dist_0bc8q4g._.js:1233
[ 8555859ms] [ERROR] ./src/pages/login.tsx:174:25
Expected '</', got ')'
  172 |                                 <AuxiliaryAction type="button" onClick={() => { setMode('...
  173 |                             </Form>
> 174 |                         ) : (
      |                         ^
  175 |                             <Form onSubmit={handleRegister}>
  176 |                                 <label htmlFor="reg-name">{isRu ? 'Имя пользователя' : 'U...
  177 |                                 <Input id="reg-name" name="username" autoComplete="userna...

Parsing ecmascript source code failed @ http://localhost:3000/_next/static/chunks/node_modules_next_dist_0bc8q4g._.js:1952
[ 8555953ms] [LOG] [Fast Refresh] rebuilding @ http://localhost:3000/_next/static/chunks/node_modules_next_dist_0bc8q4g._.js:1233
[ 8555957ms] [ERROR] ./src/pages/login.tsx:174:25
Expected '</', got ')'
  172 |                                 <AuxiliaryAction type="button" onClick={() => { setMode('...
  173 |                             </Form>
> 174 |                         ) : (
      |                         ^
  175 |                             <Form onSubmit={handleRegister}>
  176 |                                 <label htmlFor="reg-name">{isRu ? 'Имя пользователя' : 'U...
  177 |                                 <Input id="reg-name" name="username" autoComplete="userna...

Parsing ecmascript source code failed @ http://localhost:3000/_next/static/chunks/node_modules_next_dist_0bc8q4g._.js:1952
[ 8565242ms] [ERROR] ./src/pages/login.tsx:174:25
Expected '</', got ')'
  172 |                                 <AuxiliaryAction type="button" onClick={() => { setMode('...
  173 |                             </Form>
> 174 |                         ) : (
      |                         ^
  175 |                             <Form onSubmit={handleRegister}>
  176 |                                 <label htmlFor="reg-name">{isRu ? 'Имя пользователя' : 'U...
  177 |                                 <Input id="reg-name" name="username" autoComplete="userna...

Parsing ecmascript source code failed @ http://localhost:3000/_next/static/chunks/node_modules_next_dist_0bc8q4g._.js:1952
[ 8565294ms] [LOG] [Fast Refresh] rebuilding @ http://localhost:3000/_next/static/chunks/node_modules_next_dist_0bc8q4g._.js:1233
[ 8576229ms] [ERROR] ./src/pages/login.tsx:174:25
Expected '</', got ')'
  172 |                                 <AuxiliaryAction type="button" onClick={() => { setMode('...
  173 |                             </Form>
> 174 |                         ) : (
      |                         ^
  175 |                             <Form onSubmit={handleRegister}>
  176 |                                 <label htmlFor="reg-name">{isRu ? 'Имя пользователя' : 'U...
  177 |                                 <Input id="reg-name" name="username" autoComplete="userna...

Parsing ecmascript source code failed @ http://localhost:3000/_next/static/chunks/node_modules_next_dist_0bc8q4g._.js:1952
[ 8576288ms] [LOG] [Fast Refresh] rebuilding @ http://localhost:3000/_next/static/chunks/node_modules_next_dist_0bc8q4g._.js:1233
[ 8583232ms] [ERROR] ./src/pages/login.tsx:174:25
Expected '</', got ')'
  172 |                                 <AuxiliaryAction type="button" onClick={() => { setMode('...
  173 |                             </Form>
> 174 |                         ) : (
      |                         ^
  175 |                             <Form onSubmit={handleRegister}>
  176 |                                 <label htmlFor="reg-name">{isRu ? 'Имя пользователя' : 'U...
  177 |                                 <Input id="reg-name" name="username" autoComplete="userna...

Parsing ecmascript source code failed @ http://localhost:3000/_next/static/chunks/node_modules_next_dist_0bc8q4g._.js:1952
[ 8583302ms] [LOG] [Fast Refresh] rebuilding @ http://localhost:3000/_next/static/chunks/node_modules_next_dist_0bc8q4g._.js:1233
[ 8590996ms] [WARNING] [Fast Refresh] performing full reload because your application had an unrecoverable error @ http://localhost:3000/_next/static/chunks/node_modules_next_dist_0bc8q4g._.js:1233
[ 8591065ms] [LOG] [Fast Refresh] rebuilding @ http://localhost:3000/_next/static/chunks/node_modules_next_dist_0bc8q4g._.js:1233
[ 8591120ms] [WARNING] [Fast Refresh] performing full reload because your application had an unrecoverable error @ http://localhost:3000/_next/static/chunks/node_modules_next_dist_0bc8q4g._.js:1233
[ 8591127ms] [WARNING] [Fast Refresh] performing full reload because your application had an unrecoverable error @ http://localhost:3000/_next/static/chunks/node_modules_next_dist_0bc8q4g._.js:1233
[ 8591146ms] [LOG] [Fast Refresh] done in 161ms @ http://localhost:3000/_next/static/chunks/node_modules_next_dist_0bc8q4g._.js:1233
[ 8591286ms] [LOG] [Fast Refresh] rebuilding @ http://localhost:3000/_next/static/chunks/node_modules_next_dist_0bc8q4g._.js:1233
[ 8591793ms] [LOG] [Fast Refresh] done in 611ms @ http://localhost:3000/_next/static/chunks/node_modules_next_dist_0bc8q4g._.js:1233
[ 8591918ms] [ERROR] Failed to load resource: the server responded with a status of 500 (Internal Server Error) @ http://localhost:3000/login:0
[ 8592541ms] [INFO] %cDownload the React DevTools for a better development experience: https://reactjs.org/link/react-devtools font-weight:bold @ http://localhost:3000/_next/static/chunks/node_modules_react-dom_cjs_react-dom_development_07i0ttg.js:25055
[ 8592574ms] ReferenceError: Input is not defined
    at LoginPage (file://C:\Users\stani\projects\stammbaum\.next\dev\server\chunks\ssr\[root-of-the-server]__0dx.6-p._.js:2049:216)
    at renderWithHooks (file://C:\Users\stani\projects\stammbaum\node_modules\react-dom\cjs\react-dom-server.browser.development.js:5658:16)
    at renderIndeterminateComponent (file://C:\Users\stani\projects\stammbaum\node_modules\react-dom\cjs\react-dom-server.browser.development.js:5732:15)
    at renderElement (file://C:\Users\stani\projects\stammbaum\node_modules\react-dom\cjs\react-dom-server.browser.development.js:5957:7)
    at renderNodeDestructiveImpl (file://C:\Users\stani\projects\stammbaum\node_modules\react-dom\cjs\react-dom-server.browser.development.js:6115:11)
    at renderNodeDestructive (file://C:\Users\stani\projects\stammbaum\node_modules\react-dom\cjs\react-dom-server.browser.development.js:6087:14)
    at renderContextProvider (file://C:\Users\stani\projects\stammbaum\node_modules\react-dom\cjs\react-dom-server.browser.development.js:5931:3)
    at renderElement (file://C:\Users\stani\projects\stammbaum\node_modules\react-dom\cjs\react-dom-server.browser.development.js:6028:11)
    at renderNodeDestructiveImpl (file://C:\Users\stani\projects\stammbaum\node_modules\react-dom\cjs\react-dom-server.browser.development.js:6115:11)
    at renderNodeDestructive (file://C:\Users\stani\projects\stammbaum\node_modules\react-dom\cjs\react-dom-server.browser.development.js:6087:14)
    at finishClassComponent (file://C:\Users\stani\projects\stammbaum\node_modules\react-dom\cjs\react-dom-server.browser.development.js:5688:3)
    at renderClassComponent (file://C:\Users\stani\projects\stammbaum\node_modules\react-dom\cjs\react-dom-server.browser.development.js:5696:3)
    at renderElement (file://C:\Users\stani\projects\stammbaum\node_modules\react-dom\cjs\react-dom-server.browser.development.js:5954:7)
    at renderNodeDestructiveImpl (file://C:\Users\stani\projects\stammbaum\node_modules\react-dom\cjs\react-dom-server.browser.development.js:6115:11)
    at renderNodeDestructive (file://C:\Users\stani\projects\stammbaum\node_modules\react-dom\cjs\react-dom-server.browser.development.js:6087:14)
    at renderContextProvider (file://C:\Users\stani\projects\stammbaum\node_modules\react-dom\cjs\react-dom-server.browser.development.js:5931:3)
    at renderElement (file://C:\Users\stani\projects\stammbaum\node_modules\react-dom\cjs\react-dom-server.browser.development.js:6028:11)
    at renderNodeDestructiveImpl (file://C:\Users\stani\projects\stammbaum\node_modules\react-dom\cjs\react-dom-server.browser.development.js:6115:11)
    at renderNodeDestructive (file://C:\Users\stani\projects\stammbaum\node_modules\react-dom\cjs\react-dom-server.browser.development.js:6087:14)
    at finishClassComponent (file://C:\Users\stani\projects\stammbaum\node_modules\react-dom\cjs\react-dom-server.browser.development.js:5688:3)
    at renderClassComponent (file://C:\Users\stani\projects\stammbaum\node_modules\react-dom\cjs\react-dom-server.browser.development.js:5696:3)
    at renderElement (file://C:\Users\stani\projects\stammbaum\node_modules\react-dom\cjs\react-dom-server.browser.development.js:5954:7)
    at renderNodeDestructiveImpl (file://C:\Users\stani\projects\stammbaum\node_modules\react-dom\cjs\react-dom-server.browser.development.js:6115:11)
    at renderNodeDestructive (file://C:\Users\stani\projects\stammbaum\node_modules\react-dom\cjs\react-dom-server.browser.development.js:6087:14)
    at renderNode (file://C:\Users\stani\projects\stammbaum\node_modules\react-dom\cjs\react-dom-server.browser.development.js:6270:12)
    at renderChildrenArray (file://C:\Users\stani\projects\stammbaum\node_modules\react-dom\cjs\react-dom-server.browser.development.js:6222:7)
    at renderNodeDestructiveImpl (file://C:\Users\stani\projects\stammbaum\node_modules\react-dom\cjs\react-dom-server.browser.development.js:6152:7)
    at renderNodeDestructive (file://C:\Users\stani\projects\stammbaum\node_modules\react-dom\cjs\react-dom-server.browser.development.js:6087:14)
    at renderNode (file://C:\Users\stani\projects\stammbaum\node_modules\react-dom\cjs\react-dom-server.browser.development.js:6270:12)
    at renderHostElement (file://C:\Users\stani\projects\stammbaum\node_modules\react-dom\cjs\react-dom-server.browser.development.js:5642:3)
    at renderElement (file://C:\Users\stani\projects\stammbaum\node_modules\react-dom\cjs\react-dom-server.browser.development.js:5963:5)
    at renderNodeDestructiveImpl (file://C:\Users\stani\projects\stammbaum\node_modules\react-dom\cjs\react-dom-server.browser.development.js:6115:11)
    at renderNodeDestructive (file://C:\Users\stani\projects\stammbaum\node_modules\react-dom\cjs\react-dom-server.browser.development.js:6087:14)
    at renderForwardRef (file://C:\Users\stani\projects\stammbaum\node_modules\react-dom\cjs\react-dom-server.browser.development.js:5870:5)
    at renderElement (file://C:\Users\stani\projects\stammbaum\node_modules\react-dom\cjs\react-dom-server.browser.development.js:6016:11)
    at renderNodeDestructiveImpl (file://C:\Users\stani\projects\stammbaum\node_modules\react-dom\cjs\react-dom-server.browser.development.js:6115:11)
    at renderNodeDestructive (file://C:\Users\stani\projects\stammbaum\node_modules\react-dom\cjs\react-dom-server.browser.development.js:6087:14)
    at renderIndeterminateComponent (file://C:\Users\stani\projects\stammbaum\node_modules\react-dom\cjs\react-dom-server.browser.development.js:5786:7)
    at renderElement (file://C:\Users\stani\projects\stammbaum\node_modules\react-dom\cjs\react-dom-server.browser.development.js:5957:7)
    at renderNodeDestructiveImpl (file://C:\Users\stani\projects\stammbaum\node_modules\react-dom\cjs\react-dom-server.browser.development.js:6115:11)
    at renderNodeDestructive (file://C:\Users\stani\projects\stammbaum\node_modules\react-dom\cjs\react-dom-server.browser.development.js:6087:14)
    at renderNode (file://C:\Users\stani\projects\stammbaum\node_modules\react-dom\cjs\react-dom-server.browser.development.js:6270:12)
    at renderHostElement (file://C:\Users\stani\projects\stammbaum\node_modules\react-dom\cjs\react-dom-server.browser.development.js:5642:3)
    at renderElement (file://C:\Users\stani\projects\stammbaum\node_modules\react-dom\cjs\react-dom-server.browser.development.js:5963:5)
    at renderNodeDestructiveImpl (file://C:\Users\stani\projects\stammbaum\node_modules\react-dom\cjs\react-dom-server.browser.development.js:6115:11)
    at renderNodeDestructive (file://C:\Users\stani\projects\stammbaum\node_modules\react-dom\cjs\react-dom-server.browser.development.js:6087:14)
    at renderNode (file://C:\Users\stani\projects\stammbaum\node_modules\react-dom\cjs\react-dom-server.browser.development.js:6270:12)
    at renderChildrenArray (file://C:\Users\stani\projects\stammbaum\node_modules\react-dom\cjs\react-dom-server.browser.development.js:6222:7)
    at renderNodeDestructiveImpl (file://C:\Users\stani\projects\stammbaum\node_modules\react-dom\cjs\react-dom-server.browser.development.js:6152:7)
    at renderNodeDestructive (file://C:\Users\stani\projects\stammbaum\node_modules\react-dom\cjs\react-dom-server.browser.development.js:6087:14)
[ 8592634ms] [LOG] [HMR] connected @ http://localhost:3000/_next/static/chunks/node_modules_next_dist_0bc8q4g._.js:1233
[ 8613061ms] [WARNING] [Fast Refresh] performing full reload because your application had an unrecoverable error @ http://localhost:3000/_next/static/chunks/node_modules_next_dist_0bc8q4g._.js:1233
[ 8613079ms] [WARNING] [Fast Refresh] performing full reload because your application had an unrecoverable error @ http://localhost:3000/_next/static/chunks/node_modules_next_dist_0bc8q4g._.js:1233
[ 8613114ms] [LOG] [Fast Refresh] rebuilding @ http://localhost:3000/_next/static/chunks/node_modules_next_dist_0bc8q4g._.js:1233
[ 8613270ms] [ERROR] ./src/pages/login.tsx:191:25
Expected '</', got ')'
  189 |                                 <Action type="submit">{isRu ? 'Зарегистрироваться' : 'Reg...
  190 |                             </Form>
> 191 |                         )}
      |                         ^
  192 |                     </ModalBody>
  193 |                 </Modal>
  194 |             </Page>

Parsing ecmascript source code failed @ http://localhost:3000/_next/static/chunks/node_modules_next_dist_0bc8q4g._.js:1952
[ 8613341ms] [ERROR] ./src/pages/login.tsx:191:25
Expected '</', got ')'
  189 |                                 <Action type="submit">{isRu ? 'Зарегистрироваться' : 'Reg...
  190 |                             </Form>
> 191 |                         )}
      |                         ^
  192 |                     </ModalBody>
  193 |                 </Modal>
  194 |             </Page>

Parsing ecmascript source code failed @ http://localhost:3000/_next/static/chunks/node_modules_next_dist_0bc8q4g._.js:1952
[ 8613362ms] [ERROR] Failed to load resource: the server responded with a status of 500 (Internal Server Error) @ http://localhost:3000/login:0
[ 8613408ms] [INFO] %cDownload the React DevTools for a better development experience: https://reactjs.org/link/react-devtools font-weight:bold @ http://localhost:3000/_next/static/chunks/node_modules_react-dom_cjs_react-dom_development_07i0ttg.js:25055
[ 8613506ms] Error: ./src/pages/login.tsx:191:25
Expected '</', got ')'
  189 |                                 <Action type="submit">{isRu ? 'Зарегистрироваться' : 'Reg...
  190 |                             </Form>
> 191 |                         )}
      |                         ^
  192 |                     </ModalBody>
  193 |                 </Modal>
  194 |             </Page>

Parsing ecmascript source code failed


    at <unknown> (Error: ./src/pages/login.tsx:191:25)
    at Object.getCompilationErrors (file://C:\Users\stani\projects\stammbaum\node_modules\next\dist\server\dev\hot-reloader-turbopack.js:1186:59)
    at DevBundlerService.getCompilationError (file://C:\Users\stani\projects\stammbaum\node_modules\next\dist\server\lib\dev-bundler-service.js:44:55)
    at DevServer.getCompilationError (file://C:\Users\stani\projects\stammbaum\node_modules\next\dist\server\dev\next-dev-server.js:720:42)
    at DevServer.findPageComponents (file://C:\Users\stani\projects\stammbaum\node_modules\next\dist\server\dev\next-dev-server.js:690:43)
    at async DevServer.renderErrorToResponseImpl (file://C:\Users\stani\projects\stammbaum\node_modules\next\dist\server\base-server.js:1753:26)
[ 8613521ms] [LOG] [HMR] connected @ http://localhost:3000/_next/static/chunks/node_modules_next_dist_0bc8q4g._.js:1233
[ 8613577ms] [ERROR] ./src/pages/login.tsx:191:25
Expected '</', got ')'
  189 |                                 <Action type="submit">{isRu ? 'Зарегистрироваться' : 'Reg...
  190 |                             </Form>
> 191 |                         )}
      |                         ^
  192 |                     </ModalBody>
  193 |                 </Modal>
  194 |             </Page>

Parsing ecmascript source code failed @ http://localhost:3000/_next/static/chunks/node_modules_next_dist_0bc8q4g._.js:1952
[ 8613639ms] [ERROR] ./src/pages/login.tsx:191:25
Expected '</', got ')'
  189 |                                 <Action type="submit">{isRu ? 'Зарегистрироваться' : 'Reg...
  190 |                             </Form>
> 191 |                         )}
      |                         ^
  192 |                     </ModalBody>
  193 |                 </Modal>
  194 |             </Page>

Parsing ecmascript source code failed @ http://localhost:3000/_next/static/chunks/node_modules_next_dist_0bc8q4g._.js:1952
[ 8613650ms] [LOG] [Fast Refresh] rebuilding @ http://localhost:3000/_next/static/chunks/node_modules_next_dist_0bc8q4g._.js:1233
[ 8620345ms] [ERROR] ./src/pages/login.tsx:191:25
Expected '</', got ')'
  189 |                                 <Action type="submit">{isRu ? 'Зарегистрироваться' : 'Reg...
  190 |                             </Form>
> 191 |                         )}
      |                         ^
  192 |                     </ModalBody>
  193 |                 </Modal>
  194 |             </Page>

Parsing ecmascript source code failed @ http://localhost:3000/_next/static/chunks/node_modules_next_dist_0bc8q4g._.js:1952
[ 8620404ms] [LOG] [Fast Refresh] rebuilding @ http://localhost:3000/_next/static/chunks/node_modules_next_dist_0bc8q4g._.js:1233
[ 8625248ms] [ERROR] ./src/pages/login.tsx:191:25
Expected '</', got ')'
  189 |                                 <Action type="submit">{isRu ? 'Зарегистрироваться' : 'Reg...
  190 |                             </Form>
> 191 |                         )}
      |                         ^
  192 |                     </ModalBody>
  193 |                 </Modal>
  194 |             </Page>

Parsing ecmascript source code failed @ http://localhost:3000/_next/static/chunks/node_modules_next_dist_0bc8q4g._.js:1952
[ 8625322ms] [LOG] [Fast Refresh] rebuilding @ http://localhost:3000/_next/static/chunks/node_modules_next_dist_0bc8q4g._.js:1233
[ 8631606ms] [WARNING] [Fast Refresh] performing full reload because your application had an unrecoverable error @ http://localhost:3000/_next/static/chunks/node_modules_next_dist_0bc8q4g._.js:1233
[ 8631615ms] [LOG] [Fast Refresh] rebuilding @ http://localhost:3000/_next/static/chunks/node_modules_next_dist_0bc8q4g._.js:1233
[ 8635737ms] [WARNING] [Fast Refresh] performing full reload because your application had an unrecoverable error @ http://localhost:3000/_next/static/chunks/node_modules_next_dist_0bc8q4g._.js:1233
[ 8635740ms] [WARNING] [Fast Refresh] performing full reload because your application had an unrecoverable error @ http://localhost:3000/_next/static/chunks/node_modules_next_dist_0bc8q4g._.js:1233
[ 8635750ms] [LOG] [Fast Refresh] done in 4347ms @ http://localhost:3000/_next/static/chunks/node_modules_next_dist_0bc8q4g._.js:1233
[ 8635900ms] [LOG] [Fast Refresh] rebuilding @ http://localhost:3000/_next/static/chunks/node_modules_next_dist_0bc8q4g._.js:1233
[ 8636011ms] [LOG] [Fast Refresh] done in 214ms @ http://localhost:3000/_next/static/chunks/node_modules_next_dist_0bc8q4g._.js:1233
[ 8636149ms] [LOG] [Fast Refresh] rebuilding @ http://localhost:3000/_next/static/chunks/node_modules_next_dist_0bc8q4g._.js:1233
[ 8636520ms] [LOG] [Fast Refresh] done in 486ms @ http://localhost:3000/_next/static/chunks/node_modules_next_dist_0bc8q4g._.js:1233
[ 8636634ms] [ERROR] Failed to load resource: the server responded with a status of 500 (Internal Server Error) @ http://localhost:3000/login:0
[ 8637189ms] [INFO] %cDownload the React DevTools for a better development experience: https://reactjs.org/link/react-devtools font-weight:bold @ http://localhost:3000/_next/static/chunks/node_modules_react-dom_cjs_react-dom_development_07i0ttg.js:25055
[ 8637216ms] ReferenceError: Input is not defined
    at LoginPage (file://C:\Users\stani\projects\stammbaum\.next\dev\server\chunks\ssr\[root-of-the-server]__0dx.6-p._.js:2049:216)
    at renderWithHooks (file://C:\Users\stani\projects\stammbaum\node_modules\react-dom\cjs\react-dom-server.browser.development.js:5658:16)
    at renderIndeterminateComponent (file://C:\Users\stani\projects\stammbaum\node_modules\react-dom\cjs\react-dom-server.browser.development.js:5732:15)
    at renderElement (file://C:\Users\stani\projects\stammbaum\node_modules\react-dom\cjs\react-dom-server.browser.development.js:5957:7)
    at renderNodeDestructiveImpl (file://C:\Users\stani\projects\stammbaum\node_modules\react-dom\cjs\react-dom-server.browser.development.js:6115:11)
    at renderNodeDestructive (file://C:\Users\stani\projects\stammbaum\node_modules\react-dom\cjs\react-dom-server.browser.development.js:6087:14)
    at renderContextProvider (file://C:\Users\stani\projects\stammbaum\node_modules\react-dom\cjs\react-dom-server.browser.development.js:5931:3)
    at renderElement (file://C:\Users\stani\projects\stammbaum\node_modules\react-dom\cjs\react-dom-server.browser.development.js:6028:11)
    at renderNodeDestructiveImpl (file://C:\Users\stani\projects\stammbaum\node_modules\react-dom\cjs\react-dom-server.browser.development.js:6115:11)
    at renderNodeDestructive (file://C:\Users\stani\projects\stammbaum\node_modules\react-dom\cjs\react-dom-server.browser.development.js:6087:14)
    at finishClassComponent (file://C:\Users\stani\projects\stammbaum\node_modules\react-dom\cjs\react-dom-server.browser.development.js:5688:3)
    at renderClassComponent (file://C:\Users\stani\projects\stammbaum\node_modules\react-dom\cjs\react-dom-server.browser.development.js:5696:3)
    at renderElement (file://C:\Users\stani\projects\stammbaum\node_modules\react-dom\cjs\react-dom-server.browser.development.js:5954:7)
    at renderNodeDestructiveImpl (file://C:\Users\stani\projects\stammbaum\node_modules\react-dom\cjs\react-dom-server.browser.development.js:6115:11)
    at renderNodeDestructive (file://C:\Users\stani\projects\stammbaum\node_modules\react-dom\cjs\react-dom-server.browser.development.js:6087:14)
    at renderContextProvider (file://C:\Users\stani\projects\stammbaum\node_modules\react-dom\cjs\react-dom-server.browser.development.js:5931:3)
    at renderElement (file://C:\Users\stani\projects\stammbaum\node_modules\react-dom\cjs\react-dom-server.browser.development.js:6028:11)
    at renderNodeDestructiveImpl (file://C:\Users\stani\projects\stammbaum\node_modules\react-dom\cjs\react-dom-server.browser.development.js:6115:11)
    at renderNodeDestructive (file://C:\Users\stani\projects\stammbaum\node_modules\react-dom\cjs\react-dom-server.browser.development.js:6087:14)
    at finishClassComponent (file://C:\Users\stani\projects\stammbaum\node_modules\react-dom\cjs\react-dom-server.browser.development.js:5688:3)
    at renderClassComponent (file://C:\Users\stani\projects\stammbaum\node_modules\react-dom\cjs\react-dom-server.browser.development.js:5696:3)
    at renderElement (file://C:\Users\stani\projects\stammbaum\node_modules\react-dom\cjs\react-dom-server.browser.development.js:5954:7)
    at renderNodeDestructiveImpl (file://C:\Users\stani\projects\stammbaum\node_modules\react-dom\cjs\react-dom-server.browser.development.js:6115:11)
    at renderNodeDestructive (file://C:\Users\stani\projects\stammbaum\node_modules\react-dom\cjs\react-dom-server.browser.development.js:6087:14)
    at renderNode (file://C:\Users\stani\projects\stammbaum\node_modules\react-dom\cjs\react-dom-server.browser.development.js:6270:12)
    at renderChildrenArray (file://C:\Users\stani\projects\stammbaum\node_modules\react-dom\cjs\react-dom-server.browser.development.js:6222:7)
    at renderNodeDestructiveImpl (file://C:\Users\stani\projects\stammbaum\node_modules\react-dom\cjs\react-dom-server.browser.development.js:6152:7)
    at renderNodeDestructive (file://C:\Users\stani\projects\stammbaum\node_modules\react-dom\cjs\react-dom-server.browser.development.js:6087:14)
    at renderNode (file://C:\Users\stani\projects\stammbaum\node_modules\react-dom\cjs\react-dom-server.browser.development.js:6270:12)
    at renderHostElement (file://C:\Users\stani\projects\stammbaum\node_modules\react-dom\cjs\react-dom-server.browser.development.js:5642:3)
    at renderElement (file://C:\Users\stani\projects\stammbaum\node_modules\react-dom\cjs\react-dom-server.browser.development.js:5963:5)
    at renderNodeDestructiveImpl (file://C:\Users\stani\projects\stammbaum\node_modules\react-dom\cjs\react-dom-server.browser.development.js:6115:11)
    at renderNodeDestructive (file://C:\Users\stani\projects\stammbaum\node_modules\react-dom\cjs\react-dom-server.browser.development.js:6087:14)
    at renderForwardRef (file://C:\Users\stani\projects\stammbaum\node_modules\react-dom\cjs\react-dom-server.browser.development.js:5870:5)
    at renderElement (file://C:\Users\stani\projects\stammbaum\node_modules\react-dom\cjs\react-dom-server.browser.development.js:6016:11)
    at renderNodeDestructiveImpl (file://C:\Users\stani\projects\stammbaum\node_modules\react-dom\cjs\react-dom-server.browser.development.js:6115:11)
    at renderNodeDestructive (file://C:\Users\stani\projects\stammbaum\node_modules\react-dom\cjs\react-dom-server.browser.development.js:6087:14)
    at renderIndeterminateComponent (file://C:\Users\stani\projects\stammbaum\node_modules\react-dom\cjs\react-dom-server.browser.development.js:5786:7)
    at renderElement (file://C:\Users\stani\projects\stammbaum\node_modules\react-dom\cjs\react-dom-server.browser.development.js:5957:7)
    at renderNodeDestructiveImpl (file://C:\Users\stani\projects\stammbaum\node_modules\react-dom\cjs\react-dom-server.browser.development.js:6115:11)
    at renderNodeDestructive (file://C:\Users\stani\projects\stammbaum\node_modules\react-dom\cjs\react-dom-server.browser.development.js:6087:14)
    at renderNode (file://C:\Users\stani\projects\stammbaum\node_modules\react-dom\cjs\react-dom-server.browser.development.js:6270:12)
    at renderHostElement (file://C:\Users\stani\projects\stammbaum\node_modules\react-dom\cjs\react-dom-server.browser.development.js:5642:3)
    at renderElement (file://C:\Users\stani\projects\stammbaum\node_modules\react-dom\cjs\react-dom-server.browser.development.js:5963:5)
    at renderNodeDestructiveImpl (file://C:\Users\stani\projects\stammbaum\node_modules\react-dom\cjs\react-dom-server.browser.development.js:6115:11)
    at renderNodeDestructive (file://C:\Users\stani\projects\stammbaum\node_modules\react-dom\cjs\react-dom-server.browser.development.js:6087:14)
    at renderNode (file://C:\Users\stani\projects\stammbaum\node_modules\react-dom\cjs\react-dom-server.browser.development.js:6270:12)
    at renderChildrenArray (file://C:\Users\stani\projects\stammbaum\node_modules\react-dom\cjs\react-dom-server.browser.development.js:6222:7)
    at renderNodeDestructiveImpl (file://C:\Users\stani\projects\stammbaum\node_modules\react-dom\cjs\react-dom-server.browser.development.js:6152:7)
    at renderNodeDestructive (file://C:\Users\stani\projects\stammbaum\node_modules\react-dom\cjs\react-dom-server.browser.development.js:6087:14)
[ 8637225ms] [LOG] [HMR] connected @ http://localhost:3000/_next/static/chunks/node_modules_next_dist_0bc8q4g._.js:1233
[ 8650553ms] [WARNING] [Fast Refresh] performing full reload because your application had an unrecoverable error @ http://localhost:3000/_next/static/chunks/node_modules_next_dist_0bc8q4g._.js:1233
[ 8650577ms] [LOG] [Fast Refresh] rebuilding @ http://localhost:3000/_next/static/chunks/node_modules_next_dist_0bc8q4g._.js:1233
[ 8650801ms] [ERROR] Failed to load resource: the server responded with a status of 500 (Internal Server Error) @ http://localhost:3000/login:0
[ 8650865ms] [INFO] %cDownload the React DevTools for a better development experience: https://reactjs.org/link/react-devtools font-weight:bold @ http://localhost:3000/_next/static/chunks/node_modules_react-dom_cjs_react-dom_development_07i0ttg.js:25055
[ 8650888ms] ReferenceError: Input is not defined
    at LoginPage (file://C:\Users\stani\projects\stammbaum\.next\dev\server\chunks\ssr\[root-of-the-server]__0dx.6-p._.js:2049:216)
    at renderWithHooks (file://C:\Users\stani\projects\stammbaum\node_modules\react-dom\cjs\react-dom-server.browser.development.js:5658:16)
    at renderIndeterminateComponent (file://C:\Users\stani\projects\stammbaum\node_modules\react-dom\cjs\react-dom-server.browser.development.js:5732:15)
    at renderElement (file://C:\Users\stani\projects\stammbaum\node_modules\react-dom\cjs\react-dom-server.browser.development.js:5957:7)
    at renderNodeDestructiveImpl (file://C:\Users\stani\projects\stammbaum\node_modules\react-dom\cjs\react-dom-server.browser.development.js:6115:11)
    at renderNodeDestructive (file://C:\Users\stani\projects\stammbaum\node_modules\react-dom\cjs\react-dom-server.browser.development.js:6087:14)
    at renderContextProvider (file://C:\Users\stani\projects\stammbaum\node_modules\react-dom\cjs\react-dom-server.browser.development.js:5931:3)
    at renderElement (file://C:\Users\stani\projects\stammbaum\node_modules\react-dom\cjs\react-dom-server.browser.development.js:6028:11)
    at renderNodeDestructiveImpl (file://C:\Users\stani\projects\stammbaum\node_modules\react-dom\cjs\react-dom-server.browser.development.js:6115:11)
    at renderNodeDestructive (file://C:\Users\stani\projects\stammbaum\node_modules\react-dom\cjs\react-dom-server.browser.development.js:6087:14)
    at finishClassComponent (file://C:\Users\stani\projects\stammbaum\node_modules\react-dom\cjs\react-dom-server.browser.development.js:5688:3)
    at renderClassComponent (file://C:\Users\stani\projects\stammbaum\node_modules\react-dom\cjs\react-dom-server.browser.development.js:5696:3)
    at renderElement (file://C:\Users\stani\projects\stammbaum\node_modules\react-dom\cjs\react-dom-server.browser.development.js:5954:7)
    at renderNodeDestructiveImpl (file://C:\Users\stani\projects\stammbaum\node_modules\react-dom\cjs\react-dom-server.browser.development.js:6115:11)
    at renderNodeDestructive (file://C:\Users\stani\projects\stammbaum\node_modules\react-dom\cjs\react-dom-server.browser.development.js:6087:14)
    at renderContextProvider (file://C:\Users\stani\projects\stammbaum\node_modules\react-dom\cjs\react-dom-server.browser.development.js:5931:3)
    at renderElement (file://C:\Users\stani\projects\stammbaum\node_modules\react-dom\cjs\react-dom-server.browser.development.js:6028:11)
    at renderNodeDestructiveImpl (file://C:\Users\stani\projects\stammbaum\node_modules\react-dom\cjs\react-dom-server.browser.development.js:6115:11)
    at renderNodeDestructive (file://C:\Users\stani\projects\stammbaum\node_modules\react-dom\cjs\react-dom-server.browser.development.js:6087:14)
    at finishClassComponent (file://C:\Users\stani\projects\stammbaum\node_modules\react-dom\cjs\react-dom-server.browser.development.js:5688:3)
    at renderClassComponent (file://C:\Users\stani\projects\stammbaum\node_modules\react-dom\cjs\react-dom-server.browser.development.js:5696:3)
    at renderElement (file://C:\Users\stani\projects\stammbaum\node_modules\react-dom\cjs\react-dom-server.browser.development.js:5954:7)
    at renderNodeDestructiveImpl (file://C:\Users\stani\projects\stammbaum\node_modules\react-dom\cjs\react-dom-server.browser.development.js:6115:11)
    at renderNodeDestructive (file://C:\Users\stani\projects\stammbaum\node_modules\react-dom\cjs\react-dom-server.browser.development.js:6087:14)
    at renderNode (file://C:\Users\stani\projects\stammbaum\node_modules\react-dom\cjs\react-dom-server.browser.development.js:6270:12)
    at renderChildrenArray (file://C:\Users\stani\projects\stammbaum\node_modules\react-dom\cjs\react-dom-server.browser.development.js:6222:7)
    at renderNodeDestructiveImpl (file://C:\Users\stani\projects\stammbaum\node_modules\react-dom\cjs\react-dom-server.browser.development.js:6152:7)
    at renderNodeDestructive (file://C:\Users\stani\projects\stammbaum\node_modules\react-dom\cjs\react-dom-server.browser.development.js:6087:14)
    at renderNode (file://C:\Users\stani\projects\stammbaum\node_modules\react-dom\cjs\react-dom-server.browser.development.js:6270:12)
    at renderHostElement (file://C:\Users\stani\projects\stammbaum\node_modules\react-dom\cjs\react-dom-server.browser.development.js:5642:3)
    at renderElement (file://C:\Users\stani\projects\stammbaum\node_modules\react-dom\cjs\react-dom-server.browser.development.js:5963:5)
    at renderNodeDestructiveImpl (file://C:\Users\stani\projects\stammbaum\node_modules\react-dom\cjs\react-dom-server.browser.development.js:6115:11)
    at renderNodeDestructive (file://C:\Users\stani\projects\stammbaum\node_modules\react-dom\cjs\react-dom-server.browser.development.js:6087:14)
    at renderForwardRef (file://C:\Users\stani\projects\stammbaum\node_modules\react-dom\cjs\react-dom-server.browser.development.js:5870:5)
    at renderElement (file://C:\Users\stani\projects\stammbaum\node_modules\react-dom\cjs\react-dom-server.browser.development.js:6016:11)
    at renderNodeDestructiveImpl (file://C:\Users\stani\projects\stammbaum\node_modules\react-dom\cjs\react-dom-server.browser.development.js:6115:11)
    at renderNodeDestructive (file://C:\Users\stani\projects\stammbaum\node_modules\react-dom\cjs\react-dom-server.browser.development.js:6087:14)
    at renderIndeterminateComponent (file://C:\Users\stani\projects\stammbaum\node_modules\react-dom\cjs\react-dom-server.browser.development.js:5786:7)
    at renderElement (file://C:\Users\stani\projects\stammbaum\node_modules\react-dom\cjs\react-dom-server.browser.development.js:5957:7)
    at renderNodeDestructiveImpl (file://C:\Users\stani\projects\stammbaum\node_modules\react-dom\cjs\react-dom-server.browser.development.js:6115:11)
    at renderNodeDestructive (file://C:\Users\stani\projects\stammbaum\node_modules\react-dom\cjs\react-dom-server.browser.development.js:6087:14)
    at renderNode (file://C:\Users\stani\projects\stammbaum\node_modules\react-dom\cjs\react-dom-server.browser.development.js:6270:12)
    at renderHostElement (file://C:\Users\stani\projects\stammbaum\node_modules\react-dom\cjs\react-dom-server.browser.development.js:5642:3)
    at renderElement (file://C:\Users\stani\projects\stammbaum\node_modules\react-dom\cjs\react-dom-server.browser.development.js:5963:5)
    at renderNodeDestructiveImpl (file://C:\Users\stani\projects\stammbaum\node_modules\react-dom\cjs\react-dom-server.browser.development.js:6115:11)
    at renderNodeDestructive (file://C:\Users\stani\projects\stammbaum\node_modules\react-dom\cjs\react-dom-server.browser.development.js:6087:14)
    at renderNode (file://C:\Users\stani\projects\stammbaum\node_modules\react-dom\cjs\react-dom-server.browser.development.js:6270:12)
    at renderChildrenArray (file://C:\Users\stani\projects\stammbaum\node_modules\react-dom\cjs\react-dom-server.browser.development.js:6222:7)
    at renderNodeDestructiveImpl (file://C:\Users\stani\projects\stammbaum\node_modules\react-dom\cjs\react-dom-server.browser.development.js:6152:7)
    at renderNodeDestructive (file://C:\Users\stani\projects\stammbaum\node_modules\react-dom\cjs\react-dom-server.browser.development.js:6087:14)
[ 8650890ms] [LOG] [HMR] connected @ http://localhost:3000/_next/static/chunks/node_modules_next_dist_0bc8q4g._.js:1233
[ 8671946ms] [LOG] [Fast Refresh] rebuilding @ http://localhost:3000/_next/static/chunks/node_modules_next_dist_0bc8q4g._.js:1233
[ 8671952ms] [WARNING] [Fast Refresh] performing full reload because your application had an unrecoverable error @ http://localhost:3000/_next/static/chunks/node_modules_next_dist_0bc8q4g._.js:1233
[ 8671955ms] [LOG] [Fast Refresh] done in 68ms @ http://localhost:3000/_next/static/chunks/node_modules_next_dist_0bc8q4g._.js:1233
[ 8672071ms] [LOG] [Fast Refresh] rebuilding @ http://localhost:3000/_next/static/chunks/node_modules_next_dist_0bc8q4g._.js:1233
[ 8672177ms] [LOG] [Fast Refresh] done in 213ms @ http://localhost:3000/_next/static/chunks/node_modules_next_dist_0bc8q4g._.js:1233
[ 8672291ms] [ERROR] Failed to load resource: the server responded with a status of 500 (Internal Server Error) @ http://localhost:3000/login:0
[ 8672405ms] [INFO] %cDownload the React DevTools for a better development experience: https://reactjs.org/link/react-devtools font-weight:bold @ http://localhost:3000/_next/static/chunks/node_modules_react-dom_cjs_react-dom_development_07i0ttg.js:25055
[ 8672434ms] ReferenceError: Input is not defined
    at LoginPage (file://C:\Users\stani\projects\stammbaum\.next\dev\server\chunks\ssr\[root-of-the-server]__0dx.6-p._.js:2049:216)
    at renderWithHooks (file://C:\Users\stani\projects\stammbaum\node_modules\react-dom\cjs\react-dom-server.browser.development.js:5658:16)
    at renderIndeterminateComponent (file://C:\Users\stani\projects\stammbaum\node_modules\react-dom\cjs\react-dom-server.browser.development.js:5732:15)
    at renderElement (file://C:\Users\stani\projects\stammbaum\node_modules\react-dom\cjs\react-dom-server.browser.development.js:5957:7)
    at renderNodeDestructiveImpl (file://C:\Users\stani\projects\stammbaum\node_modules\react-dom\cjs\react-dom-server.browser.development.js:6115:11)
    at renderNodeDestructive (file://C:\Users\stani\projects\stammbaum\node_modules\react-dom\cjs\react-dom-server.browser.development.js:6087:14)
    at renderContextProvider (file://C:\Users\stani\projects\stammbaum\node_modules\react-dom\cjs\react-dom-server.browser.development.js:5931:3)
    at renderElement (file://C:\Users\stani\projects\stammbaum\node_modules\react-dom\cjs\react-dom-server.browser.development.js:6028:11)
    at renderNodeDestructiveImpl (file://C:\Users\stani\projects\stammbaum\node_modules\react-dom\cjs\react-dom-server.browser.development.js:6115:11)
    at renderNodeDestructive (file://C:\Users\stani\projects\stammbaum\node_modules\react-dom\cjs\react-dom-server.browser.development.js:6087:14)
    at finishClassComponent (file://C:\Users\stani\projects\stammbaum\node_modules\react-dom\cjs\react-dom-server.browser.development.js:5688:3)
    at renderClassComponent (file://C:\Users\stani\projects\stammbaum\node_modules\react-dom\cjs\react-dom-server.browser.development.js:5696:3)
    at renderElement (file://C:\Users\stani\projects\stammbaum\node_modules\react-dom\cjs\react-dom-server.browser.development.js:5954:7)
    at renderNodeDestructiveImpl (file://C:\Users\stani\projects\stammbaum\node_modules\react-dom\cjs\react-dom-server.browser.development.js:6115:11)
    at renderNodeDestructive (file://C:\Users\stani\projects\stammbaum\node_modules\react-dom\cjs\react-dom-server.browser.development.js:6087:14)
    at renderContextProvider (file://C:\Users\stani\projects\stammbaum\node_modules\react-dom\cjs\react-dom-server.browser.development.js:5931:3)
    at renderElement (file://C:\Users\stani\projects\stammbaum\node_modules\react-dom\cjs\react-dom-server.browser.development.js:6028:11)
    at renderNodeDestructiveImpl (file://C:\Users\stani\projects\stammbaum\node_modules\react-dom\cjs\react-dom-server.browser.development.js:6115:11)
    at renderNodeDestructive (file://C:\Users\stani\projects\stammbaum\node_modules\react-dom\cjs\react-dom-server.browser.development.js:6087:14)
    at finishClassComponent (file://C:\Users\stani\projects\stammbaum\node_modules\react-dom\cjs\react-dom-server.browser.development.js:5688:3)
    at renderClassComponent (file://C:\Users\stani\projects\stammbaum\node_modules\react-dom\cjs\react-dom-server.browser.development.js:5696:3)
    at renderElement (file://C:\Users\stani\projects\stammbaum\node_modules\react-dom\cjs\react-dom-server.browser.development.js:5954:7)
    at renderNodeDestructiveImpl (file://C:\Users\stani\projects\stammbaum\node_modules\react-dom\cjs\react-dom-server.browser.development.js:6115:11)
    at renderNodeDestructive (file://C:\Users\stani\projects\stammbaum\node_modules\react-dom\cjs\react-dom-server.browser.development.js:6087:14)
    at renderNode (file://C:\Users\stani\projects\stammbaum\node_modules\react-dom\cjs\react-dom-server.browser.development.js:6270:12)
    at renderChildrenArray (file://C:\Users\stani\projects\stammbaum\node_modules\react-dom\cjs\react-dom-server.browser.development.js:6222:7)
    at renderNodeDestructiveImpl (file://C:\Users\stani\projects\stammbaum\node_modules\react-dom\cjs\react-dom-server.browser.development.js:6152:7)
    at renderNodeDestructive (file://C:\Users\stani\projects\stammbaum\node_modules\react-dom\cjs\react-dom-server.browser.development.js:6087:14)
    at renderNode (file://C:\Users\stani\projects\stammbaum\node_modules\react-dom\cjs\react-dom-server.browser.development.js:6270:12)
    at renderHostElement (file://C:\Users\stani\projects\stammbaum\node_modules\react-dom\cjs\react-dom-server.browser.development.js:5642:3)
    at renderElement (file://C:\Users\stani\projects\stammbaum\node_modules\react-dom\cjs\react-dom-server.browser.development.js:5963:5)
    at renderNodeDestructiveImpl (file://C:\Users\stani\projects\stammbaum\node_modules\react-dom\cjs\react-dom-server.browser.development.js:6115:11)
    at renderNodeDestructive (file://C:\Users\stani\projects\stammbaum\node_modules\react-dom\cjs\react-dom-server.browser.development.js:6087:14)
    at renderForwardRef (file://C:\Users\stani\projects\stammbaum\node_modules\react-dom\cjs\react-dom-server.browser.development.js:5870:5)
    at renderElement (file://C:\Users\stani\projects\stammbaum\node_modules\react-dom\cjs\react-dom-server.browser.development.js:6016:11)
    at renderNodeDestructiveImpl (file://C:\Users\stani\projects\stammbaum\node_modules\react-dom\cjs\react-dom-server.browser.development.js:6115:11)
    at renderNodeDestructive (file://C:\Users\stani\projects\stammbaum\node_modules\react-dom\cjs\react-dom-server.browser.development.js:6087:14)
    at renderIndeterminateComponent (file://C:\Users\stani\projects\stammbaum\node_modules\react-dom\cjs\react-dom-server.browser.development.js:5786:7)
    at renderElement (file://C:\Users\stani\projects\stammbaum\node_modules\react-dom\cjs\react-dom-server.browser.development.js:5957:7)
    at renderNodeDestructiveImpl (file://C:\Users\stani\projects\stammbaum\node_modules\react-dom\cjs\react-dom-server.browser.development.js:6115:11)
    at renderNodeDestructive (file://C:\Users\stani\projects\stammbaum\node_modules\react-dom\cjs\react-dom-server.browser.development.js:6087:14)
    at renderNode (file://C:\Users\stani\projects\stammbaum\node_modules\react-dom\cjs\react-dom-server.browser.development.js:6270:12)
    at renderHostElement (file://C:\Users\stani\projects\stammbaum\node_modules\react-dom\cjs\react-dom-server.browser.development.js:5642:3)
    at renderElement (file://C:\Users\stani\projects\stammbaum\node_modules\react-dom\cjs\react-dom-server.browser.development.js:5963:5)
    at renderNodeDestructiveImpl (file://C:\Users\stani\projects\stammbaum\node_modules\react-dom\cjs\react-dom-server.browser.development.js:6115:11)
    at renderNodeDestructive (file://C:\Users\stani\projects\stammbaum\node_modules\react-dom\cjs\react-dom-server.browser.development.js:6087:14)
    at renderNode (file://C:\Users\stani\projects\stammbaum\node_modules\react-dom\cjs\react-dom-server.browser.development.js:6270:12)
    at renderChildrenArray (file://C:\Users\stani\projects\stammbaum\node_modules\react-dom\cjs\react-dom-server.browser.development.js:6222:7)
    at renderNodeDestructiveImpl (file://C:\Users\stani\projects\stammbaum\node_modules\react-dom\cjs\react-dom-server.browser.development.js:6152:7)
    at renderNodeDestructive (file://C:\Users\stani\projects\stammbaum\node_modules\react-dom\cjs\react-dom-server.browser.development.js:6087:14)
[ 8672457ms] [LOG] [HMR] connected @ http://localhost:3000/_next/static/chunks/node_modules_next_dist_0bc8q4g._.js:1233
[ 8693121ms] [WARNING] [Fast Refresh] performing full reload because your application had an unrecoverable error @ http://localhost:3000/_next/static/chunks/node_modules_next_dist_0bc8q4g._.js:1233
[ 8693150ms] [LOG] [Fast Refresh] rebuilding @ http://localhost:3000/_next/static/chunks/node_modules_next_dist_0bc8q4g._.js:1233
[ 8693360ms] [LOG] [Fast Refresh] done in 60ms @ http://localhost:3000/_next/static/chunks/node_modules_next_dist_0bc8q4g._.js:1233
[ 8693429ms] [ERROR] Failed to load resource: the server responded with a status of 500 (Internal Server Error) @ http://localhost:3000/login:0
[ 8693507ms] [INFO] %cDownload the React DevTools for a better development experience: https://reactjs.org/link/react-devtools font-weight:bold @ http://localhost:3000/_next/static/chunks/node_modules_react-dom_cjs_react-dom_development_07i0ttg.js:25055
[ 8693533ms] ReferenceError: Input is not defined
    at LoginPage (file://C:\Users\stani\projects\stammbaum\.next\dev\server\chunks\ssr\[root-of-the-server]__0dx.6-p._.js:2049:216)
    at renderWithHooks (file://C:\Users\stani\projects\stammbaum\node_modules\react-dom\cjs\react-dom-server.browser.development.js:5658:16)
    at renderIndeterminateComponent (file://C:\Users\stani\projects\stammbaum\node_modules\react-dom\cjs\react-dom-server.browser.development.js:5732:15)
    at renderElement (file://C:\Users\stani\projects\stammbaum\node_modules\react-dom\cjs\react-dom-server.browser.development.js:5957:7)
    at renderNodeDestructiveImpl (file://C:\Users\stani\projects\stammbaum\node_modules\react-dom\cjs\react-dom-server.browser.development.js:6115:11)
    at renderNodeDestructive (file://C:\Users\stani\projects\stammbaum\node_modules\react-dom\cjs\react-dom-server.browser.development.js:6087:14)
    at renderContextProvider (file://C:\Users\stani\projects\stammbaum\node_modules\react-dom\cjs\react-dom-server.browser.development.js:5931:3)
    at renderElement (file://C:\Users\stani\projects\stammbaum\node_modules\react-dom\cjs\react-dom-server.browser.development.js:6028:11)
    at renderNodeDestructiveImpl (file://C:\Users\stani\projects\stammbaum\node_modules\react-dom\cjs\react-dom-server.browser.development.js:6115:11)
    at renderNodeDestructive (file://C:\Users\stani\projects\stammbaum\node_modules\react-dom\cjs\react-dom-server.browser.development.js:6087:14)
    at finishClassComponent (file://C:\Users\stani\projects\stammbaum\node_modules\react-dom\cjs\react-dom-server.browser.development.js:5688:3)
    at renderClassComponent (file://C:\Users\stani\projects\stammbaum\node_modules\react-dom\cjs\react-dom-server.browser.development.js:5696:3)
    at renderElement (file://C:\Users\stani\projects\stammbaum\node_modules\react-dom\cjs\react-dom-server.browser.development.js:5954:7)
    at renderNodeDestructiveImpl (file://C:\Users\stani\projects\stammbaum\node_modules\react-dom\cjs\react-dom-server.browser.development.js:6115:11)
    at renderNodeDestructive (file://C:\Users\stani\projects\stammbaum\node_modules\react-dom\cjs\react-dom-server.browser.development.js:6087:14)
    at renderContextProvider (file://C:\Users\stani\projects\stammbaum\node_modules\react-dom\cjs\react-dom-server.browser.development.js:5931:3)
    at renderElement (file://C:\Users\stani\projects\stammbaum\node_modules\react-dom\cjs\react-dom-server.browser.development.js:6028:11)
    at renderNodeDestructiveImpl (file://C:\Users\stani\projects\stammbaum\node_modules\react-dom\cjs\react-dom-server.browser.development.js:6115:11)
    at renderNodeDestructive (file://C:\Users\stani\projects\stammbaum\node_modules\react-dom\cjs\react-dom-server.browser.development.js:6087:14)
    at finishClassComponent (file://C:\Users\stani\projects\stammbaum\node_modules\react-dom\cjs\react-dom-server.browser.development.js:5688:3)
    at renderClassComponent (file://C:\Users\stani\projects\stammbaum\node_modules\react-dom\cjs\react-dom-server.browser.development.js:5696:3)
    at renderElement (file://C:\Users\stani\projects\stammbaum\node_modules\react-dom\cjs\react-dom-server.browser.development.js:5954:7)
    at renderNodeDestructiveImpl (file://C:\Users\stani\projects\stammbaum\node_modules\react-dom\cjs\react-dom-server.browser.development.js:6115:11)
    at renderNodeDestructive (file://C:\Users\stani\projects\stammbaum\node_modules\react-dom\cjs\react-dom-server.browser.development.js:6087:14)
    at renderNode (file://C:\Users\stani\projects\stammbaum\node_modules\react-dom\cjs\react-dom-server.browser.development.js:6270:12)
    at renderChildrenArray (file://C:\Users\stani\projects\stammbaum\node_modules\react-dom\cjs\react-dom-server.browser.development.js:6222:7)
    at renderNodeDestructiveImpl (file://C:\Users\stani\projects\stammbaum\node_modules\react-dom\cjs\react-dom-server.browser.development.js:6152:7)
    at renderNodeDestructive (file://C:\Users\stani\projects\stammbaum\node_modules\react-dom\cjs\react-dom-server.browser.development.js:6087:14)
    at renderNode (file://C:\Users\stani\projects\stammbaum\node_modules\react-dom\cjs\react-dom-server.browser.development.js:6270:12)
    at renderHostElement (file://C:\Users\stani\projects\stammbaum\node_modules\react-dom\cjs\react-dom-server.browser.development.js:5642:3)
    at renderElement (file://C:\Users\stani\projects\stammbaum\node_modules\react-dom\cjs\react-dom-server.browser.development.js:5963:5)
    at renderNodeDestructiveImpl (file://C:\Users\stani\projects\stammbaum\node_modules\react-dom\cjs\react-dom-server.browser.development.js:6115:11)
    at renderNodeDestructive (file://C:\Users\stani\projects\stammbaum\node_modules\react-dom\cjs\react-dom-server.browser.development.js:6087:14)
    at renderForwardRef (file://C:\Users\stani\projects\stammbaum\node_modules\react-dom\cjs\react-dom-server.browser.development.js:5870:5)
    at renderElement (file://C:\Users\stani\projects\stammbaum\node_modules\react-dom\cjs\react-dom-server.browser.development.js:6016:11)
    at renderNodeDestructiveImpl (file://C:\Users\stani\projects\stammbaum\node_modules\react-dom\cjs\react-dom-server.browser.development.js:6115:11)
    at renderNodeDestructive (file://C:\Users\stani\projects\stammbaum\node_modules\react-dom\cjs\react-dom-server.browser.development.js:6087:14)
    at renderIndeterminateComponent (file://C:\Users\stani\projects\stammbaum\node_modules\react-dom\cjs\react-dom-server.browser.development.js:5786:7)
    at renderElement (file://C:\Users\stani\projects\stammbaum\node_modules\react-dom\cjs\react-dom-server.browser.development.js:5957:7)
    at renderNodeDestructiveImpl (file://C:\Users\stani\projects\stammbaum\node_modules\react-dom\cjs\react-dom-server.browser.development.js:6115:11)
    at renderNodeDestructive (file://C:\Users\stani\projects\stammbaum\node_modules\react-dom\cjs\react-dom-server.browser.development.js:6087:14)
    at renderNode (file://C:\Users\stani\projects\stammbaum\node_modules\react-dom\cjs\react-dom-server.browser.development.js:6270:12)
    at renderHostElement (file://C:\Users\stani\projects\stammbaum\node_modules\react-dom\cjs\react-dom-server.browser.development.js:5642:3)
    at renderElement (file://C:\Users\stani\projects\stammbaum\node_modules\react-dom\cjs\react-dom-server.browser.development.js:5963:5)
    at renderNodeDestructiveImpl (file://C:\Users\stani\projects\stammbaum\node_modules\react-dom\cjs\react-dom-server.browser.development.js:6115:11)
    at renderNodeDestructive (file://C:\Users\stani\projects\stammbaum\node_modules\react-dom\cjs\react-dom-server.browser.development.js:6087:14)
    at renderNode (file://C:\Users\stani\projects\stammbaum\node_modules\react-dom\cjs\react-dom-server.browser.development.js:6270:12)
    at renderChildrenArray (file://C:\Users\stani\projects\stammbaum\node_modules\react-dom\cjs\react-dom-server.browser.development.js:6222:7)
    at renderNodeDestructiveImpl (file://C:\Users\stani\projects\stammbaum\node_modules\react-dom\cjs\react-dom-server.browser.development.js:6152:7)
    at renderNodeDestructive (file://C:\Users\stani\projects\stammbaum\node_modules\react-dom\cjs\react-dom-server.browser.development.js:6087:14)
[ 8693535ms] [LOG] [HMR] connected @ http://localhost:3000/_next/static/chunks/node_modules_next_dist_0bc8q4g._.js:1233
[ 8754199ms] [LOG] [Fast Refresh] rebuilding @ http://localhost:3000/_next/static/chunks/node_modules_next_dist_0bc8q4g._.js:1233
[ 8754200ms] [WARNING] [Fast Refresh] performing full reload because your application had an unrecoverable error @ http://localhost:3000/_next/static/chunks/node_modules_next_dist_0bc8q4g._.js:1233
[ 8754211ms] [LOG] [Fast Refresh] done in 50ms @ http://localhost:3000/_next/static/chunks/node_modules_next_dist_0bc8q4g._.js:1233
[ 8754316ms] [LOG] [Fast Refresh] rebuilding @ http://localhost:3000/_next/static/chunks/node_modules_next_dist_0bc8q4g._.js:1233
[ 8754361ms] [LOG] [Fast Refresh] done in 149ms @ http://localhost:3000/_next/static/chunks/node_modules_next_dist_0bc8q4g._.js:1233
[ 8754445ms] [ERROR] Failed to load resource: the server responded with a status of 500 (Internal Server Error) @ http://localhost:3000/login:0
[ 8754495ms] [INFO] %cDownload the React DevTools for a better development experience: https://reactjs.org/link/react-devtools font-weight:bold @ http://localhost:3000/_next/static/chunks/node_modules_react-dom_cjs_react-dom_development_07i0ttg.js:25055
[ 8754537ms] ReferenceError: Input is not defined
    at LoginPage (file://C:\Users\stani\projects\stammbaum\.next\dev\server\chunks\ssr\[root-of-the-server]__0dx.6-p._.js:2049:216)
    at renderWithHooks (file://C:\Users\stani\projects\stammbaum\node_modules\react-dom\cjs\react-dom-server.browser.development.js:5658:16)
    at renderIndeterminateComponent (file://C:\Users\stani\projects\stammbaum\node_modules\react-dom\cjs\react-dom-server.browser.development.js:5732:15)
    at renderElement (file://C:\Users\stani\projects\stammbaum\node_modules\react-dom\cjs\react-dom-server.browser.development.js:5957:7)
    at renderNodeDestructiveImpl (file://C:\Users\stani\projects\stammbaum\node_modules\react-dom\cjs\react-dom-server.browser.development.js:6115:11)
    at renderNodeDestructive (file://C:\Users\stani\projects\stammbaum\node_modules\react-dom\cjs\react-dom-server.browser.development.js:6087:14)
    at renderContextProvider (file://C:\Users\stani\projects\stammbaum\node_modules\react-dom\cjs\react-dom-server.browser.development.js:5931:3)
    at renderElement (file://C:\Users\stani\projects\stammbaum\node_modules\react-dom\cjs\react-dom-server.browser.development.js:6028:11)
    at renderNodeDestructiveImpl (file://C:\Users\stani\projects\stammbaum\node_modules\react-dom\cjs\react-dom-server.browser.development.js:6115:11)
    at renderNodeDestructive (file://C:\Users\stani\projects\stammbaum\node_modules\react-dom\cjs\react-dom-server.browser.development.js:6087:14)
    at finishClassComponent (file://C:\Users\stani\projects\stammbaum\node_modules\react-dom\cjs\react-dom-server.browser.development.js:5688:3)
    at renderClassComponent (file://C:\Users\stani\projects\stammbaum\node_modules\react-dom\cjs\react-dom-server.browser.development.js:5696:3)
    at renderElement (file://C:\Users\stani\projects\stammbaum\node_modules\react-dom\cjs\react-dom-server.browser.development.js:5954:7)
    at renderNodeDestructiveImpl (file://C:\Users\stani\projects\stammbaum\node_modules\react-dom\cjs\react-dom-server.browser.development.js:6115:11)
    at renderNodeDestructive (file://C:\Users\stani\projects\stammbaum\node_modules\react-dom\cjs\react-dom-server.browser.development.js:6087:14)
    at renderContextProvider (file://C:\Users\stani\projects\stammbaum\node_modules\react-dom\cjs\react-dom-server.browser.development.js:5931:3)
    at renderElement (file://C:\Users\stani\projects\stammbaum\node_modules\react-dom\cjs\react-dom-server.browser.development.js:6028:11)
    at renderNodeDestructiveImpl (file://C:\Users\stani\projects\stammbaum\node_modules\react-dom\cjs\react-dom-server.browser.development.js:6115:11)
    at renderNodeDestructive (file://C:\Users\stani\projects\stammbaum\node_modules\react-dom\cjs\react-dom-server.browser.development.js:6087:14)
    at finishClassComponent (file://C:\Users\stani\projects\stammbaum\node_modules\react-dom\cjs\react-dom-server.browser.development.js:5688:3)
    at renderClassComponent (file://C:\Users\stani\projects\stammbaum\node_modules\react-dom\cjs\react-dom-server.browser.development.js:5696:3)
    at renderElement (file://C:\Users\stani\projects\stammbaum\node_modules\react-dom\cjs\react-dom-server.browser.development.js:5954:7)
    at renderNodeDestructiveImpl (file://C:\Users\stani\projects\stammbaum\node_modules\react-dom\cjs\react-dom-server.browser.development.js:6115:11)
    at renderNodeDestructive (file://C:\Users\stani\projects\stammbaum\node_modules\react-dom\cjs\react-dom-server.browser.development.js:6087:14)
    at renderNode (file://C:\Users\stani\projects\stammbaum\node_modules\react-dom\cjs\react-dom-server.browser.development.js:6270:12)
    at renderChildrenArray (file://C:\Users\stani\projects\stammbaum\node_modules\react-dom\cjs\react-dom-server.browser.development.js:6222:7)
    at renderNodeDestructiveImpl (file://C:\Users\stani\projects\stammbaum\node_modules\react-dom\cjs\react-dom-server.browser.development.js:6152:7)
    at renderNodeDestructive (file://C:\Users\stani\projects\stammbaum\node_modules\react-dom\cjs\react-dom-server.browser.development.js:6087:14)
    at renderNode (file://C:\Users\stani\projects\stammbaum\node_modules\react-dom\cjs\react-dom-server.browser.development.js:6270:12)
    at renderHostElement (file://C:\Users\stani\projects\stammbaum\node_modules\react-dom\cjs\react-dom-server.browser.development.js:5642:3)
    at renderElement (file://C:\Users\stani\projects\stammbaum\node_modules\react-dom\cjs\react-dom-server.browser.development.js:5963:5)
    at renderNodeDestructiveImpl (file://C:\Users\stani\projects\stammbaum\node_modules\react-dom\cjs\react-dom-server.browser.development.js:6115:11)
    at renderNodeDestructive (file://C:\Users\stani\projects\stammbaum\node_modules\react-dom\cjs\react-dom-server.browser.development.js:6087:14)
    at renderForwardRef (file://C:\Users\stani\projects\stammbaum\node_modules\react-dom\cjs\react-dom-server.browser.development.js:5870:5)
    at renderElement (file://C:\Users\stani\projects\stammbaum\node_modules\react-dom\cjs\react-dom-server.browser.development.js:6016:11)
    at renderNodeDestructiveImpl (file://C:\Users\stani\projects\stammbaum\node_modules\react-dom\cjs\react-dom-server.browser.development.js:6115:11)
    at renderNodeDestructive (file://C:\Users\stani\projects\stammbaum\node_modules\react-dom\cjs\react-dom-server.browser.development.js:6087:14)
    at renderIndeterminateComponent (file://C:\Users\stani\projects\stammbaum\node_modules\react-dom\cjs\react-dom-server.browser.development.js:5786:7)
    at renderElement (file://C:\Users\stani\projects\stammbaum\node_modules\react-dom\cjs\react-dom-server.browser.development.js:5957:7)
    at renderNodeDestructiveImpl (file://C:\Users\stani\projects\stammbaum\node_modules\react-dom\cjs\react-dom-server.browser.development.js:6115:11)
    at renderNodeDestructive (file://C:\Users\stani\projects\stammbaum\node_modules\react-dom\cjs\react-dom-server.browser.development.js:6087:14)
    at renderNode (file://C:\Users\stani\projects\stammbaum\node_modules\react-dom\cjs\react-dom-server.browser.development.js:6270:12)
    at renderHostElement (file://C:\Users\stani\projects\stammbaum\node_modules\react-dom\cjs\react-dom-server.browser.development.js:5642:3)
    at renderElement (file://C:\Users\stani\projects\stammbaum\node_modules\react-dom\cjs\react-dom-server.browser.development.js:5963:5)
    at renderNodeDestructiveImpl (file://C:\Users\stani\projects\stammbaum\node_modules\react-dom\cjs\react-dom-server.browser.development.js:6115:11)
    at renderNodeDestructive (file://C:\Users\stani\projects\stammbaum\node_modules\react-dom\cjs\react-dom-server.browser.development.js:6087:14)
    at renderNode (file://C:\Users\stani\projects\stammbaum\node_modules\react-dom\cjs\react-dom-server.browser.development.js:6270:12)
    at renderChildrenArray (file://C:\Users\stani\projects\stammbaum\node_modules\react-dom\cjs\react-dom-server.browser.development.js:6222:7)
    at renderNodeDestructiveImpl (file://C:\Users\stani\projects\stammbaum\node_modules\react-dom\cjs\react-dom-server.browser.development.js:6152:7)
    at renderNodeDestructive (file://C:\Users\stani\projects\stammbaum\node_modules\react-dom\cjs\react-dom-server.browser.development.js:6087:14)
[ 8754540ms] [LOG] [HMR] connected @ http://localhost:3000/_next/static/chunks/node_modules_next_dist_0bc8q4g._.js:1233
[ 8772504ms] [WARNING] [Fast Refresh] performing full reload because your application had an unrecoverable error @ http://localhost:3000/_next/static/chunks/node_modules_next_dist_0bc8q4g._.js:1233
[ 8772551ms] [LOG] [Fast Refresh] rebuilding @ http://localhost:3000/_next/static/chunks/node_modules_next_dist_0bc8q4g._.js:1233
[ 8772554ms] [LOG] [Fast Refresh] done in 85ms @ http://localhost:3000/_next/static/chunks/node_modules_next_dist_0bc8q4g._.js:1233
[ 8772673ms] [LOG] [Fast Refresh] rebuilding @ http://localhost:3000/_next/static/chunks/node_modules_next_dist_0bc8q4g._.js:1233
[ 8772824ms] [LOG] [Fast Refresh] done in 259ms @ http://localhost:3000/_next/static/chunks/node_modules_next_dist_0bc8q4g._.js:1233
[ 8772882ms] [ERROR] Failed to load resource: the server responded with a status of 500 (Internal Server Error) @ http://localhost:3000/login:0
[ 8772948ms] [INFO] %cDownload the React DevTools for a better development experience: https://reactjs.org/link/react-devtools font-weight:bold @ http://localhost:3000/_next/static/chunks/node_modules_react-dom_cjs_react-dom_development_07i0ttg.js:25055
[ 8772976ms] ReferenceError: Input is not defined
    at LoginPage (file://C:\Users\stani\projects\stammbaum\.next\dev\server\chunks\ssr\[root-of-the-server]__0dx.6-p._.js:2049:216)
    at renderWithHooks (file://C:\Users\stani\projects\stammbaum\node_modules\react-dom\cjs\react-dom-server.browser.development.js:5658:16)
    at renderIndeterminateComponent (file://C:\Users\stani\projects\stammbaum\node_modules\react-dom\cjs\react-dom-server.browser.development.js:5732:15)
    at renderElement (file://C:\Users\stani\projects\stammbaum\node_modules\react-dom\cjs\react-dom-server.browser.development.js:5957:7)
    at renderNodeDestructiveImpl (file://C:\Users\stani\projects\stammbaum\node_modules\react-dom\cjs\react-dom-server.browser.development.js:6115:11)
    at renderNodeDestructive (file://C:\Users\stani\projects\stammbaum\node_modules\react-dom\cjs\react-dom-server.browser.development.js:6087:14)
    at renderContextProvider (file://C:\Users\stani\projects\stammbaum\node_modules\react-dom\cjs\react-dom-server.browser.development.js:5931:3)
    at renderElement (file://C:\Users\stani\projects\stammbaum\node_modules\react-dom\cjs\react-dom-server.browser.development.js:6028:11)
    at renderNodeDestructiveImpl (file://C:\Users\stani\projects\stammbaum\node_modules\react-dom\cjs\react-dom-server.browser.development.js:6115:11)
    at renderNodeDestructive (file://C:\Users\stani\projects\stammbaum\node_modules\react-dom\cjs\react-dom-server.browser.development.js:6087:14)
    at finishClassComponent (file://C:\Users\stani\projects\stammbaum\node_modules\react-dom\cjs\react-dom-server.browser.development.js:5688:3)
    at renderClassComponent (file://C:\Users\stani\projects\stammbaum\node_modules\react-dom\cjs\react-dom-server.browser.development.js:5696:3)
    at renderElement (file://C:\Users\stani\projects\stammbaum\node_modules\react-dom\cjs\react-dom-server.browser.development.js:5954:7)
    at renderNodeDestructiveImpl (file://C:\Users\stani\projects\stammbaum\node_modules\react-dom\cjs\react-dom-server.browser.development.js:6115:11)
    at renderNodeDestructive (file://C:\Users\stani\projects\stammbaum\node_modules\react-dom\cjs\react-dom-server.browser.development.js:6087:14)
    at renderContextProvider (file://C:\Users\stani\projects\stammbaum\node_modules\react-dom\cjs\react-dom-server.browser.development.js:5931:3)
    at renderElement (file://C:\Users\stani\projects\stammbaum\node_modules\react-dom\cjs\react-dom-server.browser.development.js:6028:11)
    at renderNodeDestructiveImpl (file://C:\Users\stani\projects\stammbaum\node_modules\react-dom\cjs\react-dom-server.browser.development.js:6115:11)
    at renderNodeDestructive (file://C:\Users\stani\projects\stammbaum\node_modules\react-dom\cjs\react-dom-server.browser.development.js:6087:14)
    at finishClassComponent (file://C:\Users\stani\projects\stammbaum\node_modules\react-dom\cjs\react-dom-server.browser.development.js:5688:3)
    at renderClassComponent (file://C:\Users\stani\projects\stammbaum\node_modules\react-dom\cjs\react-dom-server.browser.development.js:5696:3)
    at renderElement (file://C:\Users\stani\projects\stammbaum\node_modules\react-dom\cjs\react-dom-server.browser.development.js:5954:7)
    at renderNodeDestructiveImpl (file://C:\Users\stani\projects\stammbaum\node_modules\react-dom\cjs\react-dom-server.browser.development.js:6115:11)
    at renderNodeDestructive (file://C:\Users\stani\projects\stammbaum\node_modules\react-dom\cjs\react-dom-server.browser.development.js:6087:14)
    at renderNode (file://C:\Users\stani\projects\stammbaum\node_modules\react-dom\cjs\react-dom-server.browser.development.js:6270:12)
    at renderChildrenArray (file://C:\Users\stani\projects\stammbaum\node_modules\react-dom\cjs\react-dom-server.browser.development.js:6222:7)
    at renderNodeDestructiveImpl (file://C:\Users\stani\projects\stammbaum\node_modules\react-dom\cjs\react-dom-server.browser.development.js:6152:7)
    at renderNodeDestructive (file://C:\Users\stani\projects\stammbaum\node_modules\react-dom\cjs\react-dom-server.browser.development.js:6087:14)
    at renderNode (file://C:\Users\stani\projects\stammbaum\node_modules\react-dom\cjs\react-dom-server.browser.development.js:6270:12)
    at renderHostElement (file://C:\Users\stani\projects\stammbaum\node_modules\react-dom\cjs\react-dom-server.browser.development.js:5642:3)
    at renderElement (file://C:\Users\stani\projects\stammbaum\node_modules\react-dom\cjs\react-dom-server.browser.development.js:5963:5)
    at renderNodeDestructiveImpl (file://C:\Users\stani\projects\stammbaum\node_modules\react-dom\cjs\react-dom-server.browser.development.js:6115:11)
    at renderNodeDestructive (file://C:\Users\stani\projects\stammbaum\node_modules\react-dom\cjs\react-dom-server.browser.development.js:6087:14)
    at renderForwardRef (file://C:\Users\stani\projects\stammbaum\node_modules\react-dom\cjs\react-dom-server.browser.development.js:5870:5)
    at renderElement (file://C:\Users\stani\projects\stammbaum\node_modules\react-dom\cjs\react-dom-server.browser.development.js:6016:11)
    at renderNodeDestructiveImpl (file://C:\Users\stani\projects\stammbaum\node_modules\react-dom\cjs\react-dom-server.browser.development.js:6115:11)
    at renderNodeDestructive (file://C:\Users\stani\projects\stammbaum\node_modules\react-dom\cjs\react-dom-server.browser.development.js:6087:14)
    at renderIndeterminateComponent (file://C:\Users\stani\projects\stammbaum\node_modules\react-dom\cjs\react-dom-server.browser.development.js:5786:7)
    at renderElement (file://C:\Users\stani\projects\stammbaum\node_modules\react-dom\cjs\react-dom-server.browser.development.js:5957:7)
    at renderNodeDestructiveImpl (file://C:\Users\stani\projects\stammbaum\node_modules\react-dom\cjs\react-dom-server.browser.development.js:6115:11)
    at renderNodeDestructive (file://C:\Users\stani\projects\stammbaum\node_modules\react-dom\cjs\react-dom-server.browser.development.js:6087:14)
    at renderNode (file://C:\Users\stani\projects\stammbaum\node_modules\react-dom\cjs\react-dom-server.browser.development.js:6270:12)
    at renderHostElement (file://C:\Users\stani\projects\stammbaum\node_modules\react-dom\cjs\react-dom-server.browser.development.js:5642:3)
    at renderElement (file://C:\Users\stani\projects\stammbaum\node_modules\react-dom\cjs\react-dom-server.browser.development.js:5963:5)
    at renderNodeDestructiveImpl (file://C:\Users\stani\projects\stammbaum\node_modules\react-dom\cjs\react-dom-server.browser.development.js:6115:11)
    at renderNodeDestructive (file://C:\Users\stani\projects\stammbaum\node_modules\react-dom\cjs\react-dom-server.browser.development.js:6087:14)
    at renderNode (file://C:\Users\stani\projects\stammbaum\node_modules\react-dom\cjs\react-dom-server.browser.development.js:6270:12)
    at renderChildrenArray (file://C:\Users\stani\projects\stammbaum\node_modules\react-dom\cjs\react-dom-server.browser.development.js:6222:7)
    at renderNodeDestructiveImpl (file://C:\Users\stani\projects\stammbaum\node_modules\react-dom\cjs\react-dom-server.browser.development.js:6152:7)
    at renderNodeDestructive (file://C:\Users\stani\projects\stammbaum\node_modules\react-dom\cjs\react-dom-server.browser.development.js:6087:14)
[ 8772970ms] [LOG] [HMR] connected @ http://localhost:3000/_next/static/chunks/node_modules_next_dist_0bc8q4g._.js:1233
[ 8806199ms] [WARNING] [Fast Refresh] performing full reload because your application had an unrecoverable error @ http://localhost:3000/_next/static/chunks/node_modules_next_dist_0bc8q4g._.js:1233
[ 8806224ms] [LOG] [Fast Refresh] rebuilding @ http://localhost:3000/_next/static/chunks/node_modules_next_dist_0bc8q4g._.js:1233
[ 8806239ms] [LOG] [Fast Refresh] done in 52ms @ http://localhost:3000/_next/static/chunks/node_modules_next_dist_0bc8q4g._.js:1233
[ 8806343ms] [LOG] [Fast Refresh] rebuilding @ http://localhost:3000/_next/static/chunks/node_modules_next_dist_0bc8q4g._.js:1233
[ 8806423ms] [LOG] [Fast Refresh] done in 183ms @ http://localhost:3000/_next/static/chunks/node_modules_next_dist_0bc8q4g._.js:1233
[ 8806482ms] [ERROR] Failed to load resource: the server responded with a status of 500 (Internal Server Error) @ http://localhost:3000/login:0
[ 8806521ms] [INFO] %cDownload the React DevTools for a better development experience: https://reactjs.org/link/react-devtools font-weight:bold @ http://localhost:3000/_next/static/chunks/node_modules_react-dom_cjs_react-dom_development_07i0ttg.js:25055
[ 8806543ms] ReferenceError: Input is not defined
    at LoginPage (file://C:\Users\stani\projects\stammbaum\.next\dev\server\chunks\ssr\[root-of-the-server]__0dx.6-p._.js:2053:216)
    at renderWithHooks (file://C:\Users\stani\projects\stammbaum\node_modules\react-dom\cjs\react-dom-server.browser.development.js:5658:16)
    at renderIndeterminateComponent (file://C:\Users\stani\projects\stammbaum\node_modules\react-dom\cjs\react-dom-server.browser.development.js:5732:15)
    at renderElement (file://C:\Users\stani\projects\stammbaum\node_modules\react-dom\cjs\react-dom-server.browser.development.js:5957:7)
    at renderNodeDestructiveImpl (file://C:\Users\stani\projects\stammbaum\node_modules\react-dom\cjs\react-dom-server.browser.development.js:6115:11)
    at renderNodeDestructive (file://C:\Users\stani\projects\stammbaum\node_modules\react-dom\cjs\react-dom-server.browser.development.js:6087:14)
    at renderContextProvider (file://C:\Users\stani\projects\stammbaum\node_modules\react-dom\cjs\react-dom-server.browser.development.js:5931:3)
    at renderElement (file://C:\Users\stani\projects\stammbaum\node_modules\react-dom\cjs\react-dom-server.browser.development.js:6028:11)
    at renderNodeDestructiveImpl (file://C:\Users\stani\projects\stammbaum\node_modules\react-dom\cjs\react-dom-server.browser.development.js:6115:11)
    at renderNodeDestructive (file://C:\Users\stani\projects\stammbaum\node_modules\react-dom\cjs\react-dom-server.browser.development.js:6087:14)
    at finishClassComponent (file://C:\Users\stani\projects\stammbaum\node_modules\react-dom\cjs\react-dom-server.browser.development.js:5688:3)
    at renderClassComponent (file://C:\Users\stani\projects\stammbaum\node_modules\react-dom\cjs\react-dom-server.browser.development.js:5696:3)
    at renderElement (file://C:\Users\stani\projects\stammbaum\node_modules\react-dom\cjs\react-dom-server.browser.development.js:5954:7)
    at renderNodeDestructiveImpl (file://C:\Users\stani\projects\stammbaum\node_modules\react-dom\cjs\react-dom-server.browser.development.js:6115:11)
    at renderNodeDestructive (file://C:\Users\stani\projects\stammbaum\node_modules\react-dom\cjs\react-dom-server.browser.development.js:6087:14)
    at renderContextProvider (file://C:\Users\stani\projects\stammbaum\node_modules\react-dom\cjs\react-dom-server.browser.development.js:5931:3)
    at renderElement (file://C:\Users\stani\projects\stammbaum\node_modules\react-dom\cjs\react-dom-server.browser.development.js:6028:11)
    at renderNodeDestructiveImpl (file://C:\Users\stani\projects\stammbaum\node_modules\react-dom\cjs\react-dom-server.browser.development.js:6115:11)
    at renderNodeDestructive (file://C:\Users\stani\projects\stammbaum\node_modules\react-dom\cjs\react-dom-server.browser.development.js:6087:14)
    at finishClassComponent (file://C:\Users\stani\projects\stammbaum\node_modules\react-dom\cjs\react-dom-server.browser.development.js:5688:3)
    at renderClassComponent (file://C:\Users\stani\projects\stammbaum\node_modules\react-dom\cjs\react-dom-server.browser.development.js:5696:3)
    at renderElement (file://C:\Users\stani\projects\stammbaum\node_modules\react-dom\cjs\react-dom-server.browser.development.js:5954:7)
    at renderNodeDestructiveImpl (file://C:\Users\stani\projects\stammbaum\node_modules\react-dom\cjs\react-dom-server.browser.development.js:6115:11)
    at renderNodeDestructive (file://C:\Users\stani\projects\stammbaum\node_modules\react-dom\cjs\react-dom-server.browser.development.js:6087:14)
    at renderNode (file://C:\Users\stani\projects\stammbaum\node_modules\react-dom\cjs\react-dom-server.browser.development.js:6270:12)
    at renderChildrenArray (file://C:\Users\stani\projects\stammbaum\node_modules\react-dom\cjs\react-dom-server.browser.development.js:6222:7)
    at renderNodeDestructiveImpl (file://C:\Users\stani\projects\stammbaum\node_modules\react-dom\cjs\react-dom-server.browser.development.js:6152:7)
    at renderNodeDestructive (file://C:\Users\stani\projects\stammbaum\node_modules\react-dom\cjs\react-dom-server.browser.development.js:6087:14)
    at renderNode (file://C:\Users\stani\projects\stammbaum\node_modules\react-dom\cjs\react-dom-server.browser.development.js:6270:12)
    at renderHostElement (file://C:\Users\stani\projects\stammbaum\node_modules\react-dom\cjs\react-dom-server.browser.development.js:5642:3)
    at renderElement (file://C:\Users\stani\projects\stammbaum\node_modules\react-dom\cjs\react-dom-server.browser.development.js:5963:5)
    at renderNodeDestructiveImpl (file://C:\Users\stani\projects\stammbaum\node_modules\react-dom\cjs\react-dom-server.browser.development.js:6115:11)
    at renderNodeDestructive (file://C:\Users\stani\projects\stammbaum\node_modules\react-dom\cjs\react-dom-server.browser.development.js:6087:14)
    at renderForwardRef (file://C:\Users\stani\projects\stammbaum\node_modules\react-dom\cjs\react-dom-server.browser.development.js:5870:5)
    at renderElement (file://C:\Users\stani\projects\stammbaum\node_modules\react-dom\cjs\react-dom-server.browser.development.js:6016:11)
    at renderNodeDestructiveImpl (file://C:\Users\stani\projects\stammbaum\node_modules\react-dom\cjs\react-dom-server.browser.development.js:6115:11)
    at renderNodeDestructive (file://C:\Users\stani\projects\stammbaum\node_modules\react-dom\cjs\react-dom-server.browser.development.js:6087:14)
    at renderIndeterminateComponent (file://C:\Users\stani\projects\stammbaum\node_modules\react-dom\cjs\react-dom-server.browser.development.js:5786:7)
    at renderElement (file://C:\Users\stani\projects\stammbaum\node_modules\react-dom\cjs\react-dom-server.browser.development.js:5957:7)
    at renderNodeDestructiveImpl (file://C:\Users\stani\projects\stammbaum\node_modules\react-dom\cjs\react-dom-server.browser.development.js:6115:11)
    at renderNodeDestructive (file://C:\Users\stani\projects\stammbaum\node_modules\react-dom\cjs\react-dom-server.browser.development.js:6087:14)
    at renderNode (file://C:\Users\stani\projects\stammbaum\node_modules\react-dom\cjs\react-dom-server.browser.development.js:6270:12)
    at renderHostElement (file://C:\Users\stani\projects\stammbaum\node_modules\react-dom\cjs\react-dom-server.browser.development.js:5642:3)
    at renderElement (file://C:\Users\stani\projects\stammbaum\node_modules\react-dom\cjs\react-dom-server.browser.development.js:5963:5)
    at renderNodeDestructiveImpl (file://C:\Users\stani\projects\stammbaum\node_modules\react-dom\cjs\react-dom-server.browser.development.js:6115:11)
    at renderNodeDestructive (file://C:\Users\stani\projects\stammbaum\node_modules\react-dom\cjs\react-dom-server.browser.development.js:6087:14)
    at renderNode (file://C:\Users\stani\projects\stammbaum\node_modules\react-dom\cjs\react-dom-server.browser.development.js:6270:12)
    at renderChildrenArray (file://C:\Users\stani\projects\stammbaum\node_modules\react-dom\cjs\react-dom-server.browser.development.js:6222:7)
    at renderNodeDestructiveImpl (file://C:\Users\stani\projects\stammbaum\node_modules\react-dom\cjs\react-dom-server.browser.development.js:6152:7)
    at renderNodeDestructive (file://C:\Users\stani\projects\stammbaum\node_modules\react-dom\cjs\react-dom-server.browser.development.js:6087:14)
[ 8806544ms] [LOG] [HMR] connected @ http://localhost:3000/_next/static/chunks/node_modules_next_dist_0bc8q4g._.js:1233
[ 8806665ms] [LOG] [Fast Refresh] rebuilding @ http://localhost:3000/_next/static/chunks/node_modules_next_dist_0bc8q4g._.js:1233
[ 8807733ms] [LOG] [Fast Refresh] done in 1172ms @ http://localhost:3000/_next/static/chunks/node_modules_next_dist_0bc8q4g._.js:1233
[ 8812258ms] [WARNING] [Fast Refresh] performing full reload because your application had an unrecoverable error @ http://localhost:3000/_next/static/chunks/node_modules_next_dist_0bc8q4g._.js:1233
[ 8812313ms] [LOG] [Fast Refresh] rebuilding @ http://localhost:3000/_next/static/chunks/node_modules_next_dist_0bc8q4g._.js:1233
[ 8812326ms] [WARNING] [Fast Refresh] performing full reload because your application had an unrecoverable error @ http://localhost:3000/_next/static/chunks/node_modules_next_dist_0bc8q4g._.js:1233
[ 8812329ms] [LOG] [Fast Refresh] done in 113ms @ http://localhost:3000/_next/static/chunks/node_modules_next_dist_0bc8q4g._.js:1233
[ 8812441ms] [LOG] [Fast Refresh] rebuilding @ http://localhost:3000/_next/static/chunks/node_modules_next_dist_0bc8q4g._.js:1233
[ 8812599ms] [LOG] [Fast Refresh] done in 265ms @ http://localhost:3000/_next/static/chunks/node_modules_next_dist_0bc8q4g._.js:1233
[ 8812655ms] [ERROR] Failed to load resource: the server responded with a status of 500 (Internal Server Error) @ http://localhost:3000/login:0
[ 8812708ms] [INFO] %cDownload the React DevTools for a better development experience: https://reactjs.org/link/react-devtools font-weight:bold @ http://localhost:3000/_next/static/chunks/node_modules_react-dom_cjs_react-dom_development_07i0ttg.js:25055
[ 8812733ms] ReferenceError: Input is not defined
    at LoginPage (file://C:\Users\stani\projects\stammbaum\.next\dev\server\chunks\ssr\[root-of-the-server]__0dx.6-p._.js:2053:216)
    at renderWithHooks (file://C:\Users\stani\projects\stammbaum\node_modules\react-dom\cjs\react-dom-server.browser.development.js:5658:16)
    at renderIndeterminateComponent (file://C:\Users\stani\projects\stammbaum\node_modules\react-dom\cjs\react-dom-server.browser.development.js:5732:15)
    at renderElement (file://C:\Users\stani\projects\stammbaum\node_modules\react-dom\cjs\react-dom-server.browser.development.js:5957:7)
    at renderNodeDestructiveImpl (file://C:\Users\stani\projects\stammbaum\node_modules\react-dom\cjs\react-dom-server.browser.development.js:6115:11)
    at renderNodeDestructive (file://C:\Users\stani\projects\stammbaum\node_modules\react-dom\cjs\react-dom-server.browser.development.js:6087:14)
    at renderContextProvider (file://C:\Users\stani\projects\stammbaum\node_modules\react-dom\cjs\react-dom-server.browser.development.js:5931:3)
    at renderElement (file://C:\Users\stani\projects\stammbaum\node_modules\react-dom\cjs\react-dom-server.browser.development.js:6028:11)
    at renderNodeDestructiveImpl (file://C:\Users\stani\projects\stammbaum\node_modules\react-dom\cjs\react-dom-server.browser.development.js:6115:11)
    at renderNodeDestructive (file://C:\Users\stani\projects\stammbaum\node_modules\react-dom\cjs\react-dom-server.browser.development.js:6087:14)
    at finishClassComponent (file://C:\Users\stani\projects\stammbaum\node_modules\react-dom\cjs\react-dom-server.browser.development.js:5688:3)
    at renderClassComponent (file://C:\Users\stani\projects\stammbaum\node_modules\react-dom\cjs\react-dom-server.browser.development.js:5696:3)
    at renderElement (file://C:\Users\stani\projects\stammbaum\node_modules\react-dom\cjs\react-dom-server.browser.development.js:5954:7)
    at renderNodeDestructiveImpl (file://C:\Users\stani\projects\stammbaum\node_modules\react-dom\cjs\react-dom-server.browser.development.js:6115:11)
    at renderNodeDestructive (file://C:\Users\stani\projects\stammbaum\node_modules\react-dom\cjs\react-dom-server.browser.development.js:6087:14)
    at renderContextProvider (file://C:\Users\stani\projects\stammbaum\node_modules\react-dom\cjs\react-dom-server.browser.development.js:5931:3)
    at renderElement (file://C:\Users\stani\projects\stammbaum\node_modules\react-dom\cjs\react-dom-server.browser.development.js:6028:11)
    at renderNodeDestructiveImpl (file://C:\Users\stani\projects\stammbaum\node_modules\react-dom\cjs\react-dom-server.browser.development.js:6115:11)
    at renderNodeDestructive (file://C:\Users\stani\projects\stammbaum\node_modules\react-dom\cjs\react-dom-server.browser.development.js:6087:14)
    at finishClassComponent (file://C:\Users\stani\projects\stammbaum\node_modules\react-dom\cjs\react-dom-server.browser.development.js:5688:3)
    at renderClassComponent (file://C:\Users\stani\projects\stammbaum\node_modules\react-dom\cjs\react-dom-server.browser.development.js:5696:3)
    at renderElement (file://C:\Users\stani\projects\stammbaum\node_modules\react-dom\cjs\react-dom-server.browser.development.js:5954:7)
    at renderNodeDestructiveImpl (file://C:\Users\stani\projects\stammbaum\node_modules\react-dom\cjs\react-dom-server.browser.development.js:6115:11)
    at renderNodeDestructive (file://C:\Users\stani\projects\stammbaum\node_modules\react-dom\cjs\react-dom-server.browser.development.js:6087:14)
    at renderNode (file://C:\Users\stani\projects\stammbaum\node_modules\react-dom\cjs\react-dom-server.browser.development.js:6270:12)
    at renderChildrenArray (file://C:\Users\stani\projects\stammbaum\node_modules\react-dom\cjs\react-dom-server.browser.development.js:6222:7)
    at renderNodeDestructiveImpl (file://C:\Users\stani\projects\stammbaum\node_modules\react-dom\cjs\react-dom-server.browser.development.js:6152:7)
    at renderNodeDestructive (file://C:\Users\stani\projects\stammbaum\node_modules\react-dom\cjs\react-dom-server.browser.development.js:6087:14)
    at renderNode (file://C:\Users\stani\projects\stammbaum\node_modules\react-dom\cjs\react-dom-server.browser.development.js:6270:12)
    at renderHostElement (file://C:\Users\stani\projects\stammbaum\node_modules\react-dom\cjs\react-dom-server.browser.development.js:5642:3)
    at renderElement (file://C:\Users\stani\projects\stammbaum\node_modules\react-dom\cjs\react-dom-server.browser.development.js:5963:5)
    at renderNodeDestructiveImpl (file://C:\Users\stani\projects\stammbaum\node_modules\react-dom\cjs\react-dom-server.browser.development.js:6115:11)
    at renderNodeDestructive (file://C:\Users\stani\projects\stammbaum\node_modules\react-dom\cjs\react-dom-server.browser.development.js:6087:14)
    at renderForwardRef (file://C:\Users\stani\projects\stammbaum\node_modules\react-dom\cjs\react-dom-server.browser.development.js:5870:5)
    at renderElement (file://C:\Users\stani\projects\stammbaum\node_modules\react-dom\cjs\react-dom-server.browser.development.js:6016:11)
    at renderNodeDestructiveImpl (file://C:\Users\stani\projects\stammbaum\node_modules\react-dom\cjs\react-dom-server.browser.development.js:6115:11)
    at renderNodeDestructive (file://C:\Users\stani\projects\stammbaum\node_modules\react-dom\cjs\react-dom-server.browser.development.js:6087:14)
    at renderIndeterminateComponent (file://C:\Users\stani\projects\stammbaum\node_modules\react-dom\cjs\react-dom-server.browser.development.js:5786:7)
    at renderElement (file://C:\Users\stani\projects\stammbaum\node_modules\react-dom\cjs\react-dom-server.browser.development.js:5957:7)
    at renderNodeDestructiveImpl (file://C:\Users\stani\projects\stammbaum\node_modules\react-dom\cjs\react-dom-server.browser.development.js:6115:11)
    at renderNodeDestructive (file://C:\Users\stani\projects\stammbaum\node_modules\react-dom\cjs\react-dom-server.browser.development.js:6087:14)
    at renderNode (file://C:\Users\stani\projects\stammbaum\node_modules\react-dom\cjs\react-dom-server.browser.development.js:6270:12)
    at renderHostElement (file://C:\Users\stani\projects\stammbaum\node_modules\react-dom\cjs\react-dom-server.browser.development.js:5642:3)
    at renderElement (file://C:\Users\stani\projects\stammbaum\node_modules\react-dom\cjs\react-dom-server.browser.development.js:5963:5)
    at renderNodeDestructiveImpl (file://C:\Users\stani\projects\stammbaum\node_modules\react-dom\cjs\react-dom-server.browser.development.js:6115:11)
    at renderNodeDestructive (file://C:\Users\stani\projects\stammbaum\node_modules\react-dom\cjs\react-dom-server.browser.development.js:6087:14)
    at renderNode (file://C:\Users\stani\projects\stammbaum\node_modules\react-dom\cjs\react-dom-server.browser.development.js:6270:12)
    at renderChildrenArray (file://C:\Users\stani\projects\stammbaum\node_modules\react-dom\cjs\react-dom-server.browser.development.js:6222:7)
    at renderNodeDestructiveImpl (file://C:\Users\stani\projects\stammbaum\node_modules\react-dom\cjs\react-dom-server.browser.development.js:6152:7)
    at renderNodeDestructive (file://C:\Users\stani\projects\stammbaum\node_modules\react-dom\cjs\react-dom-server.browser.development.js:6087:14)
[ 8812734ms] [LOG] [HMR] connected @ http://localhost:3000/_next/static/chunks/node_modules_next_dist_0bc8q4g._.js:1233
[ 8813679ms] [LOG] [Fast Refresh] rebuilding @ http://localhost:3000/_next/static/chunks/node_modules_next_dist_0bc8q4g._.js:1233
[ 8813686ms] [WARNING] [Fast Refresh] performing full reload because your application had an unrecoverable error @ http://localhost:3000/_next/static/chunks/node_modules_next_dist_0bc8q4g._.js:1233
[ 8813691ms] [WARNING] [Fast Refresh] performing full reload because your application had an unrecoverable error @ http://localhost:3000/_next/static/chunks/node_modules_next_dist_0bc8q4g._.js:1233
[ 8813695ms] [LOG] [Fast Refresh] done in 129ms @ http://localhost:3000/_next/static/chunks/node_modules_next_dist_0bc8q4g._.js:1233
[ 8813804ms] [LOG] [Fast Refresh] rebuilding @ http://localhost:3000/_next/static/chunks/node_modules_next_dist_0bc8q4g._.js:1233
[ 8813910ms] [LOG] [Fast Refresh] done in 213ms @ http://localhost:3000/_next/static/chunks/node_modules_next_dist_0bc8q4g._.js:1233
[ 8814753ms] [ERROR] Failed to load resource: the server responded with a status of 500 (Internal Server Error) @ http://localhost:3000/login:0
[ 8814782ms] [INFO] %cDownload the React DevTools for a better development experience: https://reactjs.org/link/react-devtools font-weight:bold @ http://localhost:3000/_next/static/chunks/node_modules_react-dom_cjs_react-dom_development_07i0ttg.js:25055
[ 8814799ms] ReferenceError: Input is not defined
    at LoginPage (file://C:\Users\stani\projects\stammbaum\.next\dev\server\chunks\ssr\[root-of-the-server]__0dx.6-p._.js:2053:216)
    at renderWithHooks (file://C:\Users\stani\projects\stammbaum\node_modules\react-dom\cjs\react-dom-server.browser.development.js:5658:16)
    at renderIndeterminateComponent (file://C:\Users\stani\projects\stammbaum\node_modules\react-dom\cjs\react-dom-server.browser.development.js:5732:15)
    at renderElement (file://C:\Users\stani\projects\stammbaum\node_modules\react-dom\cjs\react-dom-server.browser.development.js:5957:7)
    at renderNodeDestructiveImpl (file://C:\Users\stani\projects\stammbaum\node_modules\react-dom\cjs\react-dom-server.browser.development.js:6115:11)
    at renderNodeDestructive (file://C:\Users\stani\projects\stammbaum\node_modules\react-dom\cjs\react-dom-server.browser.development.js:6087:14)
    at renderContextProvider (file://C:\Users\stani\projects\stammbaum\node_modules\react-dom\cjs\react-dom-server.browser.development.js:5931:3)
    at renderElement (file://C:\Users\stani\projects\stammbaum\node_modules\react-dom\cjs\react-dom-server.browser.development.js:6028:11)
    at renderNodeDestructiveImpl (file://C:\Users\stani\projects\stammbaum\node_modules\react-dom\cjs\react-dom-server.browser.development.js:6115:11)
    at renderNodeDestructive (file://C:\Users\stani\projects\stammbaum\node_modules\react-dom\cjs\react-dom-server.browser.development.js:6087:14)
    at finishClassComponent (file://C:\Users\stani\projects\stammbaum\node_modules\react-dom\cjs\react-dom-server.browser.development.js:5688:3)
    at renderClassComponent (file://C:\Users\stani\projects\stammbaum\node_modules\react-dom\cjs\react-dom-server.browser.development.js:5696:3)
    at renderElement (file://C:\Users\stani\projects\stammbaum\node_modules\react-dom\cjs\react-dom-server.browser.development.js:5954:7)
    at renderNodeDestructiveImpl (file://C:\Users\stani\projects\stammbaum\node_modules\react-dom\cjs\react-dom-server.browser.development.js:6115:11)
    at renderNodeDestructive (file://C:\Users\stani\projects\stammbaum\node_modules\react-dom\cjs\react-dom-server.browser.development.js:6087:14)
    at renderContextProvider (file://C:\Users\stani\projects\stammbaum\node_modules\react-dom\cjs\react-dom-server.browser.development.js:5931:3)
    at renderElement (file://C:\Users\stani\projects\stammbaum\node_modules\react-dom\cjs\react-dom-server.browser.development.js:6028:11)
    at renderNodeDestructiveImpl (file://C:\Users\stani\projects\stammbaum\node_modules\react-dom\cjs\react-dom-server.browser.development.js:6115:11)
    at renderNodeDestructive (file://C:\Users\stani\projects\stammbaum\node_modules\react-dom\cjs\react-dom-server.browser.development.js:6087:14)
    at finishClassComponent (file://C:\Users\stani\projects\stammbaum\node_modules\react-dom\cjs\react-dom-server.browser.development.js:5688:3)
    at renderClassComponent (file://C:\Users\stani\projects\stammbaum\node_modules\react-dom\cjs\react-dom-server.browser.development.js:5696:3)
    at renderElement (file://C:\Users\stani\projects\stammbaum\node_modules\react-dom\cjs\react-dom-server.browser.development.js:5954:7)
    at renderNodeDestructiveImpl (file://C:\Users\stani\projects\stammbaum\node_modules\react-dom\cjs\react-dom-server.browser.development.js:6115:11)
    at renderNodeDestructive (file://C:\Users\stani\projects\stammbaum\node_modules\react-dom\cjs\react-dom-server.browser.development.js:6087:14)
    at renderNode (file://C:\Users\stani\projects\stammbaum\node_modules\react-dom\cjs\react-dom-server.browser.development.js:6270:12)
    at renderChildrenArray (file://C:\Users\stani\projects\stammbaum\node_modules\react-dom\cjs\react-dom-server.browser.development.js:6222:7)
    at renderNodeDestructiveImpl (file://C:\Users\stani\projects\stammbaum\node_modules\react-dom\cjs\react-dom-server.browser.development.js:6152:7)
    at renderNodeDestructive (file://C:\Users\stani\projects\stammbaum\node_modules\react-dom\cjs\react-dom-server.browser.development.js:6087:14)
    at renderNode (file://C:\Users\stani\projects\stammbaum\node_modules\react-dom\cjs\react-dom-server.browser.development.js:6270:12)
    at renderHostElement (file://C:\Users\stani\projects\stammbaum\node_modules\react-dom\cjs\react-dom-server.browser.development.js:5642:3)
    at renderElement (file://C:\Users\stani\projects\stammbaum\node_modules\react-dom\cjs\react-dom-server.browser.development.js:5963:5)
    at renderNodeDestructiveImpl (file://C:\Users\stani\projects\stammbaum\node_modules\react-dom\cjs\react-dom-server.browser.development.js:6115:11)
    at renderNodeDestructive (file://C:\Users\stani\projects\stammbaum\node_modules\react-dom\cjs\react-dom-server.browser.development.js:6087:14)
    at renderForwardRef (file://C:\Users\stani\projects\stammbaum\node_modules\react-dom\cjs\react-dom-server.browser.development.js:5870:5)
    at renderElement (file://C:\Users\stani\projects\stammbaum\node_modules\react-dom\cjs\react-dom-server.browser.development.js:6016:11)
    at renderNodeDestructiveImpl (file://C:\Users\stani\projects\stammbaum\node_modules\react-dom\cjs\react-dom-server.browser.development.js:6115:11)
    at renderNodeDestructive (file://C:\Users\stani\projects\stammbaum\node_modules\react-dom\cjs\react-dom-server.browser.development.js:6087:14)
    at renderIndeterminateComponent (file://C:\Users\stani\projects\stammbaum\node_modules\react-dom\cjs\react-dom-server.browser.development.js:5786:7)
    at renderElement (file://C:\Users\stani\projects\stammbaum\node_modules\react-dom\cjs\react-dom-server.browser.development.js:5957:7)
    at renderNodeDestructiveImpl (file://C:\Users\stani\projects\stammbaum\node_modules\react-dom\cjs\react-dom-server.browser.development.js:6115:11)
    at renderNodeDestructive (file://C:\Users\stani\projects\stammbaum\node_modules\react-dom\cjs\react-dom-server.browser.development.js:6087:14)
    at renderNode (file://C:\Users\stani\projects\stammbaum\node_modules\react-dom\cjs\react-dom-server.browser.development.js:6270:12)
    at renderHostElement (file://C:\Users\stani\projects\stammbaum\node_modules\react-dom\cjs\react-dom-server.browser.development.js:5642:3)
    at renderElement (file://C:\Users\stani\projects\stammbaum\node_modules\react-dom\cjs\react-dom-server.browser.development.js:5963:5)
    at renderNodeDestructiveImpl (file://C:\Users\stani\projects\stammbaum\node_modules\react-dom\cjs\react-dom-server.browser.development.js:6115:11)
    at renderNodeDestructive (file://C:\Users\stani\projects\stammbaum\node_modules\react-dom\cjs\react-dom-server.browser.development.js:6087:14)
    at renderNode (file://C:\Users\stani\projects\stammbaum\node_modules\react-dom\cjs\react-dom-server.browser.development.js:6270:12)
    at renderChildrenArray (file://C:\Users\stani\projects\stammbaum\node_modules\react-dom\cjs\react-dom-server.browser.development.js:6222:7)
    at renderNodeDestructiveImpl (file://C:\Users\stani\projects\stammbaum\node_modules\react-dom\cjs\react-dom-server.browser.development.js:6152:7)
    at renderNodeDestructive (file://C:\Users\stani\projects\stammbaum\node_modules\react-dom\cjs\react-dom-server.browser.development.js:6087:14)
[ 8814798ms] [LOG] [HMR] connected @ http://localhost:3000/_next/static/chunks/node_modules_next_dist_0bc8q4g._.js:1233
[ 8817205ms] [WARNING] [Fast Refresh] performing full reload because your application had an unrecoverable error @ http://localhost:3000/_next/static/chunks/node_modules_next_dist_0bc8q4g._.js:1233
[ 8817240ms] [LOG] [Fast Refresh] rebuilding @ http://localhost:3000/_next/static/chunks/node_modules_next_dist_0bc8q4g._.js:1233
[ 8817294ms] [WARNING] [Fast Refresh] performing full reload because your application had an unrecoverable error @ http://localhost:3000/_next/static/chunks/node_modules_next_dist_0bc8q4g._.js:1233
[ 8817298ms] [LOG] [Fast Refresh] done in 118ms @ http://localhost:3000/_next/static/chunks/node_modules_next_dist_0bc8q4g._.js:1233
[ 8817420ms] [LOG] [Fast Refresh] rebuilding @ http://localhost:3000/_next/static/chunks/node_modules_next_dist_0bc8q4g._.js:1233
[ 8817605ms] [LOG] [Fast Refresh] done in 295ms @ http://localhost:3000/_next/static/chunks/node_modules_next_dist_0bc8q4g._.js:1233
[ 8817687ms] [ERROR] Failed to load resource: the server responded with a status of 500 (Internal Server Error) @ http://localhost:3000/login:0
[ 8817748ms] [INFO] %cDownload the React DevTools for a better development experience: https://reactjs.org/link/react-devtools font-weight:bold @ http://localhost:3000/_next/static/chunks/node_modules_react-dom_cjs_react-dom_development_07i0ttg.js:25055
[ 8817777ms] ReferenceError: Input is not defined
    at LoginPage (file://C:\Users\stani\projects\stammbaum\.next\dev\server\chunks\ssr\[root-of-the-server]__0dx.6-p._.js:2053:216)
    at renderWithHooks (file://C:\Users\stani\projects\stammbaum\node_modules\react-dom\cjs\react-dom-server.browser.development.js:5658:16)
    at renderIndeterminateComponent (file://C:\Users\stani\projects\stammbaum\node_modules\react-dom\cjs\react-dom-server.browser.development.js:5732:15)
    at renderElement (file://C:\Users\stani\projects\stammbaum\node_modules\react-dom\cjs\react-dom-server.browser.development.js:5957:7)
    at renderNodeDestructiveImpl (file://C:\Users\stani\projects\stammbaum\node_modules\react-dom\cjs\react-dom-server.browser.development.js:6115:11)
    at renderNodeDestructive (file://C:\Users\stani\projects\stammbaum\node_modules\react-dom\cjs\react-dom-server.browser.development.js:6087:14)
    at renderContextProvider (file://C:\Users\stani\projects\stammbaum\node_modules\react-dom\cjs\react-dom-server.browser.development.js:5931:3)
    at renderElement (file://C:\Users\stani\projects\stammbaum\node_modules\react-dom\cjs\react-dom-server.browser.development.js:6028:11)
    at renderNodeDestructiveImpl (file://C:\Users\stani\projects\stammbaum\node_modules\react-dom\cjs\react-dom-server.browser.development.js:6115:11)
    at renderNodeDestructive (file://C:\Users\stani\projects\stammbaum\node_modules\react-dom\cjs\react-dom-server.browser.development.js:6087:14)
    at finishClassComponent (file://C:\Users\stani\projects\stammbaum\node_modules\react-dom\cjs\react-dom-server.browser.development.js:5688:3)
    at renderClassComponent (file://C:\Users\stani\projects\stammbaum\node_modules\react-dom\cjs\react-dom-server.browser.development.js:5696:3)
    at renderElement (file://C:\Users\stani\projects\stammbaum\node_modules\react-dom\cjs\react-dom-server.browser.development.js:5954:7)
    at renderNodeDestructiveImpl (file://C:\Users\stani\projects\stammbaum\node_modules\react-dom\cjs\react-dom-server.browser.development.js:6115:11)
    at renderNodeDestructive (file://C:\Users\stani\projects\stammbaum\node_modules\react-dom\cjs\react-dom-server.browser.development.js:6087:14)
    at renderContextProvider (file://C:\Users\stani\projects\stammbaum\node_modules\react-dom\cjs\react-dom-server.browser.development.js:5931:3)
    at renderElement (file://C:\Users\stani\projects\stammbaum\node_modules\react-dom\cjs\react-dom-server.browser.development.js:6028:11)
    at renderNodeDestructiveImpl (file://C:\Users\stani\projects\stammbaum\node_modules\react-dom\cjs\react-dom-server.browser.development.js:6115:11)
    at renderNodeDestructive (file://C:\Users\stani\projects\stammbaum\node_modules\react-dom\cjs\react-dom-server.browser.development.js:6087:14)
    at finishClassComponent (file://C:\Users\stani\projects\stammbaum\node_modules\react-dom\cjs\react-dom-server.browser.development.js:5688:3)
    at renderClassComponent (file://C:\Users\stani\projects\stammbaum\node_modules\react-dom\cjs\react-dom-server.browser.development.js:5696:3)
    at renderElement (file://C:\Users\stani\projects\stammbaum\node_modules\react-dom\cjs\react-dom-server.browser.development.js:5954:7)
    at renderNodeDestructiveImpl (file://C:\Users\stani\projects\stammbaum\node_modules\react-dom\cjs\react-dom-server.browser.development.js:6115:11)
    at renderNodeDestructive (file://C:\Users\stani\projects\stammbaum\node_modules\react-dom\cjs\react-dom-server.browser.development.js:6087:14)
    at renderNode (file://C:\Users\stani\projects\stammbaum\node_modules\react-dom\cjs\react-dom-server.browser.development.js:6270:12)
    at renderChildrenArray (file://C:\Users\stani\projects\stammbaum\node_modules\react-dom\cjs\react-dom-server.browser.development.js:6222:7)
    at renderNodeDestructiveImpl (file://C:\Users\stani\projects\stammbaum\node_modules\react-dom\cjs\react-dom-server.browser.development.js:6152:7)
    at renderNodeDestructive (file://C:\Users\stani\projects\stammbaum\node_modules\react-dom\cjs\react-dom-server.browser.development.js:6087:14)
    at renderNode (file://C:\Users\stani\projects\stammbaum\node_modules\react-dom\cjs\react-dom-server.browser.development.js:6270:12)
    at renderHostElement (file://C:\Users\stani\projects\stammbaum\node_modules\react-dom\cjs\react-dom-server.browser.development.js:5642:3)
    at renderElement (file://C:\Users\stani\projects\stammbaum\node_modules\react-dom\cjs\react-dom-server.browser.development.js:5963:5)
    at renderNodeDestructiveImpl (file://C:\Users\stani\projects\stammbaum\node_modules\react-dom\cjs\react-dom-server.browser.development.js:6115:11)
    at renderNodeDestructive (file://C:\Users\stani\projects\stammbaum\node_modules\react-dom\cjs\react-dom-server.browser.development.js:6087:14)
    at renderForwardRef (file://C:\Users\stani\projects\stammbaum\node_modules\react-dom\cjs\react-dom-server.browser.development.js:5870:5)
    at renderElement (file://C:\Users\stani\projects\stammbaum\node_modules\react-dom\cjs\react-dom-server.browser.development.js:6016:11)
    at renderNodeDestructiveImpl (file://C:\Users\stani\projects\stammbaum\node_modules\react-dom\cjs\react-dom-server.browser.development.js:6115:11)
    at renderNodeDestructive (file://C:\Users\stani\projects\stammbaum\node_modules\react-dom\cjs\react-dom-server.browser.development.js:6087:14)
    at renderIndeterminateComponent (file://C:\Users\stani\projects\stammbaum\node_modules\react-dom\cjs\react-dom-server.browser.development.js:5786:7)
    at renderElement (file://C:\Users\stani\projects\stammbaum\node_modules\react-dom\cjs\react-dom-server.browser.development.js:5957:7)
    at renderNodeDestructiveImpl (file://C:\Users\stani\projects\stammbaum\node_modules\react-dom\cjs\react-dom-server.browser.development.js:6115:11)
    at renderNodeDestructive (file://C:\Users\stani\projects\stammbaum\node_modules\react-dom\cjs\react-dom-server.browser.development.js:6087:14)
    at renderNode (file://C:\Users\stani\projects\stammbaum\node_modules\react-dom\cjs\react-dom-server.browser.development.js:6270:12)
    at renderHostElement (file://C:\Users\stani\projects\stammbaum\node_modules\react-dom\cjs\react-dom-server.browser.development.js:5642:3)
    at renderElement (file://C:\Users\stani\projects\stammbaum\node_modules\react-dom\cjs\react-dom-server.browser.development.js:5963:5)
    at renderNodeDestructiveImpl (file://C:\Users\stani\projects\stammbaum\node_modules\react-dom\cjs\react-dom-server.browser.development.js:6115:11)
    at renderNodeDestructive (file://C:\Users\stani\projects\stammbaum\node_modules\react-dom\cjs\react-dom-server.browser.development.js:6087:14)
    at renderNode (file://C:\Users\stani\projects\stammbaum\node_modules\react-dom\cjs\react-dom-server.browser.development.js:6270:12)
    at renderChildrenArray (file://C:\Users\stani\projects\stammbaum\node_modules\react-dom\cjs\react-dom-server.browser.development.js:6222:7)
    at renderNodeDestructiveImpl (file://C:\Users\stani\projects\stammbaum\node_modules\react-dom\cjs\react-dom-server.browser.development.js:6152:7)
    at renderNodeDestructive (file://C:\Users\stani\projects\stammbaum\node_modules\react-dom\cjs\react-dom-server.browser.development.js:6087:14)
[ 8817776ms] [LOG] [HMR] connected @ http://localhost:3000/_next/static/chunks/node_modules_next_dist_0bc8q4g._.js:1233
[ 8829213ms] [WARNING] [Fast Refresh] performing full reload because your application had an unrecoverable error @ http://localhost:3000/_next/static/chunks/node_modules_next_dist_0bc8q4g._.js:1233
[ 8829262ms] [LOG] [Fast Refresh] rebuilding @ http://localhost:3000/_next/static/chunks/node_modules_next_dist_0bc8q4g._.js:1233
[ 8829264ms] [LOG] [Fast Refresh] done in 86ms @ http://localhost:3000/_next/static/chunks/node_modules_next_dist_0bc8q4g._.js:1233
[ 8829372ms] [LOG] [Fast Refresh] rebuilding @ http://localhost:3000/_next/static/chunks/node_modules_next_dist_0bc8q4g._.js:1233
[ 8829602ms] [LOG] [Fast Refresh] done in 333ms @ http://localhost:3000/_next/static/chunks/node_modules_next_dist_0bc8q4g._.js:1233
[ 8829673ms] [ERROR] Failed to load resource: the server responded with a status of 500 (Internal Server Error) @ http://localhost:3000/login:0
[ 8829717ms] [INFO] %cDownload the React DevTools for a better development experience: https://reactjs.org/link/react-devtools font-weight:bold @ http://localhost:3000/_next/static/chunks/node_modules_react-dom_cjs_react-dom_development_07i0ttg.js:25055
[ 8829743ms] ReferenceError: Input is not defined
    at LoginPage (file://C:\Users\stani\projects\stammbaum\.next\dev\server\chunks\ssr\[root-of-the-server]__0dx.6-p._.js:2053:216)
    at renderWithHooks (file://C:\Users\stani\projects\stammbaum\node_modules\react-dom\cjs\react-dom-server.browser.development.js:5658:16)
    at renderIndeterminateComponent (file://C:\Users\stani\projects\stammbaum\node_modules\react-dom\cjs\react-dom-server.browser.development.js:5732:15)
    at renderElement (file://C:\Users\stani\projects\stammbaum\node_modules\react-dom\cjs\react-dom-server.browser.development.js:5957:7)
    at renderNodeDestructiveImpl (file://C:\Users\stani\projects\stammbaum\node_modules\react-dom\cjs\react-dom-server.browser.development.js:6115:11)
    at renderNodeDestructive (file://C:\Users\stani\projects\stammbaum\node_modules\react-dom\cjs\react-dom-server.browser.development.js:6087:14)
    at renderContextProvider (file://C:\Users\stani\projects\stammbaum\node_modules\react-dom\cjs\react-dom-server.browser.development.js:5931:3)
    at renderElement (file://C:\Users\stani\projects\stammbaum\node_modules\react-dom\cjs\react-dom-server.browser.development.js:6028:11)
    at renderNodeDestructiveImpl (file://C:\Users\stani\projects\stammbaum\node_modules\react-dom\cjs\react-dom-server.browser.development.js:6115:11)
    at renderNodeDestructive (file://C:\Users\stani\projects\stammbaum\node_modules\react-dom\cjs\react-dom-server.browser.development.js:6087:14)
    at finishClassComponent (file://C:\Users\stani\projects\stammbaum\node_modules\react-dom\cjs\react-dom-server.browser.development.js:5688:3)
    at renderClassComponent (file://C:\Users\stani\projects\stammbaum\node_modules\react-dom\cjs\react-dom-server.browser.development.js:5696:3)
    at renderElement (file://C:\Users\stani\projects\stammbaum\node_modules\react-dom\cjs\react-dom-server.browser.development.js:5954:7)
    at renderNodeDestructiveImpl (file://C:\Users\stani\projects\stammbaum\node_modules\react-dom\cjs\react-dom-server.browser.development.js:6115:11)
    at renderNodeDestructive (file://C:\Users\stani\projects\stammbaum\node_modules\react-dom\cjs\react-dom-server.browser.development.js:6087:14)
    at renderContextProvider (file://C:\Users\stani\projects\stammbaum\node_modules\react-dom\cjs\react-dom-server.browser.development.js:5931:3)
    at renderElement (file://C:\Users\stani\projects\stammbaum\node_modules\react-dom\cjs\react-dom-server.browser.development.js:6028:11)
    at renderNodeDestructiveImpl (file://C:\Users\stani\projects\stammbaum\node_modules\react-dom\cjs\react-dom-server.browser.development.js:6115:11)
    at renderNodeDestructive (file://C:\Users\stani\projects\stammbaum\node_modules\react-dom\cjs\react-dom-server.browser.development.js:6087:14)
    at finishClassComponent (file://C:\Users\stani\projects\stammbaum\node_modules\react-dom\cjs\react-dom-server.browser.development.js:5688:3)
    at renderClassComponent (file://C:\Users\stani\projects\stammbaum\node_modules\react-dom\cjs\react-dom-server.browser.development.js:5696:3)
    at renderElement (file://C:\Users\stani\projects\stammbaum\node_modules\react-dom\cjs\react-dom-server.browser.development.js:5954:7)
    at renderNodeDestructiveImpl (file://C:\Users\stani\projects\stammbaum\node_modules\react-dom\cjs\react-dom-server.browser.development.js:6115:11)
    at renderNodeDestructive (file://C:\Users\stani\projects\stammbaum\node_modules\react-dom\cjs\react-dom-server.browser.development.js:6087:14)
    at renderNode (file://C:\Users\stani\projects\stammbaum\node_modules\react-dom\cjs\react-dom-server.browser.development.js:6270:12)
    at renderChildrenArray (file://C:\Users\stani\projects\stammbaum\node_modules\react-dom\cjs\react-dom-server.browser.development.js:6222:7)
    at renderNodeDestructiveImpl (file://C:\Users\stani\projects\stammbaum\node_modules\react-dom\cjs\react-dom-server.browser.development.js:6152:7)
    at renderNodeDestructive (file://C:\Users\stani\projects\stammbaum\node_modules\react-dom\cjs\react-dom-server.browser.development.js:6087:14)
    at renderNode (file://C:\Users\stani\projects\stammbaum\node_modules\react-dom\cjs\react-dom-server.browser.development.js:6270:12)
    at renderHostElement (file://C:\Users\stani\projects\stammbaum\node_modules\react-dom\cjs\react-dom-server.browser.development.js:5642:3)
    at renderElement (file://C:\Users\stani\projects\stammbaum\node_modules\react-dom\cjs\react-dom-server.browser.development.js:5963:5)
    at renderNodeDestructiveImpl (file://C:\Users\stani\projects\stammbaum\node_modules\react-dom\cjs\react-dom-server.browser.development.js:6115:11)
    at renderNodeDestructive (file://C:\Users\stani\projects\stammbaum\node_modules\react-dom\cjs\react-dom-server.browser.development.js:6087:14)
    at renderForwardRef (file://C:\Users\stani\projects\stammbaum\node_modules\react-dom\cjs\react-dom-server.browser.development.js:5870:5)
    at renderElement (file://C:\Users\stani\projects\stammbaum\node_modules\react-dom\cjs\react-dom-server.browser.development.js:6016:11)
    at renderNodeDestructiveImpl (file://C:\Users\stani\projects\stammbaum\node_modules\react-dom\cjs\react-dom-server.browser.development.js:6115:11)
    at renderNodeDestructive (file://C:\Users\stani\projects\stammbaum\node_modules\react-dom\cjs\react-dom-server.browser.development.js:6087:14)
    at renderIndeterminateComponent (file://C:\Users\stani\projects\stammbaum\node_modules\react-dom\cjs\react-dom-server.browser.development.js:5786:7)
    at renderElement (file://C:\Users\stani\projects\stammbaum\node_modules\react-dom\cjs\react-dom-server.browser.development.js:5957:7)
    at renderNodeDestructiveImpl (file://C:\Users\stani\projects\stammbaum\node_modules\react-dom\cjs\react-dom-server.browser.development.js:6115:11)
    at renderNodeDestructive (file://C:\Users\stani\projects\stammbaum\node_modules\react-dom\cjs\react-dom-server.browser.development.js:6087:14)
    at renderNode (file://C:\Users\stani\projects\stammbaum\node_modules\react-dom\cjs\react-dom-server.browser.development.js:6270:12)
    at renderHostElement (file://C:\Users\stani\projects\stammbaum\node_modules\react-dom\cjs\react-dom-server.browser.development.js:5642:3)
    at renderElement (file://C:\Users\stani\projects\stammbaum\node_modules\react-dom\cjs\react-dom-server.browser.development.js:5963:5)
    at renderNodeDestructiveImpl (file://C:\Users\stani\projects\stammbaum\node_modules\react-dom\cjs\react-dom-server.browser.development.js:6115:11)
    at renderNodeDestructive (file://C:\Users\stani\projects\stammbaum\node_modules\react-dom\cjs\react-dom-server.browser.development.js:6087:14)
    at renderNode (file://C:\Users\stani\projects\stammbaum\node_modules\react-dom\cjs\react-dom-server.browser.development.js:6270:12)
    at renderChildrenArray (file://C:\Users\stani\projects\stammbaum\node_modules\react-dom\cjs\react-dom-server.browser.development.js:6222:7)
    at renderNodeDestructiveImpl (file://C:\Users\stani\projects\stammbaum\node_modules\react-dom\cjs\react-dom-server.browser.development.js:6152:7)
    at renderNodeDestructive (file://C:\Users\stani\projects\stammbaum\node_modules\react-dom\cjs\react-dom-server.browser.development.js:6087:14)
[ 8829745ms] [LOG] [HMR] connected @ http://localhost:3000/_next/static/chunks/node_modules_next_dist_0bc8q4g._.js:1233
[ 8847047ms] [WARNING] [Fast Refresh] performing full reload because your application had an unrecoverable error @ http://localhost:3000/_next/static/chunks/node_modules_next_dist_0bc8q4g._.js:1233
[ 8847049ms] [WARNING] [Fast Refresh] performing full reload because your application had an unrecoverable error @ http://localhost:3000/_next/static/chunks/node_modules_next_dist_0bc8q4g._.js:1233
[ 8847091ms] [LOG] [Fast Refresh] rebuilding @ http://localhost:3000/_next/static/chunks/node_modules_next_dist_0bc8q4g._.js:1233
[ 8847237ms] [ERROR] ./src/pages/login.tsx:159:86
Expected '</', got 'jsx text'
  157 | ...           ) : (
  158 | ...               <LoginForm onSubmit={handleForgot}>
> 159 | ...                   <FieldLabel htmlFor="forgot-email">E-mail</label>
      |                                                                        ^^^^^^^^^^^^^^^^^^^^^
> 160 | ...                   <Input id="forgot-email" name="email" type="email" autoComplete="em...
      |    ^^^^^^^^^^^^^^^^^^^^^^^^^^^^^^^^^^^^
  161 | ...                   {error && <Error role="alert">{error}</Error>}
  162 | ...                   <Action type="submit">{isRu ? 'Отправить инструкции' : 'Send instru...
  163 | ...               </LoginForm>

Parsing ecmascript source code failed @ http://localhost:3000/_next/static/chunks/node_modules_next_dist_0bc8q4g._.js:1952
[ 8847364ms] [ERROR] ./src/pages/login.tsx:159:86
Expected '</', got 'jsx text'
  157 | ...           ) : (
  158 | ...               <LoginForm onSubmit={handleForgot}>
> 159 | ...                   <FieldLabel htmlFor="forgot-email">E-mail</label>
      |                                                                        ^^^^^^^^^^^^^^^^^^^^^
> 160 | ...                   <Input id="forgot-email" name="email" type="email" autoComplete="em...
      |    ^^^^^^^^^^^^^^^^^^^^^^^^^^^^^^^^^^^^
  161 | ...                   {error && <Error role="alert">{error}</Error>}
  162 | ...                   <Action type="submit">{isRu ? 'Отправить инструкции' : 'Send instru...
  163 | ...               </LoginForm>

Parsing ecmascript source code failed @ http://localhost:3000/_next/static/chunks/node_modules_next_dist_0bc8q4g._.js:1952
[ 8847365ms] [LOG] [Fast Refresh] rebuilding @ http://localhost:3000/_next/static/chunks/node_modules_next_dist_0bc8q4g._.js:1233
[ 8847382ms] [ERROR] Failed to load resource: the server responded with a status of 500 (Internal Server Error) @ http://localhost:3000/login:0
[ 8847451ms] [INFO] %cDownload the React DevTools for a better development experience: https://reactjs.org/link/react-devtools font-weight:bold @ http://localhost:3000/_next/static/chunks/node_modules_react-dom_cjs_react-dom_development_07i0ttg.js:25055
[ 8847486ms] Error: ./src/pages/login.tsx:159:86
Expected '</', got 'jsx text'
  157 | ...           ) : (
  158 | ...               <LoginForm onSubmit={handleForgot}>
> 159 | ...                   <FieldLabel htmlFor="forgot-email">E-mail</label>
      |                                                                        ^^^^^^^^^^^^^^^^^^^^^
> 160 | ...                   <Input id="forgot-email" name="email" type="email" autoComplete="em...
      |    ^^^^^^^^^^^^^^^^^^^^^^^^^^^^^^^^^^^^
  161 | ...                   {error && <Error role="alert">{error}</Error>}
  162 | ...                   <Action type="submit">{isRu ? 'Отправить инструкции' : 'Send instru...
  163 | ...               </LoginForm>

Parsing ecmascript source code failed


    at <unknown> (Error: ./src/pages/login.tsx:159:86)
    at Object.getCompilationErrors (file://C:\Users\stani\projects\stammbaum\node_modules\next\dist\server\dev\hot-reloader-turbopack.js:1186:59)
    at DevBundlerService.getCompilationError (file://C:\Users\stani\projects\stammbaum\node_modules\next\dist\server\lib\dev-bundler-service.js:44:55)
    at DevServer.getCompilationError (file://C:\Users\stani\projects\stammbaum\node_modules\next\dist\server\dev\next-dev-server.js:720:42)
    at DevServer.findPageComponents (file://C:\Users\stani\projects\stammbaum\node_modules\next\dist\server\dev\next-dev-server.js:690:43)
    at async DevServer.renderErrorToResponseImpl (file://C:\Users\stani\projects\stammbaum\node_modules\next\dist\server\base-server.js:1753:26)
[ 8847489ms] [LOG] [HMR] connected @ http://localhost:3000/_next/static/chunks/node_modules_next_dist_0bc8q4g._.js:1233
[ 8847504ms] [ERROR] ./src/pages/login.tsx:159:86
Expected '</', got 'jsx text'
  157 | ...           ) : (
  158 | ...               <LoginForm onSubmit={handleForgot}>
> 159 | ...                   <FieldLabel htmlFor="forgot-email">E-mail</label>
      |                                                                        ^^^^^^^^^^^^^^^^^^^^^
> 160 | ...                   <Input id="forgot-email" name="email" type="email" autoComplete="em...
      |    ^^^^^^^^^^^^^^^^^^^^^^^^^^^^^^^^^^^^
  161 | ...                   {error && <Error role="alert">{error}</Error>}
  162 | ...                   <Action type="submit">{isRu ? 'Отправить инструкции' : 'Send instru...
  163 | ...               </LoginForm>

Parsing ecmascript source code failed @ http://localhost:3000/_next/static/chunks/node_modules_next_dist_0bc8q4g._.js:1952
[ 8847596ms] [ERROR] ./src/pages/login.tsx:159:86
Expected '</', got 'jsx text'
  157 | ...           ) : (
  158 | ...               <LoginForm onSubmit={handleForgot}>
> 159 | ...                   <FieldLabel htmlFor="forgot-email">E-mail</label>
      |                                                                        ^^^^^^^^^^^^^^^^^^^^^
> 160 | ...                   <Input id="forgot-email" name="email" type="email" autoComplete="em...
      |    ^^^^^^^^^^^^^^^^^^^^^^^^^^^^^^^^^^^^
  161 | ...                   {error && <Error role="alert">{error}</Error>}
  162 | ...                   <Action type="submit">{isRu ? 'Отправить инструкции' : 'Send instru...
  163 | ...               </LoginForm>

Parsing ecmascript source code failed @ http://localhost:3000/_next/static/chunks/node_modules_next_dist_0bc8q4g._.js:1952
[ 8847609ms] [LOG] [Fast Refresh] rebuilding @ http://localhost:3000/_next/static/chunks/node_modules_next_dist_0bc8q4g._.js:1233
[ 8854386ms] [ERROR] ./src/pages/login.tsx:159:86
Expected '</', got 'jsx text'
  157 | ...           ) : (
  158 | ...               <LoginForm onSubmit={handleForgot}>
> 159 | ...                   <FieldLabel htmlFor="forgot-email">E-mail</label>
      |                                                                        ^^^^^^^^^^^^^^^^^^^^^
> 160 | ...                   <Input id="forgot-email" name="email" type="email" autoComplete="em...
      |    ^^^^^^^^^^^^^^^^^^^^^^^^^^^^^^^^^^^^
  161 | ...                   {error && <Error role="alert">{error}</Error>}
  162 | ...                   <Action type="submit">{isRu ? 'Отправить инструкции' : 'Send instru...
  163 | ...               </LoginForm>

Parsing ecmascript source code failed @ http://localhost:3000/_next/static/chunks/node_modules_next_dist_0bc8q4g._.js:1952
[ 8854459ms] [LOG] [Fast Refresh] rebuilding @ http://localhost:3000/_next/static/chunks/node_modules_next_dist_0bc8q4g._.js:1233
[ 8867823ms] [WARNING] [Fast Refresh] performing full reload because your application had an unrecoverable error @ http://localhost:3000/_next/static/chunks/node_modules_next_dist_0bc8q4g._.js:1233
[ 8867903ms] [LOG] [Fast Refresh] rebuilding @ http://localhost:3000/_next/static/chunks/node_modules_next_dist_0bc8q4g._.js:1233
[ 8868412ms] [WARNING] [Fast Refresh] performing full reload because your application had an unrecoverable error @ http://localhost:3000/_next/static/chunks/node_modules_next_dist_0bc8q4g._.js:1233
[ 8868414ms] [LOG] [Fast Refresh] done in 424ms @ http://localhost:3000/_next/static/chunks/node_modules_next_dist_0bc8q4g._.js:1233
[ 8868576ms] [LOG] [Fast Refresh] rebuilding @ http://localhost:3000/_next/static/chunks/node_modules_next_dist_0bc8q4g._.js:1233
[ 8868701ms] [LOG] [Fast Refresh] done in 226ms @ http://localhost:3000/_next/static/chunks/node_modules_next_dist_0bc8q4g._.js:1233
[ 8868811ms] [ERROR] Failed to load resource: the server responded with a status of 500 (Internal Server Error) @ http://localhost:3000/login:0
[ 8869720ms] [INFO] %cDownload the React DevTools for a better development experience: https://reactjs.org/link/react-devtools font-weight:bold @ http://localhost:3000/_next/static/chunks/node_modules_react-dom_cjs_react-dom_development_07i0ttg.js:25055
[ 8869890ms] ReferenceError: Input is not defined
    at LoginPage (file://C:\Users\stani\projects\stammbaum\.next\dev\server\chunks\ssr\[root-of-the-server]__0dx.6-p._.js:2053:216)
    at renderWithHooks (file://C:\Users\stani\projects\stammbaum\node_modules\react-dom\cjs\react-dom-server.browser.development.js:5658:16)
    at renderIndeterminateComponent (file://C:\Users\stani\projects\stammbaum\node_modules\react-dom\cjs\react-dom-server.browser.development.js:5732:15)
    at renderElement (file://C:\Users\stani\projects\stammbaum\node_modules\react-dom\cjs\react-dom-server.browser.development.js:5957:7)
    at renderNodeDestructiveImpl (file://C:\Users\stani\projects\stammbaum\node_modules\react-dom\cjs\react-dom-server.browser.development.js:6115:11)
    at renderNodeDestructive (file://C:\Users\stani\projects\stammbaum\node_modules\react-dom\cjs\react-dom-server.browser.development.js:6087:14)
    at renderContextProvider (file://C:\Users\stani\projects\stammbaum\node_modules\react-dom\cjs\react-dom-server.browser.development.js:5931:3)
    at renderElement (file://C:\Users\stani\projects\stammbaum\node_modules\react-dom\cjs\react-dom-server.browser.development.js:6028:11)
    at renderNodeDestructiveImpl (file://C:\Users\stani\projects\stammbaum\node_modules\react-dom\cjs\react-dom-server.browser.development.js:6115:11)
    at renderNodeDestructive (file://C:\Users\stani\projects\stammbaum\node_modules\react-dom\cjs\react-dom-server.browser.development.js:6087:14)
    at finishClassComponent (file://C:\Users\stani\projects\stammbaum\node_modules\react-dom\cjs\react-dom-server.browser.development.js:5688:3)
    at renderClassComponent (file://C:\Users\stani\projects\stammbaum\node_modules\react-dom\cjs\react-dom-server.browser.development.js:5696:3)
    at renderElement (file://C:\Users\stani\projects\stammbaum\node_modules\react-dom\cjs\react-dom-server.browser.development.js:5954:7)
    at renderNodeDestructiveImpl (file://C:\Users\stani\projects\stammbaum\node_modules\react-dom\cjs\react-dom-server.browser.development.js:6115:11)
    at renderNodeDestructive (file://C:\Users\stani\projects\stammbaum\node_modules\react-dom\cjs\react-dom-server.browser.development.js:6087:14)
    at renderContextProvider (file://C:\Users\stani\projects\stammbaum\node_modules\react-dom\cjs\react-dom-server.browser.development.js:5931:3)
    at renderElement (file://C:\Users\stani\projects\stammbaum\node_modules\react-dom\cjs\react-dom-server.browser.development.js:6028:11)
    at renderNodeDestructiveImpl (file://C:\Users\stani\projects\stammbaum\node_modules\react-dom\cjs\react-dom-server.browser.development.js:6115:11)
    at renderNodeDestructive (file://C:\Users\stani\projects\stammbaum\node_modules\react-dom\cjs\react-dom-server.browser.development.js:6087:14)
    at finishClassComponent (file://C:\Users\stani\projects\stammbaum\node_modules\react-dom\cjs\react-dom-server.browser.development.js:5688:3)
    at renderClassComponent (file://C:\Users\stani\projects\stammbaum\node_modules\react-dom\cjs\react-dom-server.browser.development.js:5696:3)
    at renderElement (file://C:\Users\stani\projects\stammbaum\node_modules\react-dom\cjs\react-dom-server.browser.development.js:5954:7)
    at renderNodeDestructiveImpl (file://C:\Users\stani\projects\stammbaum\node_modules\react-dom\cjs\react-dom-server.browser.development.js:6115:11)
    at renderNodeDestructive (file://C:\Users\stani\projects\stammbaum\node_modules\react-dom\cjs\react-dom-server.browser.development.js:6087:14)
    at renderNode (file://C:\Users\stani\projects\stammbaum\node_modules\react-dom\cjs\react-dom-server.browser.development.js:6270:12)
    at renderChildrenArray (file://C:\Users\stani\projects\stammbaum\node_modules\react-dom\cjs\react-dom-server.browser.development.js:6222:7)
    at renderNodeDestructiveImpl (file://C:\Users\stani\projects\stammbaum\node_modules\react-dom\cjs\react-dom-server.browser.development.js:6152:7)
    at renderNodeDestructive (file://C:\Users\stani\projects\stammbaum\node_modules\react-dom\cjs\react-dom-server.browser.development.js:6087:14)
    at renderNode (file://C:\Users\stani\projects\stammbaum\node_modules\react-dom\cjs\react-dom-server.browser.development.js:6270:12)
    at renderHostElement (file://C:\Users\stani\projects\stammbaum\node_modules\react-dom\cjs\react-dom-server.browser.development.js:5642:3)
    at renderElement (file://C:\Users\stani\projects\stammbaum\node_modules\react-dom\cjs\react-dom-server.browser.development.js:5963:5)
    at renderNodeDestructiveImpl (file://C:\Users\stani\projects\stammbaum\node_modules\react-dom\cjs\react-dom-server.browser.development.js:6115:11)
    at renderNodeDestructive (file://C:\Users\stani\projects\stammbaum\node_modules\react-dom\cjs\react-dom-server.browser.development.js:6087:14)
    at renderForwardRef (file://C:\Users\stani\projects\stammbaum\node_modules\react-dom\cjs\react-dom-server.browser.development.js:5870:5)
    at renderElement (file://C:\Users\stani\projects\stammbaum\node_modules\react-dom\cjs\react-dom-server.browser.development.js:6016:11)
    at renderNodeDestructiveImpl (file://C:\Users\stani\projects\stammbaum\node_modules\react-dom\cjs\react-dom-server.browser.development.js:6115:11)
    at renderNodeDestructive (file://C:\Users\stani\projects\stammbaum\node_modules\react-dom\cjs\react-dom-server.browser.development.js:6087:14)
    at renderIndeterminateComponent (file://C:\Users\stani\projects\stammbaum\node_modules\react-dom\cjs\react-dom-server.browser.development.js:5786:7)
    at renderElement (file://C:\Users\stani\projects\stammbaum\node_modules\react-dom\cjs\react-dom-server.browser.development.js:5957:7)
    at renderNodeDestructiveImpl (file://C:\Users\stani\projects\stammbaum\node_modules\react-dom\cjs\react-dom-server.browser.development.js:6115:11)
    at renderNodeDestructive (file://C:\Users\stani\projects\stammbaum\node_modules\react-dom\cjs\react-dom-server.browser.development.js:6087:14)
    at renderNode (file://C:\Users\stani\projects\stammbaum\node_modules\react-dom\cjs\react-dom-server.browser.development.js:6270:12)
    at renderHostElement (file://C:\Users\stani\projects\stammbaum\node_modules\react-dom\cjs\react-dom-server.browser.development.js:5642:3)
    at renderElement (file://C:\Users\stani\projects\stammbaum\node_modules\react-dom\cjs\react-dom-server.browser.development.js:5963:5)
    at renderNodeDestructiveImpl (file://C:\Users\stani\projects\stammbaum\node_modules\react-dom\cjs\react-dom-server.browser.development.js:6115:11)
    at renderNodeDestructive (file://C:\Users\stani\projects\stammbaum\node_modules\react-dom\cjs\react-dom-server.browser.development.js:6087:14)
    at renderNode (file://C:\Users\stani\projects\stammbaum\node_modules\react-dom\cjs\react-dom-server.browser.development.js:6270:12)
    at renderChildrenArray (file://C:\Users\stani\projects\stammbaum\node_modules\react-dom\cjs\react-dom-server.browser.development.js:6222:7)
    at renderNodeDestructiveImpl (file://C:\Users\stani\projects\stammbaum\node_modules\react-dom\cjs\react-dom-server.browser.development.js:6152:7)
    at renderNodeDestructive (file://C:\Users\stani\projects\stammbaum\node_modules\react-dom\cjs\react-dom-server.browser.development.js:6087:14)
[ 8869896ms] [LOG] [HMR] connected @ http://localhost:3000/_next/static/chunks/node_modules_next_dist_0bc8q4g._.js:1233
[ 8982891ms] [WARNING] [Fast Refresh] performing full reload because your application had an unrecoverable error @ http://localhost:3000/_next/static/chunks/node_modules_next_dist_0bc8q4g._.js:1233
[ 8982908ms] [LOG] [Fast Refresh] rebuilding @ http://localhost:3000/_next/static/chunks/node_modules_next_dist_0bc8q4g._.js:1233
[ 8983234ms] [INFO] %cDownload the React DevTools for a better development experience: https://reactjs.org/link/react-devtools font-weight:bold @ http://localhost:3000/_next/static/chunks/node_modules_react-dom_cjs_react-dom_development_07i0ttg.js:25055
[ 8983399ms] [LOG] [HMR] connected @ http://localhost:3000/_next/static/chunks/node_modules_next_dist_0bc8q4g._.js:1233
[ 9038154ms] [LOG] [Fast Refresh] rebuilding @ http://localhost:3000/_next/static/chunks/node_modules_next_dist_0bc8q4g._.js:1233
[ 9038175ms] [LOG] [Fast Refresh] done in 127ms @ http://localhost:3000/_next/static/chunks/node_modules_next_dist_0bc8q4g._.js:1233
[ 9133894ms] [LOG] [Fast Refresh] rebuilding @ http://localhost:3000/_next/static/chunks/node_modules_next_dist_0bc8q4g._.js:1233
[ 9133939ms] [LOG] [Fast Refresh] done in 150ms @ http://localhost:3000/_next/static/chunks/node_modules_next_dist_0bc8q4g._.js:1233
[ 9134051ms] [LOG] [Fast Refresh] rebuilding @ http://localhost:3000/_next/static/chunks/node_modules_next_dist_0bc8q4g._.js:1233
[ 9134082ms] [LOG] [Fast Refresh] done in 142ms @ http://localhost:3000/_next/static/chunks/node_modules_next_dist_0bc8q4g._.js:1233
[ 9134232ms] [LOG] [Fast Refresh] rebuilding @ http://localhost:3000/_next/static/chunks/node_modules_next_dist_0bc8q4g._.js:1233
[ 9134312ms] [LOG] [Fast Refresh] done in 183ms @ http://localhost:3000/_next/static/chunks/node_modules_next_dist_0bc8q4g._.js:1233
[ 9141689ms] [LOG] [Fast Refresh] rebuilding @ http://localhost:3000/_next/static/chunks/node_modules_next_dist_0bc8q4g._.js:1233
[ 9141695ms] [LOG] [Fast Refresh] done in 111ms @ http://localhost:3000/_next/static/chunks/node_modules_next_dist_0bc8q4g._.js:1233
[ 9149904ms] [LOG] [Fast Refresh] rebuilding @ http://localhost:3000/_next/static/chunks/node_modules_next_dist_0bc8q4g._.js:1233
[ 9149944ms] [LOG] [Fast Refresh] done in 144ms @ http://localhost:3000/_next/static/chunks/node_modules_next_dist_0bc8q4g._.js:1233
[ 9335106ms] [LOG] [Fast Refresh] rebuilding @ http://localhost:3000/_next/static/chunks/node_modules_next_dist_0bc8q4g._.js:1233
[ 9335659ms] [LOG] [Fast Refresh] done in 582ms @ http://localhost:3000/_next/static/chunks/node_modules_next_dist_0bc8q4g._.js:1233
[ 9358973ms] [LOG] [Fast Refresh] rebuilding @ http://localhost:3000/_next/static/chunks/node_modules_next_dist_0bc8q4g._.js:1233
[ 9359130ms] [LOG] [Fast Refresh] done in 264ms @ http://localhost:3000/_next/static/chunks/node_modules_next_dist_0bc8q4g._.js:1233
[ 9359198ms] [INFO] %cDownload the React DevTools for a better development experience: https://reactjs.org/link/react-devtools font-weight:bold @ http://localhost:3000/_next/static/chunks/node_modules_react-dom_cjs_react-dom_development_07i0ttg.js:25055
[ 9359285ms] [LOG] [HMR] connected @ http://localhost:3000/_next/static/chunks/node_modules_next_dist_0bc8q4g._.js:1233
[ 9379927ms] [LOG] [Fast Refresh] rebuilding @ http://localhost:3000/_next/static/chunks/node_modules_next_dist_0bc8q4g._.js:1233
[ 9379962ms] [LOG] [Fast Refresh] done in 143ms @ http://localhost:3000/_next/static/chunks/node_modules_next_dist_0bc8q4g._.js:1233
[ 9379972ms] [ERROR] Warning: findDOMNode is deprecated and will be removed in the next major release. Instead, add a ref directly to the element you want to reference. Learn more about using refs safely here: https://reactjs.org/link/strict-mode-find-node%s 
    at Transition (http://localhost:3000/_next/static/chunks/node_modules_0vg60lq._.js:4002:34)
    at SwitchTransition (http://localhost:3000/_next/static/chunks/node_modules_0vg60lq._.js:4565:39)
    at div
    at P (http://localhost:3000/_next/static/chunks/node_modules_0vg60lq._.js:2297:10)
    at AppWrapper (http://localhost:3000/_next/static/chunks/%5Broot-of-the-server%5D__0tlfi-4._.js:1227:23)
    at div
    at RecoilRoot_INTERNAL (http://localhost:3000/_next/static/chunks/node_modules_recoil_es_index_0s4zp2r.js:3375:32)
    at RecoilRoot (http://localhost:3000/_next/static/chunks/node_modules_recoil_es_index_0s4zp2r.js:3522:13)
    at MyApp (http://localhost:3000/_next/static/chunks/%5Broot-of-the-server%5D__0tlfi-4._.js:1375:18)
    at I18nextProvider (http://localhost:3000/_next/static/chunks/node_modules_0vg60lq._.js:4880:21)
    at AppWithTranslation (http://localhost:3000/_next/static/chunks/node_modules_0vg60lq._.js:5213:26)
    at PathnameContextProviderAdapter (http://localhost:3000/_next/static/chunks/node_modules_next_dist_shared_lib_0cx--aq._.js:5590:43)
    at PagesDevOverlayErrorBoundary (http://localhost:3000/_next/static/chunks/node_modules_next_dist_0bc8q4g._.js:1144:9)
    at PagesDevOverlayBridge (http://localhost:3000/_next/static/chunks/node_modules_next_dist_0bc8q4g._.js:1926:34)
    at Container (http://localhost:3000/_next/static/chunks/node_modules_next_dist_client_0pe1dg-._.js:3166:1)
    at AppContainer (http://localhost:3000/_next/static/chunks/node_modules_next_dist_client_0pe1dg-._.js:3289:25)
    at Root (http://localhost:3000/_next/static/chunks/node_modules_next_dist_client_0pe1dg-._.js:3498:17) @ http://localhost:3000/_next/static/chunks/node_modules_next_dist_0bc8q4g._.js:1952
[ 9399513ms] [LOG] [Fast Refresh] rebuilding @ http://localhost:3000/_next/static/chunks/node_modules_next_dist_0bc8q4g._.js:1233
[ 9399531ms] [LOG] [Fast Refresh] done in 51ms @ http://localhost:3000/_next/static/chunks/node_modules_next_dist_0bc8q4g._.js:1233
[ 9499135ms] [LOG] [Fast Refresh] rebuilding @ http://localhost:3000/_next/static/chunks/node_modules_next_dist_0bc8q4g._.js:1233
[ 9499160ms] [LOG] [Fast Refresh] done in 37ms @ http://localhost:3000/_next/static/chunks/node_modules_next_dist_0bc8q4g._.js:1233
[ 9525484ms] [LOG] [Fast Refresh] rebuilding @ http://localhost:3000/_next/static/chunks/node_modules_next_dist_0bc8q4g._.js:1233
[ 9525506ms] [LOG] [Fast Refresh] done in 94ms @ http://localhost:3000/_next/static/chunks/node_modules_next_dist_0bc8q4g._.js:1233
[ 9578363ms] [LOG] [Fast Refresh] rebuilding @ http://localhost:3000/_next/static/chunks/node_modules_next_dist_0bc8q4g._.js:1233
[ 9578385ms] [LOG] [Fast Refresh] done in 48ms @ http://localhost:3000/_next/static/chunks/node_modules_next_dist_0bc8q4g._.js:1233
[ 9597858ms] [LOG] [Fast Refresh] rebuilding @ http://localhost:3000/_next/static/chunks/node_modules_next_dist_0bc8q4g._.js:1233
[ 9598002ms] [LOG] [Fast Refresh] done in 260ms @ http://localhost:3000/_next/static/chunks/node_modules_next_dist_0bc8q4g._.js:1233
[ 9610084ms] [LOG] [Fast Refresh] rebuilding @ http://localhost:3000/_next/static/chunks/node_modules_next_dist_0bc8q4g._.js:1233
[ 9610243ms] [LOG] [Fast Refresh] done in 259ms @ http://localhost:3000/_next/static/chunks/node_modules_next_dist_0bc8q4g._.js:1233
[ 9648758ms] [LOG] [Fast Refresh] rebuilding @ http://localhost:3000/_next/static/chunks/node_modules_next_dist_0bc8q4g._.js:1233
[ 9648817ms] [LOG] [Fast Refresh] done in 167ms @ http://localhost:3000/_next/static/chunks/node_modules_next_dist_0bc8q4g._.js:1233
[ 9825556ms] [LOG] [Fast Refresh] rebuilding @ http://localhost:3000/_next/static/chunks/node_modules_next_dist_0bc8q4g._.js:1233
[ 9825585ms] [LOG] [Fast Refresh] done in 79ms @ http://localhost:3000/_next/static/chunks/node_modules_next_dist_0bc8q4g._.js:1233
[ 9856067ms] [LOG] [Fast Refresh] rebuilding @ http://localhost:3000/_next/static/chunks/node_modules_next_dist_0bc8q4g._.js:1233
[ 9856189ms] [LOG] [Fast Refresh] done in 227ms @ http://localhost:3000/_next/static/chunks/node_modules_next_dist_0bc8q4g._.js:1233
[ 9856371ms] [LOG] [Fast Refresh] rebuilding @ http://localhost:3000/_next/static/chunks/node_modules_next_dist_0bc8q4g._.js:1233
[ 9856471ms] [LOG] [Fast Refresh] done in 216ms @ http://localhost:3000/_next/static/chunks/node_modules_next_dist_0bc8q4g._.js:1233
[ 9857168ms] [LOG] [Fast Refresh] rebuilding @ http://localhost:3000/_next/static/chunks/node_modules_next_dist_0bc8q4g._.js:1233
[ 9857193ms] [LOG] [Fast Refresh] done in 137ms @ http://localhost:3000/_next/static/chunks/node_modules_next_dist_0bc8q4g._.js:1233
[ 9857212ms] TypeError: Cannot read properties of undefined (reading 'startTime')
    at et.reportAllChanges (<anonymous>:2:19429)
    at <anonymous>:2:13070
    at <anonymous>:2:331
    at d (<anonymous>:2:6141)
    at u (<anonymous>:2:6153)
    at <anonymous>:2:6321
    at <anonymous>:2:2895
    at n.timeout (<anonymous>:2:5652)
[ 9884402ms] [LOG] [Fast Refresh] rebuilding @ http://localhost:3000/_next/static/chunks/node_modules_next_dist_0bc8q4g._.js:1233
[ 9885139ms] [LOG] [Fast Refresh] done in 758ms @ http://localhost:3000/_next/static/chunks/node_modules_next_dist_0bc8q4g._.js:1233
[ 9913790ms] [LOG] [Fast Refresh] rebuilding @ http://localhost:3000/_next/static/chunks/node_modules_next_dist_0bc8q4g._.js:1233
[ 9913829ms] [LOG] [Fast Refresh] done in 54ms @ http://localhost:3000/_next/static/chunks/node_modules_next_dist_0bc8q4g._.js:1233
[ 9929869ms] [LOG] [Fast Refresh] rebuilding @ http://localhost:3000/_next/static/chunks/node_modules_next_dist_0bc8q4g._.js:1233
[ 9929991ms] [LOG] [Fast Refresh] done in 226ms @ http://localhost:3000/_next/static/chunks/node_modules_next_dist_0bc8q4g._.js:1233
[ 9930082ms] [INFO] %cDownload the React DevTools for a better development experience: https://reactjs.org/link/react-devtools font-weight:bold @ http://localhost:3000/_next/static/chunks/node_modules_react-dom_cjs_react-dom_development_07i0ttg.js:25055
[ 9930167ms] [LOG] [HMR] connected @ http://localhost:3000/_next/static/chunks/node_modules_next_dist_0bc8q4g._.js:1233
[ 9945769ms] [LOG] [Fast Refresh] rebuilding @ http://localhost:3000/_next/static/chunks/node_modules_next_dist_0bc8q4g._.js:1233
[ 9945800ms] [LOG] [Fast Refresh] done in 35ms @ http://localhost:3000/_next/static/chunks/node_modules_next_dist_0bc8q4g._.js:1233
[ 9977515ms] [LOG] [Fast Refresh] rebuilding @ http://localhost:3000/_next/static/chunks/node_modules_next_dist_0bc8q4g._.js:1233
[ 9977561ms] [LOG] [Fast Refresh] done in 49ms @ http://localhost:3000/_next/static/chunks/node_modules_next_dist_0bc8q4g._.js:1233
[10009886ms] [LOG] [Fast Refresh] rebuilding @ http://localhost:3000/_next/static/chunks/node_modules_next_dist_0bc8q4g._.js:1233
[10009996ms] [LOG] [Fast Refresh] done in 216ms @ http://localhost:3000/_next/static/chunks/node_modules_next_dist_0bc8q4g._.js:1233
[10017633ms] [INFO] %cDownload the React DevTools for a better development experience: https://reactjs.org/link/react-devtools font-weight:bold @ http://localhost:3000/_next/static/chunks/node_modules_react-dom_cjs_react-dom_development_07i0ttg.js:25055
[10017675ms] [LOG] [HMR] connected @ http://localhost:3000/_next/static/chunks/node_modules_next_dist_0bc8q4g._.js:1233
[10212934ms] [INFO] %cDownload the React DevTools for a better development experience: https://reactjs.org/link/react-devtools font-weight:bold @ http://localhost:3000/_next/static/chunks/node_modules_react-dom_cjs_react-dom_development_07i0ttg.js:25055
[10212975ms] [LOG] [HMR] connected @ http://localhost:3000/_next/static/chunks/node_modules_next_dist_0bc8q4g._.js:1233
[10387386ms] [LOG] [Fast Refresh] rebuilding @ http://localhost:3000/_next/static/chunks/node_modules_next_dist_0bc8q4g._.js:1233
[10387412ms] [LOG] [Fast Refresh] done in 47ms @ http://localhost:3000/_next/static/chunks/node_modules_next_dist_0bc8q4g._.js:1233
[10417045ms] [LOG] [Fast Refresh] rebuilding @ http://localhost:3000/_next/static/chunks/node_modules_next_dist_0bc8q4g._.js:1233
[10417076ms] [LOG] [Fast Refresh] done in 39ms @ http://localhost:3000/_next/static/chunks/node_modules_next_dist_0bc8q4g._.js:1233
[10447691ms] [LOG] [Fast Refresh] rebuilding @ http://localhost:3000/_next/static/chunks/node_modules_next_dist_0bc8q4g._.js:1233
[10447712ms] [LOG] [Fast Refresh] done in 35ms @ http://localhost:3000/_next/static/chunks/node_modules_next_dist_0bc8q4g._.js:1233
[10479481ms] [LOG] [Fast Refresh] rebuilding @ http://localhost:3000/_next/static/chunks/node_modules_next_dist_0bc8q4g._.js:1233
[10479521ms] [LOG] [Fast Refresh] done in 151ms @ http://localhost:3000/_next/static/chunks/node_modules_next_dist_0bc8q4g._.js:1233
[10660506ms] [LOG] [Fast Refresh] rebuilding @ http://localhost:3000/_next/static/chunks/node_modules_next_dist_0bc8q4g._.js:1233
[10660531ms] [LOG] [Fast Refresh] done in 37ms @ http://localhost:3000/_next/static/chunks/node_modules_next_dist_0bc8q4g._.js:1233
[10691420ms] [LOG] [Fast Refresh] rebuilding @ http://localhost:3000/_next/static/chunks/node_modules_next_dist_0bc8q4g._.js:1233
[10691462ms] [LOG] [Fast Refresh] done in 52ms @ http://localhost:3000/_next/static/chunks/node_modules_next_dist_0bc8q4g._.js:1233
[10725038ms] [LOG] [Fast Refresh] rebuilding @ http://localhost:3000/_next/static/chunks/node_modules_next_dist_0bc8q4g._.js:1233
[10725111ms] [LOG] [Fast Refresh] done in 129ms @ http://localhost:3000/_next/static/chunks/node_modules_next_dist_0bc8q4g._.js:1233
[10761981ms] [LOG] [Fast Refresh] rebuilding @ http://localhost:3000/_next/static/chunks/node_modules_next_dist_0bc8q4g._.js:1233
[10762005ms] [LOG] [Fast Refresh] done in 48ms @ http://localhost:3000/_next/static/chunks/node_modules_next_dist_0bc8q4g._.js:1233
[10797097ms] [LOG] [Fast Refresh] rebuilding @ http://localhost:3000/_next/static/chunks/node_modules_next_dist_0bc8q4g._.js:1233
[10797138ms] [LOG] [Fast Refresh] done in 38ms @ http://localhost:3000/_next/static/chunks/node_modules_next_dist_0bc8q4g._.js:1233
[10835704ms] [LOG] [Fast Refresh] rebuilding @ http://localhost:3000/_next/static/chunks/node_modules_next_dist_0bc8q4g._.js:1233
[10835733ms] [LOG] [Fast Refresh] done in 43ms @ http://localhost:3000/_next/static/chunks/node_modules_next_dist_0bc8q4g._.js:1233
[10867852ms] [LOG] [Fast Refresh] rebuilding @ http://localhost:3000/_next/static/chunks/node_modules_next_dist_0bc8q4g._.js:1233
[10867883ms] [LOG] [Fast Refresh] done in 39ms @ http://localhost:3000/_next/static/chunks/node_modules_next_dist_0bc8q4g._.js:1233
[11067550ms] [LOG] [Fast Refresh] rebuilding @ http://localhost:3000/_next/static/chunks/node_modules_next_dist_0bc8q4g._.js:1233
[11067579ms] [LOG] [Fast Refresh] done in 48ms @ http://localhost:3000/_next/static/chunks/node_modules_next_dist_0bc8q4g._.js:1233
[11086220ms] [LOG] [Fast Refresh] rebuilding @ http://localhost:3000/_next/static/chunks/node_modules_next_dist_0bc8q4g._.js:1233
[11086249ms] [LOG] [Fast Refresh] done in 40ms @ http://localhost:3000/_next/static/chunks/node_modules_next_dist_0bc8q4g._.js:1233
[11087770ms] [LOG] [Fast Refresh] rebuilding @ http://localhost:3000/_next/static/chunks/node_modules_next_dist_0bc8q4g._.js:1233
[11087792ms] [LOG] [Fast Refresh] done in 32ms @ http://localhost:3000/_next/static/chunks/node_modules_next_dist_0bc8q4g._.js:1233
[11099919ms] [LOG] [Fast Refresh] rebuilding @ http://localhost:3000/_next/static/chunks/node_modules_next_dist_0bc8q4g._.js:1233
[11100177ms] [LOG] [Fast Refresh] done in 367ms @ http://localhost:3000/_next/static/chunks/node_modules_next_dist_0bc8q4g._.js:1233
[11130953ms] [LOG] [Fast Refresh] rebuilding @ http://localhost:3000/_next/static/chunks/node_modules_next_dist_0bc8q4g._.js:1233
[11132187ms] [ERROR] ./src/components/pages/LoginPage/LoginPage.styled.tsx:389:19
Expected ';', '}' or <eof>
  387 |         font-size: ${vw(12)}; = styled.div`
  388 |     display: flex;
> 389 |     flex-direction: column;
      |                   ^
  390 |     gap: ${vw(12, 'xs')};
  391 |     color: ${color('ink')};
  392 |     ${manrope};

Parsing ecmascript source code failed

Import traces:
  Browser:
    ./src/components/pages/LoginPage/LoginPage.styled.tsx
    ./src/pages/login.tsx

  SSR:
    ./src/components/pages/LoginPage/LoginPage.styled.tsx
    ./src/pages/login.tsx @ http://localhost:3000/_next/static/chunks/node_modules_next_dist_0bc8q4g._.js:1952
[11144227ms] [ERROR] ./src/components/pages/LoginPage/LoginPage.styled.tsx:389:19
Expected ';', '}' or <eof>
  387 |         font-size: ${vw(12)}; = styled.div`
  388 |     display: flex;
> 389 |     flex-direction: column;
      |                   ^
  390 |     gap: ${vw(12, 'xs')};
  391 |     color: ${color('ink')};
  392 |     ${manrope};

Parsing ecmascript source code failed

Import traces:
  Browser:
    ./src/components/pages/LoginPage/LoginPage.styled.tsx
    ./src/pages/login.tsx

  SSR:
    ./src/components/pages/LoginPage/LoginPage.styled.tsx
    ./src/pages/login.tsx @ http://localhost:3000/_next/static/chunks/node_modules_next_dist_0bc8q4g._.js:1952
[11144289ms] [LOG] [Fast Refresh] rebuilding @ http://localhost:3000/_next/static/chunks/node_modules_next_dist_0bc8q4g._.js:1233
[11156228ms] [ERROR] ./src/components/pages/LoginPage/LoginPage.styled.tsx:389:19
Expected ';', '}' or <eof>
  387 |         font-size: ${vw(12)}; = styled.div`
  388 |     display: flex;
> 389 |     flex-direction: column;
      |                   ^
  390 |     gap: ${vw(12, 'xs')};
  391 |     color: ${color('ink')};
  392 |     ${manrope};

Parsing ecmascript source code failed

Import traces:
  Browser:
    ./src/components/pages/LoginPage/LoginPage.styled.tsx
    ./src/pages/login.tsx

  SSR:
    ./src/components/pages/LoginPage/LoginPage.styled.tsx
    ./src/pages/login.tsx @ http://localhost:3000/_next/static/chunks/node_modules_next_dist_0bc8q4g._.js:1952
[11156290ms] [LOG] [Fast Refresh] rebuilding @ http://localhost:3000/_next/static/chunks/node_modules_next_dist_0bc8q4g._.js:1233
[11161765ms] [LOG] [Fast Refresh] rebuilding @ http://localhost:3000/_next/static/chunks/node_modules_next_dist_0bc8q4g._.js:1233
[11162006ms] [LOG] [Fast Refresh] done in 38ms @ http://localhost:3000/_next/static/chunks/node_modules_next_dist_0bc8q4g._.js:1233
[11162119ms] [INFO] %cDownload the React DevTools for a better development experience: https://reactjs.org/link/react-devtools font-weight:bold @ http://localhost:3000/_next/static/chunks/node_modules_react-dom_cjs_react-dom_development_07i0ttg.js:25055
[11162239ms] [LOG] [HMR] connected @ http://localhost:3000/_next/static/chunks/node_modules_next_dist_0bc8q4g._.js:1233
[11527592ms] [LOG] [Fast Refresh] rebuilding @ http://localhost:3000/_next/static/chunks/node_modules_next_dist_0bc8q4g._.js:1233
[11527613ms] [LOG] [Fast Refresh] done in 34ms @ http://localhost:3000/_next/static/chunks/node_modules_next_dist_0bc8q4g._.js:1233
[11556924ms] [LOG] [Fast Refresh] rebuilding @ http://localhost:3000/_next/static/chunks/node_modules_next_dist_0bc8q4g._.js:1233
[11557050ms] [LOG] [Fast Refresh] done in 227ms @ http://localhost:3000/_next/static/chunks/node_modules_next_dist_0bc8q4g._.js:1233
[11557545ms] [LOG] [Fast Refresh] rebuilding @ http://localhost:3000/_next/static/chunks/node_modules_next_dist_0bc8q4g._.js:1233
[11557705ms] [LOG] [Fast Refresh] done in 274ms @ http://localhost:3000/_next/static/chunks/node_modules_next_dist_0bc8q4g._.js:1233
[11557723ms] [ERROR] Warning: findDOMNode is deprecated and will be removed in the next major release. Instead, add a ref directly to the element you want to reference. Learn more about using refs safely here: https://reactjs.org/link/strict-mode-find-node%s 
    at Transition (http://localhost:3000/_next/static/chunks/node_modules_0vg60lq._.js:4002:34)
    at SwitchTransition (http://localhost:3000/_next/static/chunks/node_modules_0vg60lq._.js:4565:39)
    at div
    at P (http://localhost:3000/_next/static/chunks/node_modules_0vg60lq._.js:2297:10)
    at AppWrapper (http://localhost:3000/_next/static/chunks/%5Broot-of-the-server%5D__0tlfi-4._.js:1227:23)
    at div
    at RecoilRoot_INTERNAL (http://localhost:3000/_next/static/chunks/node_modules_recoil_es_index_0s4zp2r.js:3375:32)
    at RecoilRoot (http://localhost:3000/_next/static/chunks/node_modules_recoil_es_index_0s4zp2r.js:3522:13)
    at MyApp (http://localhost:3000/_next/static/chunks/%5Broot-of-the-server%5D__0tlfi-4._.js:1375:18)
    at I18nextProvider (http://localhost:3000/_next/static/chunks/node_modules_0vg60lq._.js:4880:21)
    at AppWithTranslation (http://localhost:3000/_next/static/chunks/node_modules_0vg60lq._.js:5213:26)
    at PathnameContextProviderAdapter (http://localhost:3000/_next/static/chunks/node_modules_next_dist_shared_lib_0cx--aq._.js:5590:43)
    at PagesDevOverlayErrorBoundary (http://localhost:3000/_next/static/chunks/node_modules_next_dist_0bc8q4g._.js:1144:9)
    at PagesDevOverlayBridge (http://localhost:3000/_next/static/chunks/node_modules_next_dist_0bc8q4g._.js:1926:34)
    at Container (http://localhost:3000/_next/static/chunks/node_modules_next_dist_client_0pe1dg-._.js:3166:1)
    at AppContainer (http://localhost:3000/_next/static/chunks/node_modules_next_dist_client_0pe1dg-._.js:3289:25)
    at Root (http://localhost:3000/_next/static/chunks/node_modules_next_dist_client_0pe1dg-._.js:3498:17) @ http://localhost:3000/_next/static/chunks/node_modules_next_dist_0bc8q4g._.js:1952
[11558591ms] [WARNING] Image with src "/images/about/family.jpg" has "fill" but is missing "sizes" prop. Please add it to improve page performance. Read more: https://nextjs.org/docs/api-reference/next/image#sizes @ http://localhost:3000/_next/static/chunks/node_modules_next_dist_0bc8q4g._.js:1233
[11560936ms] [LOG] [Fast Refresh] rebuilding @ http://localhost:3000/_next/static/chunks/node_modules_next_dist_0bc8q4g._.js:1233
[11561048ms] [LOG] [Fast Refresh] done in 217ms @ http://localhost:3000/_next/static/chunks/node_modules_next_dist_0bc8q4g._.js:1233
[11570221ms] [LOG] [Fast Refresh] rebuilding @ http://localhost:3000/_next/static/chunks/node_modules_next_dist_0bc8q4g._.js:1233
[11570383ms] [LOG] [Fast Refresh] done in 264ms @ http://localhost:3000/_next/static/chunks/node_modules_next_dist_0bc8q4g._.js:1233
[11654667ms] [LOG] [Fast Refresh] rebuilding @ http://localhost:3000/_next/static/chunks/node_modules_next_dist_0bc8q4g._.js:1233
[11654778ms] [LOG] [Fast Refresh] done in 221ms @ http://localhost:3000/_next/static/chunks/node_modules_next_dist_0bc8q4g._.js:1233
[11656067ms] [LOG] [Fast Refresh] rebuilding @ http://localhost:3000/_next/static/chunks/node_modules_next_dist_0bc8q4g._.js:1233
[11656097ms] [LOG] [Fast Refresh] done in 137ms @ http://localhost:3000/_next/static/chunks/node_modules_next_dist_0bc8q4g._.js:1233
[11656272ms] [LOG] [Fast Refresh] rebuilding @ http://localhost:3000/_next/static/chunks/node_modules_next_dist_0bc8q4g._.js:1233
[11656376ms] [LOG] [Fast Refresh] done in 204ms @ http://localhost:3000/_next/static/chunks/node_modules_next_dist_0bc8q4g._.js:1233
[11693848ms] [LOG] [Fast Refresh] rebuilding @ http://localhost:3000/_next/static/chunks/node_modules_next_dist_0bc8q4g._.js:1233
[11694001ms] [LOG] [Fast Refresh] done in 254ms @ http://localhost:3000/_next/static/chunks/node_modules_next_dist_0bc8q4g._.js:1233
[11694105ms] [LOG] [Fast Refresh] rebuilding @ http://localhost:3000/_next/static/chunks/node_modules_next_dist_0bc8q4g._.js:1233
[11694105ms] [LOG] [Fast Refresh] done in 103ms @ http://localhost:3000/_next/static/chunks/node_modules_next_dist_0bc8q4g._.js:1233
[11694207ms] [LOG] [Fast Refresh] rebuilding @ http://localhost:3000/_next/static/chunks/node_modules_next_dist_0bc8q4g._.js:1233
[11694210ms] [LOG] [Fast Refresh] done in 104ms @ http://localhost:3000/_next/static/chunks/node_modules_next_dist_0bc8q4g._.js:1233
[11694385ms] [LOG] [Fast Refresh] rebuilding @ http://localhost:3000/_next/static/chunks/node_modules_next_dist_0bc8q4g._.js:1233
[11694445ms] [LOG] [Fast Refresh] done in 165ms @ http://localhost:3000/_next/static/chunks/node_modules_next_dist_0bc8q4g._.js:1233
[11694625ms] [LOG] [Fast Refresh] rebuilding @ http://localhost:3000/_next/static/chunks/node_modules_next_dist_0bc8q4g._.js:1233
[11694634ms] [LOG] [Fast Refresh] done in 113ms @ http://localhost:3000/_next/static/chunks/node_modules_next_dist_0bc8q4g._.js:1233
[11705983ms] [LOG] [Fast Refresh] rebuilding @ http://localhost:3000/_next/static/chunks/node_modules_next_dist_0bc8q4g._.js:1233
[11706346ms] [LOG] [Fast Refresh] done in 464ms @ http://localhost:3000/_next/static/chunks/node_modules_next_dist_0bc8q4g._.js:1233
[11706620ms] [LOG] [Fast Refresh] rebuilding @ http://localhost:3000/_next/static/chunks/node_modules_next_dist_0bc8q4g._.js:1233
[11706659ms] [LOG] [Fast Refresh] done in 145ms @ http://localhost:3000/_next/static/chunks/node_modules_next_dist_0bc8q4g._.js:1233
[12231782ms] [LOG] [Fast Refresh] rebuilding @ http://localhost:3000/_next/static/chunks/node_modules_next_dist_0bc8q4g._.js:1233
[12231805ms] [LOG] [Fast Refresh] done in 107ms @ http://localhost:3000/_next/static/chunks/node_modules_next_dist_0bc8q4g._.js:1233
[12383474ms] [LOG] [Fast Refresh] rebuilding @ http://localhost:3000/_next/static/chunks/node_modules_next_dist_0bc8q4g._.js:1233
[12383567ms] [LOG] [Fast Refresh] done in 64ms @ http://localhost:3000/_next/static/chunks/node_modules_next_dist_0bc8q4g._.js:1233
[12398575ms] [LOG] [Fast Refresh] rebuilding @ http://localhost:3000/_next/static/chunks/node_modules_next_dist_0bc8q4g._.js:1233
[12398913ms] [LOG] [Fast Refresh] done in 452ms @ http://localhost:3000/_next/static/chunks/node_modules_next_dist_0bc8q4g._.js:1233
[12399021ms] [INFO] %cDownload the React DevTools for a better development experience: https://reactjs.org/link/react-devtools font-weight:bold @ http://localhost:3000/_next/static/chunks/node_modules_react-dom_cjs_react-dom_development_07i0ttg.js:25055
[12399121ms] [LOG] [HMR] connected @ http://localhost:3000/_next/static/chunks/node_modules_next_dist_0bc8q4g._.js:1233
[12399181ms] [ERROR] Warning: Prop `%s` did not match. Server: %s Client: %s%s href "/login#" "/login?next=%2Flogin%3Fnext%3D%252Flogin%253Fnext%253D%25252Flogin%25253Fnext%25253D%2525252Flogin%2525253Fnext%2525253D%252525252Flogin%252525253Fnext%252525253D%25252525252Flogin%25252525253Fnext%25252525253D%2525252525252Flogin%2525252525253Fnext%2525252525253D%252525252525252Flogin%252525252525253Fnext%252525252525253D%25252525252525252Flogin%25252525252525253Fnext%25252525252525253D%2525252525252525252Flogin%2525252525252525253Fnext%2525252525252525253D%252525252525252525252Flogin%252525252525252525253Fnext%252525252525252525253D%25252525252525252525252Flogin%25252525252525252525253Fnext%25252525252525252525253D%2525252525252525252525252Flogin%2525252525252525252525253Fnext%2525252525252525252525253D%252525252525252525252525252Flogin%252525252525252525252525253Fnext%252525252525252525252525253D%25252525252525252525252525252Flogin%25252525252525252525252525253Fnext%25252525252525252525252525253D%2525252525252525252525252525252Flogin%2525252525252525252525252525253Fnext%2525252525252525252525252525253D%252525252525252525252525252525252Flogin%252525252525252525252525252525253Fnext%252525252525252525252525252525253D%25252525252525252525252525252525252Flogin%25252525252525252525252525252525253Fnext%25252525252525252525252525252525253D%2525252525252525252525252525252525252Flogin%2525252525252525252525252525252525253Fnext%2525252525252525252525252525252525253D%252525252525252525252525252525252525252Flogin%252525252525252525252525252525252525253Fnext%252525252525252525252525252525252525253D%25252525252525252525252525252525252525252Flogin%25252525252525252525252525252525252525253Fnext%25252525252525252525252525252525252525253D%2525252525252525252525252525252525252525252Flogin%2525252525252525252525252525252525252525253Fnext%2525252525252525252525252525252525252525253D%252525252525252525252525252525252525252525252Flogin%252525252525252525252525252525252525252525253Fnext%252525252525252525252525252525252525252525253D%25252525252525252525252525252525252525252525252Ftree#" 
    at a
    at LinkComponent (http://localhost:3000/_next/static/chunks/node_modules_next_dist_client_0k7d74y._.js:4517:19)
    at P (http://localhost:3000/_next/static/chunks/node_modules_0vg60lq._.js:2297:10)
    at div
    at P (http://localhost:3000/_next/static/chunks/node_modules_0vg60lq._.js:2297:10)
    at div
    at P (http://localhost:3000/_next/static/chunks/node_modules_0vg60lq._.js:2297:10)
    at Sandwich (http://localhost:3000/_next/static/chunks/%5Broot-of-the-server%5D__0k7id9v._.js:2036:198)
    at Layout (http://localhost:3000/_next/static/chunks/%5Broot-of-the-server%5D__0k7id9v._.js:2318:19)
    at LoginPage (http://localhost:3000/_next/static/chunks/%5Broot-of-the-server%5D__0k7id9v._.js:3028:22)
    at Transition (http://localhost:3000/_next/static/chunks/node_modules_0vg60lq._.js:4002:34)
    at SwitchTransition (http://localhost:3000/_next/static/chunks/node_modules_0vg60lq._.js:4565:39)
    at div
    at P (http://localhost:3000/_next/static/chunks/node_modules_0vg60lq._.js:2297:10)
    at AppWrapper (http://localhost:3000/_next/static/chunks/%5Broot-of-the-server%5D__0tlfi-4._.js:1227:23)
    at div
    at RecoilRoot_INTERNAL (http://localhost:3000/_next/static/chunks/node_modules_recoil_es_index_0s4zp2r.js:3375:32)
    at RecoilRoot (http://localhost:3000/_next/static/chunks/node_modules_recoil_es_index_0s4zp2r.js:3522:13)
    at MyApp (http://localhost:3000/_next/static/chunks/%5Broot-of-the-server%5D__0tlfi-4._.js:1375:18)
    at I18nextProvider (http://localhost:3000/_next/static/chunks/node_modules_0vg60lq._.js:4880:21)
    at AppWithTranslation (http://localhost:3000/_next/static/chunks/node_modules_0vg60lq._.js:5213:26)
    at PathnameContextProviderAdapter (http://localhost:3000/_next/static/chunks/node_modules_next_dist_shared_lib_0cx--aq._.js:5590:43)
    at PagesDevOverlayErrorBoundary (http://localhost:3000/_next/static/chunks/node_modules_next_dist_0bc8q4g._.js:1144:9)
    at PagesDevOverlayBridge (http://localhost:3000/_next/static/chunks/node_modules_next_dist_0bc8q4g._.js:1926:34)
    at Container (http://localhost:3000/_next/static/chunks/node_modules_next_dist_client_0pe1dg-._.js:3166:1)
    at AppContainer (http://localhost:3000/_next/static/chunks/node_modules_next_dist_client_0pe1dg-._.js:3289:25)
    at Root (http://localhost:3000/_next/static/chunks/node_modules_next_dist_client_0pe1dg-._.js:3498:17) @ http://localhost:3000/_next/static/chunks/node_modules_next_dist_0bc8q4g._.js:1952
[12402722ms] [LOG] [Fast Refresh] rebuilding @ http://localhost:3000/_next/static/chunks/node_modules_next_dist_0bc8q4g._.js:1233
[12402783ms] [LOG] [Fast Refresh] done in 132ms @ http://localhost:3000/_next/static/chunks/node_modules_next_dist_0bc8q4g._.js:1233
[12410503ms] [LOG] [Fast Refresh] rebuilding @ http://localhost:3000/_next/static/chunks/node_modules_next_dist_0bc8q4g._.js:1233
[12410528ms] [LOG] [Fast Refresh] done in 46ms @ http://localhost:3000/_next/static/chunks/node_modules_next_dist_0bc8q4g._.js:1233
[12436072ms] [LOG] [Fast Refresh] rebuilding @ http://localhost:3000/_next/static/chunks/node_modules_next_dist_0bc8q4g._.js:1233
[12436095ms] [LOG] [Fast Refresh] done in 55ms @ http://localhost:3000/_next/static/chunks/node_modules_next_dist_0bc8q4g._.js:1233
[12437827ms] [LOG] [Fast Refresh] rebuilding @ http://localhost:3000/_next/static/chunks/node_modules_next_dist_0bc8q4g._.js:1233
[12437857ms] [LOG] [Fast Refresh] done in 56ms @ http://localhost:3000/_next/static/chunks/node_modules_next_dist_0bc8q4g._.js:1233
[12578920ms] [LOG] [Fast Refresh] rebuilding @ http://localhost:3000/_next/static/chunks/node_modules_next_dist_0bc8q4g._.js:1233
[12585068ms] [LOG] [Fast Refresh] done in 6249ms @ http://localhost:3000/_next/static/chunks/node_modules_next_dist_0bc8q4g._.js:1233
[12585076ms] [ERROR] Warning: findDOMNode is deprecated and will be removed in the next major release. Instead, add a ref directly to the element you want to reference. Learn more about using refs safely here: https://reactjs.org/link/strict-mode-find-node%s 
    at Transition (http://localhost:3000/_next/static/chunks/node_modules_0vg60lq._.js:4002:34)
    at SwitchTransition (http://localhost:3000/_next/static/chunks/node_modules_0vg60lq._.js:4565:39)
    at div
    at P (http://localhost:3000/_next/static/chunks/node_modules_0vg60lq._.js:2297:10)
    at AppWrapper (http://localhost:3000/_next/static/chunks/%5Broot-of-the-server%5D__0tlfi-4._.js:1227:23)
    at div
    at RecoilRoot_INTERNAL (http://localhost:3000/_next/static/chunks/node_modules_recoil_es_index_0s4zp2r.js:3375:32)
    at RecoilRoot (http://localhost:3000/_next/static/chunks/node_modules_recoil_es_index_0s4zp2r.js:3522:13)
    at MyApp (http://localhost:3000/_next/static/chunks/%5Broot-of-the-server%5D__0tlfi-4._.js:1375:18)
    at I18nextProvider (http://localhost:3000/_next/static/chunks/node_modules_0vg60lq._.js:4880:21)
    at AppWithTranslation (http://localhost:3000/_next/static/chunks/node_modules_0vg60lq._.js:5213:26)
    at PathnameContextProviderAdapter (http://localhost:3000/_next/static/chunks/node_modules_next_dist_shared_lib_0cx--aq._.js:5590:43)
    at PagesDevOverlayErrorBoundary (http://localhost:3000/_next/static/chunks/node_modules_next_dist_0bc8q4g._.js:1144:9)
    at PagesDevOverlayBridge (http://localhost:3000/_next/static/chunks/node_modules_next_dist_0bc8q4g._.js:1926:34)
    at Container (http://localhost:3000/_next/static/chunks/node_modules_next_dist_client_0pe1dg-._.js:3166:1)
    at AppContainer (http://localhost:3000/_next/static/chunks/node_modules_next_dist_client_0pe1dg-._.js:3289:25)
    at Root (http://localhost:3000/_next/static/chunks/node_modules_next_dist_client_0pe1dg-._.js:3498:17) @ http://localhost:3000/_next/static/chunks/node_modules_next_dist_0bc8q4g._.js:1952
