[     143ms] [INFO] %cDownload the React DevTools for a better development experience: https://reactjs.org/link/react-devtools font-weight:bold @ http://localhost:3000/_next/static/chunks/node_modules_react-dom_cjs_react-dom_development_07i0ttg.js:25055
[     218ms] [LOG] [HMR] connected @ http://localhost:3000/_next/static/chunks/node_modules_next_dist_0bc8q4g._.js:1233
[     279ms] [WARNING] Image with src "/images/fon.jpg" has legacy prop "layout". Did you forget to run the codemod?
Read more: https://nextjs.org/docs/messages/next-image-upgrade-to-13 @ http://localhost:3000/_next/static/chunks/node_modules_next_dist_0bc8q4g._.js:1233
[     279ms] [WARNING] Image with src "/images/fon.jpg" has legacy prop "objectFit". Did you forget to run the codemod?
Read more: https://nextjs.org/docs/messages/next-image-upgrade-to-13 @ http://localhost:3000/_next/static/chunks/node_modules_next_dist_0bc8q4g._.js:1233
[     472ms] [WARNING] Image with src "/images/fon.jpg" was detected as the Largest Contentful Paint (LCP). Please add the `loading="eager"` property if this image is above the fold.
Read more: https://nextjs.org/docs/app/api-reference/components/image#loading @ http://localhost:3000/_next/static/chunks/node_modules_next_dist_0bc8q4g._.js:1233
[  480575ms] [ERROR] Unable to preventDefault inside passive event listener invocation. @ http://localhost:3000/_next/static/chunks/node_modules_react-dom_cjs_react-dom_development_07i0ttg.js:5995
[  480584ms] [ERROR] Unable to preventDefault inside passive event listener invocation. @ http://localhost:3000/_next/static/chunks/node_modules_react-dom_cjs_react-dom_development_07i0ttg.js:5995
[  480590ms] [ERROR] Unable to preventDefault inside passive event listener invocation. @ http://localhost:3000/_next/static/chunks/node_modules_react-dom_cjs_react-dom_development_07i0ttg.js:5995
[  480596ms] [ERROR] Unable to preventDefault inside passive event listener invocation. @ http://localhost:3000/_next/static/chunks/node_modules_react-dom_cjs_react-dom_development_07i0ttg.js:5995
[  480604ms] [ERROR] Unable to preventDefault inside passive event listener invocation. @ http://localhost:3000/_next/static/chunks/node_modules_react-dom_cjs_react-dom_development_07i0ttg.js:5995
[  480611ms] [ERROR] Unable to preventDefault inside passive event listener invocation. @ http://localhost:3000/_next/static/chunks/node_modules_react-dom_cjs_react-dom_development_07i0ttg.js:5995
[  480618ms] [ERROR] Unable to preventDefault inside passive event listener invocation. @ http://localhost:3000/_next/static/chunks/node_modules_react-dom_cjs_react-dom_development_07i0ttg.js:5995
[  480624ms] [ERROR] Unable to preventDefault inside passive event listener invocation. @ http://localhost:3000/_next/static/chunks/node_modules_react-dom_cjs_react-dom_development_07i0ttg.js:5995
[  480631ms] [ERROR] Unable to preventDefault inside passive event listener invocation. @ http://localhost:3000/_next/static/chunks/node_modules_react-dom_cjs_react-dom_development_07i0ttg.js:5995
[  480639ms] [ERROR] Unable to preventDefault inside passive event listener invocation. @ http://localhost:3000/_next/static/chunks/node_modules_react-dom_cjs_react-dom_development_07i0ttg.js:5995
[  480645ms] [ERROR] Unable to preventDefault inside passive event listener invocation. @ http://localhost:3000/_next/static/chunks/node_modules_react-dom_cjs_react-dom_development_07i0ttg.js:5995
[  480652ms] [ERROR] Unable to preventDefault inside passive event listener invocation. @ http://localhost:3000/_next/static/chunks/node_modules_react-dom_cjs_react-dom_development_07i0ttg.js:5995
[  480659ms] [ERROR] Unable to preventDefault inside passive event listener invocation. @ http://localhost:3000/_next/static/chunks/node_modules_react-dom_cjs_react-dom_development_07i0ttg.js:5995
[  480666ms] [ERROR] Unable to preventDefault inside passive event listener invocation. @ http://localhost:3000/_next/static/chunks/node_modules_react-dom_cjs_react-dom_development_07i0ttg.js:5995
[  480673ms] [ERROR] Unable to preventDefault inside passive event listener invocation. @ http://localhost:3000/_next/static/chunks/node_modules_react-dom_cjs_react-dom_development_07i0ttg.js:5995
[  480680ms] [ERROR] Unable to preventDefault inside passive event listener invocation. @ http://localhost:3000/_next/static/chunks/node_modules_react-dom_cjs_react-dom_development_07i0ttg.js:5995
[  480938ms] [ERROR] Unable to preventDefault inside passive event listener invocation. @ http://localhost:3000/_next/static/chunks/node_modules_react-dom_cjs_react-dom_development_07i0ttg.js:5995
[  480951ms] [ERROR] Unable to preventDefault inside passive event listener invocation. @ http://localhost:3000/_next/static/chunks/node_modules_react-dom_cjs_react-dom_development_07i0ttg.js:5995
[  480958ms] [ERROR] Unable to preventDefault inside passive event listener invocation. @ http://localhost:3000/_next/static/chunks/node_modules_react-dom_cjs_react-dom_development_07i0ttg.js:5995
[  480965ms] [ERROR] Unable to preventDefault inside passive event listener invocation. @ http://localhost:3000/_next/static/chunks/node_modules_react-dom_cjs_react-dom_development_07i0ttg.js:5995
[  480971ms] [ERROR] Unable to preventDefault inside passive event listener invocation. @ http://localhost:3000/_next/static/chunks/node_modules_react-dom_cjs_react-dom_development_07i0ttg.js:5995
[  480979ms] [ERROR] Unable to preventDefault inside passive event listener invocation. @ http://localhost:3000/_next/static/chunks/node_modules_react-dom_cjs_react-dom_development_07i0ttg.js:5995
[  480986ms] [ERROR] Unable to preventDefault inside passive event listener invocation. @ http://localhost:3000/_next/static/chunks/node_modules_react-dom_cjs_react-dom_development_07i0ttg.js:5995
[  480993ms] [ERROR] Unable to preventDefault inside passive event listener invocation. @ http://localhost:3000/_next/static/chunks/node_modules_react-dom_cjs_react-dom_development_07i0ttg.js:5995
[  480999ms] [ERROR] Unable to preventDefault inside passive event listener invocation. @ http://localhost:3000/_next/static/chunks/node_modules_react-dom_cjs_react-dom_development_07i0ttg.js:5995
[  481006ms] [ERROR] Unable to preventDefault inside passive event listener invocation. @ http://localhost:3000/_next/static/chunks/node_modules_react-dom_cjs_react-dom_development_07i0ttg.js:5995
[  481013ms] [ERROR] Unable to preventDefault inside passive event listener invocation. @ http://localhost:3000/_next/static/chunks/node_modules_react-dom_cjs_react-dom_development_07i0ttg.js:5995
[  481019ms] [ERROR] Unable to preventDefault inside passive event listener invocation. @ http://localhost:3000/_next/static/chunks/node_modules_react-dom_cjs_react-dom_development_07i0ttg.js:5995
[  481027ms] [ERROR] Unable to preventDefault inside passive event listener invocation. @ http://localhost:3000/_next/static/chunks/node_modules_react-dom_cjs_react-dom_development_07i0ttg.js:5995
[  481034ms] [ERROR] Unable to preventDefault inside passive event listener invocation. @ http://localhost:3000/_next/static/chunks/node_modules_react-dom_cjs_react-dom_development_07i0ttg.js:5995
[  604741ms] [LOG] [Fast Refresh] rebuilding @ http://localhost:3000/_next/static/chunks/node_modules_next_dist_0bc8q4g._.js:1233
[  604768ms] [LOG] [Fast Refresh] done in 133ms @ http://localhost:3000/_next/static/chunks/node_modules_next_dist_0bc8q4g._.js:1233
[  608131ms] [LOG] [Fast Refresh] rebuilding @ http://localhost:3000/_next/static/chunks/node_modules_next_dist_0bc8q4g._.js:1233
[  608161ms] [LOG] [Fast Refresh] done in 139ms @ http://localhost:3000/_next/static/chunks/node_modules_next_dist_0bc8q4g._.js:1233
[  618621ms] [LOG] [Fast Refresh] rebuilding @ http://localhost:3000/_next/static/chunks/node_modules_next_dist_0bc8q4g._.js:1233
[  618784ms] [LOG] [Fast Refresh] done in 285ms @ http://localhost:3000/_next/static/chunks/node_modules_next_dist_0bc8q4g._.js:1233
[  618911ms] [LOG] [Fast Refresh] rebuilding @ http://localhost:3000/_next/static/chunks/node_modules_next_dist_0bc8q4g._.js:1233
[  619012ms] [LOG] [Fast Refresh] done in 222ms @ http://localhost:3000/_next/static/chunks/node_modules_next_dist_0bc8q4g._.js:1233
[  893082ms] [LOG] [HMR] connected @ http://localhost:3000/_next/static/chunks/node_modules_next_dist_0bc8q4g._.js:1233
[  895201ms] [INFO] %cDownload the React DevTools for a better development experience: https://reactjs.org/link/react-devtools font-weight:bold @ http://localhost:3000/_next/static/chunks/node_modules_react-dom_cjs_react-dom_development_07i0ttg.js:25055
[  895359ms] [LOG] [HMR] connected @ http://localhost:3000/_next/static/chunks/node_modules_next_dist_0bc8q4g._.js:1233
[  895464ms] [WARNING] Image with src "/images/fon.jpg" has legacy prop "layout". Did you forget to run the codemod?
Read more: https://nextjs.org/docs/messages/next-image-upgrade-to-13 @ http://localhost:3000/_next/static/chunks/node_modules_next_dist_0bc8q4g._.js:1233
[  895464ms] [WARNING] Image with src "/images/fon.jpg" has legacy prop "objectFit". Did you forget to run the codemod?
Read more: https://nextjs.org/docs/messages/next-image-upgrade-to-13 @ http://localhost:3000/_next/static/chunks/node_modules_next_dist_0bc8q4g._.js:1233
[  895702ms] [WARNING] Image with src "/images/fon.jpg" was detected as the Largest Contentful Paint (LCP). Please add the `loading="eager"` property if this image is above the fold.
Read more: https://nextjs.org/docs/app/api-reference/components/image#loading @ http://localhost:3000/_next/static/chunks/node_modules_next_dist_0bc8q4g._.js:1233
[  940978ms] [LOG] [Fast Refresh] rebuilding @ http://localhost:3000/_next/static/chunks/node_modules_next_dist_0bc8q4g._.js:1233
[  941006ms] [LOG] [Fast Refresh] done in 138ms @ http://localhost:3000/_next/static/chunks/node_modules_next_dist_0bc8q4g._.js:1233
[ 1378879ms] [LOG] [Fast Refresh] rebuilding @ http://localhost:3000/_next/static/chunks/node_modules_next_dist_0bc8q4g._.js:1233
[ 1378879ms] [LOG] [Fast Refresh] done in 107ms @ http://localhost:3000/_next/static/chunks/node_modules_next_dist_0bc8q4g._.js:1233
[ 2030798ms] [LOG] [Fast Refresh] rebuilding @ http://localhost:3000/_next/static/chunks/node_modules_next_dist_0bc8q4g._.js:1233
[ 2030834ms] [LOG] [Fast Refresh] done in 144ms @ http://localhost:3000/_next/static/chunks/node_modules_next_dist_0bc8q4g._.js:1233
[ 2155065ms] [LOG] [Fast Refresh] rebuilding @ http://localhost:3000/_next/static/chunks/node_modules_next_dist_0bc8q4g._.js:1233
[ 2155906ms] [LOG] [Fast Refresh] done in 948ms @ http://localhost:3000/_next/static/chunks/node_modules_next_dist_0bc8q4g._.js:1233
[ 2262969ms] [LOG] [Fast Refresh] rebuilding @ http://localhost:3000/_next/static/chunks/node_modules_next_dist_0bc8q4g._.js:1233
[ 2267011ms] [LOG] [Fast Refresh] done in 4086ms @ http://localhost:3000/_next/static/chunks/node_modules_next_dist_0bc8q4g._.js:1233
[ 2360952ms] [LOG] [Fast Refresh] rebuilding @ http://localhost:3000/_next/static/chunks/node_modules_next_dist_0bc8q4g._.js:1233
[ 2360982ms] [LOG] [Fast Refresh] done in 63ms @ http://localhost:3000/_next/static/chunks/node_modules_next_dist_0bc8q4g._.js:1233
[ 2419981ms] [LOG] [Fast Refresh] rebuilding @ http://localhost:3000/_next/static/chunks/node_modules_next_dist_0bc8q4g._.js:1233
[ 2420686ms] [LOG] [Fast Refresh] done in 814ms @ http://localhost:3000/_next/static/chunks/node_modules_next_dist_0bc8q4g._.js:1233
[ 2550729ms] [LOG] [Fast Refresh] rebuilding @ http://localhost:3000/_next/static/chunks/node_modules_next_dist_0bc8q4g._.js:1233
[ 2550745ms] [LOG] [Fast Refresh] done in 61ms @ http://localhost:3000/_next/static/chunks/node_modules_next_dist_0bc8q4g._.js:1233
[ 2785847ms] [LOG] [Fast Refresh] rebuilding @ http://localhost:3000/_next/static/chunks/node_modules_next_dist_0bc8q4g._.js:1233
[ 2785949ms] [LOG] [Fast Refresh] done in 208ms @ http://localhost:3000/_next/static/chunks/node_modules_next_dist_0bc8q4g._.js:1233
[ 2862958ms] [LOG] [Fast Refresh] rebuilding @ http://localhost:3000/_next/static/chunks/node_modules_next_dist_0bc8q4g._.js:1233
[ 2864593ms] [LOG] [Fast Refresh] done in 1742ms @ http://localhost:3000/_next/static/chunks/node_modules_next_dist_0bc8q4g._.js:1233
[ 2919760ms] [LOG] [Fast Refresh] rebuilding @ http://localhost:3000/_next/static/chunks/node_modules_next_dist_0bc8q4g._.js:1233
[ 2919880ms] [LOG] [Fast Refresh] done in 349ms @ http://localhost:3000/_next/static/chunks/node_modules_next_dist_0bc8q4g._.js:1233
[ 3006058ms] [LOG] [Fast Refresh] rebuilding @ http://localhost:3000/_next/static/chunks/node_modules_next_dist_0bc8q4g._.js:1233
[ 3006181ms] [LOG] [Fast Refresh] done in 229ms @ http://localhost:3000/_next/static/chunks/node_modules_next_dist_0bc8q4g._.js:1233
[ 3042276ms] [LOG] [Fast Refresh] rebuilding @ http://localhost:3000/_next/static/chunks/node_modules_next_dist_0bc8q4g._.js:1233
[ 3042491ms] [LOG] [Fast Refresh] done in 323ms @ http://localhost:3000/_next/static/chunks/node_modules_next_dist_0bc8q4g._.js:1233
[ 3071865ms] [ERROR] Unable to preventDefault inside passive event listener invocation. @ http://localhost:3000/_next/static/chunks/node_modules_react-dom_cjs_react-dom_development_07i0ttg.js:5995
[ 3071873ms] [ERROR] Unable to preventDefault inside passive event listener invocation. @ http://localhost:3000/_next/static/chunks/node_modules_react-dom_cjs_react-dom_development_07i0ttg.js:5995
[ 3071879ms] [ERROR] Unable to preventDefault inside passive event listener invocation. @ http://localhost:3000/_next/static/chunks/node_modules_react-dom_cjs_react-dom_development_07i0ttg.js:5995
[ 3071885ms] [ERROR] Unable to preventDefault inside passive event listener invocation. @ http://localhost:3000/_next/static/chunks/node_modules_react-dom_cjs_react-dom_development_07i0ttg.js:5995
[ 3071891ms] [ERROR] Unable to preventDefault inside passive event listener invocation. @ http://localhost:3000/_next/static/chunks/node_modules_react-dom_cjs_react-dom_development_07i0ttg.js:5995
[ 3071898ms] [ERROR] Unable to preventDefault inside passive event listener invocation. @ http://localhost:3000/_next/static/chunks/node_modules_react-dom_cjs_react-dom_development_07i0ttg.js:5995
[ 3071905ms] [ERROR] Unable to preventDefault inside passive event listener invocation. @ http://localhost:3000/_next/static/chunks/node_modules_react-dom_cjs_react-dom_development_07i0ttg.js:5995
[ 3071912ms] [ERROR] Unable to preventDefault inside passive event listener invocation. @ http://localhost:3000/_next/static/chunks/node_modules_react-dom_cjs_react-dom_development_07i0ttg.js:5995
[ 3071918ms] [ERROR] Unable to preventDefault inside passive event listener invocation. @ http://localhost:3000/_next/static/chunks/node_modules_react-dom_cjs_react-dom_development_07i0ttg.js:5995
[ 3071925ms] [ERROR] Unable to preventDefault inside passive event listener invocation. @ http://localhost:3000/_next/static/chunks/node_modules_react-dom_cjs_react-dom_development_07i0ttg.js:5995
[ 3071933ms] [ERROR] Unable to preventDefault inside passive event listener invocation. @ http://localhost:3000/_next/static/chunks/node_modules_react-dom_cjs_react-dom_development_07i0ttg.js:5995
[ 3071940ms] [ERROR] Unable to preventDefault inside passive event listener invocation. @ http://localhost:3000/_next/static/chunks/node_modules_react-dom_cjs_react-dom_development_07i0ttg.js:5995
[ 3071947ms] [ERROR] Unable to preventDefault inside passive event listener invocation. @ http://localhost:3000/_next/static/chunks/node_modules_react-dom_cjs_react-dom_development_07i0ttg.js:5995
[ 3072391ms] [ERROR] Unable to preventDefault inside passive event listener invocation. @ http://localhost:3000/_next/static/chunks/node_modules_react-dom_cjs_react-dom_development_07i0ttg.js:5995
[ 3072398ms] [ERROR] Unable to preventDefault inside passive event listener invocation. @ http://localhost:3000/_next/static/chunks/node_modules_react-dom_cjs_react-dom_development_07i0ttg.js:5995
[ 3072406ms] [ERROR] Unable to preventDefault inside passive event listener invocation. @ http://localhost:3000/_next/static/chunks/node_modules_react-dom_cjs_react-dom_development_07i0ttg.js:5995
[ 3072414ms] [ERROR] Unable to preventDefault inside passive event listener invocation. @ http://localhost:3000/_next/static/chunks/node_modules_react-dom_cjs_react-dom_development_07i0ttg.js:5995
[ 3072419ms] [ERROR] Unable to preventDefault inside passive event listener invocation. @ http://localhost:3000/_next/static/chunks/node_modules_react-dom_cjs_react-dom_development_07i0ttg.js:5995
[ 3072425ms] [ERROR] Unable to preventDefault inside passive event listener invocation. @ http://localhost:3000/_next/static/chunks/node_modules_react-dom_cjs_react-dom_development_07i0ttg.js:5995
[ 3072433ms] [ERROR] Unable to preventDefault inside passive event listener invocation. @ http://localhost:3000/_next/static/chunks/node_modules_react-dom_cjs_react-dom_development_07i0ttg.js:5995
[ 3072439ms] [ERROR] Unable to preventDefault inside passive event listener invocation. @ http://localhost:3000/_next/static/chunks/node_modules_react-dom_cjs_react-dom_development_07i0ttg.js:5995
[ 3072447ms] [ERROR] Unable to preventDefault inside passive event listener invocation. @ http://localhost:3000/_next/static/chunks/node_modules_react-dom_cjs_react-dom_development_07i0ttg.js:5995
[ 3072454ms] [ERROR] Unable to preventDefault inside passive event listener invocation. @ http://localhost:3000/_next/static/chunks/node_modules_react-dom_cjs_react-dom_development_07i0ttg.js:5995
[ 3072460ms] [ERROR] Unable to preventDefault inside passive event listener invocation. @ http://localhost:3000/_next/static/chunks/node_modules_react-dom_cjs_react-dom_development_07i0ttg.js:5995
[ 3072467ms] [ERROR] Unable to preventDefault inside passive event listener invocation. @ http://localhost:3000/_next/static/chunks/node_modules_react-dom_cjs_react-dom_development_07i0ttg.js:5995
[ 3072474ms] [ERROR] Unable to preventDefault inside passive event listener invocation. @ http://localhost:3000/_next/static/chunks/node_modules_react-dom_cjs_react-dom_development_07i0ttg.js:5995
[ 3072481ms] [ERROR] Unable to preventDefault inside passive event listener invocation. @ http://localhost:3000/_next/static/chunks/node_modules_react-dom_cjs_react-dom_development_07i0ttg.js:5995
[ 3072488ms] [ERROR] Unable to preventDefault inside passive event listener invocation. @ http://localhost:3000/_next/static/chunks/node_modules_react-dom_cjs_react-dom_development_07i0ttg.js:5995
[ 3126234ms] [LOG] [Fast Refresh] rebuilding @ http://localhost:3000/_next/static/chunks/node_modules_next_dist_0bc8q4g._.js:1233
[ 3126280ms] [LOG] [Fast Refresh] done in 93ms @ http://localhost:3000/_next/static/chunks/node_modules_next_dist_0bc8q4g._.js:1233
[ 3137388ms] [LOG] [Fast Refresh] rebuilding @ http://localhost:3000/_next/static/chunks/node_modules_next_dist_0bc8q4g._.js:1233
[ 3137583ms] [ERROR] Warning: findDOMNode is deprecated and will be removed in the next major release. Instead, add a ref directly to the element you want to reference. Learn more about using refs safely here: https://reactjs.org/link/strict-mode-find-node%s 
    at Transition (http://localhost:3000/_next/static/chunks/node_modules_0vg60lq._.js:4002:34)
    at SwitchTransition (http://localhost:3000/_next/static/chunks/node_modules_0vg60lq._.js:4565:39)
    at div
    at P (http://localhost:3000/_next/static/chunks/node_modules_0vg60lq._.js:2297:10)
    at AppWrapper (http://localhost:3000/_next/static/chunks/%5Broot-of-the-server%5D__0tlfi-4._.js:1227:23)
    at div
    at RecoilRoot_INTERNAL (http://localhost:3000/_next/static/chunks/node_modules_recoil_es_index_0s4zp2r.js:3375:32)
    at RecoilRoot (http://localhost:3000/_next/static/chunks/node_modules_recoil_es_index_0s4zp2r.js:3522:13)
    at MyApp (http://localhost:3000/_next/static/chunks/%5Broot-of-the-server%5D__0tlfi-4._.js:1375:18)
    at I18nextProvider (http://localhost:3000/_next/static/chunks/node_modules_0vg60lq._.js:4880:21)
    at AppWithTranslation (http://localhost:3000/_next/static/chunks/node_modules_0vg60lq._.js:5213:26)
    at PathnameContextProviderAdapter (http://localhost:3000/_next/static/chunks/node_modules_next_dist_shared_lib_0cx--aq._.js:5590:43)
    at PagesDevOverlayErrorBoundary (http://localhost:3000/_next/static/chunks/node_modules_next_dist_0bc8q4g._.js:1144:9)
    at PagesDevOverlayBridge (http://localhost:3000/_next/static/chunks/node_modules_next_dist_0bc8q4g._.js:1926:34)
    at Container (http://localhost:3000/_next/static/chunks/node_modules_next_dist_client_0pe1dg-._.js:3166:1)
    at AppContainer (http://localhost:3000/_next/static/chunks/node_modules_next_dist_client_0pe1dg-._.js:3289:25)
    at Root (http://localhost:3000/_next/static/chunks/node_modules_next_dist_client_0pe1dg-._.js:3498:17) @ http://localhost:3000/_next/static/chunks/node_modules_next_dist_0bc8q4g._.js:1952
[ 3138585ms] [WARNING] Image with src "/images/about/family.jpg" has "fill" but is missing "sizes" prop. Please add it to improve page performance. Read more: https://nextjs.org/docs/api-reference/next/image#sizes @ http://localhost:3000/_next/static/chunks/node_modules_next_dist_0bc8q4g._.js:1233
[ 3140272ms] [LOG] [Fast Refresh] done in 2993ms @ http://localhost:3000/_next/static/chunks/node_modules_next_dist_0bc8q4g._.js:1233
[ 3233998ms] [LOG] [Fast Refresh] rebuilding @ http://localhost:3000/_next/static/chunks/node_modules_next_dist_0bc8q4g._.js:1233
[ 3234230ms] [LOG] [Fast Refresh] done in 344ms @ http://localhost:3000/_next/static/chunks/node_modules_next_dist_0bc8q4g._.js:1233
[ 3384270ms] [LOG] [Fast Refresh] rebuilding @ http://localhost:3000/_next/static/chunks/node_modules_next_dist_0bc8q4g._.js:1233
[ 3384270ms] [LOG] [Fast Refresh] done in 104ms @ http://localhost:3000/_next/static/chunks/node_modules_next_dist_0bc8q4g._.js:1233
[ 3387444ms] [LOG] [Fast Refresh] rebuilding @ http://localhost:3000/_next/static/chunks/node_modules_next_dist_0bc8q4g._.js:1233
[ 3387460ms] [LOG] [Fast Refresh] done in 117ms @ http://localhost:3000/_next/static/chunks/node_modules_next_dist_0bc8q4g._.js:1233
[ 3391241ms] [LOG] [Fast Refresh] rebuilding @ http://localhost:3000/_next/static/chunks/node_modules_next_dist_0bc8q4g._.js:1233
[ 3391245ms] [LOG] [Fast Refresh] done in 110ms @ http://localhost:3000/_next/static/chunks/node_modules_next_dist_0bc8q4g._.js:1233
[ 3391425ms] [LOG] [Fast Refresh] rebuilding @ http://localhost:3000/_next/static/chunks/node_modules_next_dist_0bc8q4g._.js:1233
[ 3391499ms] [LOG] [Fast Refresh] done in 179ms @ http://localhost:3000/_next/static/chunks/node_modules_next_dist_0bc8q4g._.js:1233
[ 3391607ms] [LOG] [Fast Refresh] rebuilding @ http://localhost:3000/_next/static/chunks/node_modules_next_dist_0bc8q4g._.js:1233
[ 3391608ms] [LOG] [Fast Refresh] done in 106ms @ http://localhost:3000/_next/static/chunks/node_modules_next_dist_0bc8q4g._.js:1233
[ 3443727ms] [LOG] [Fast Refresh] rebuilding @ http://localhost:3000/_next/static/chunks/node_modules_next_dist_0bc8q4g._.js:1233
[ 3443791ms] [LOG] [Fast Refresh] done in 164ms @ http://localhost:3000/_next/static/chunks/node_modules_next_dist_0bc8q4g._.js:1233
[ 4321818ms] [LOG] [Fast Refresh] rebuilding @ http://localhost:3000/_next/static/chunks/node_modules_next_dist_0bc8q4g._.js:1233
[ 4323731ms] [LOG] [Fast Refresh] done in 3288ms @ http://localhost:3000/_next/static/chunks/node_modules_next_dist_0bc8q4g._.js:1233
[ 7346103ms] [LOG] [Fast Refresh] rebuilding @ http://localhost:3000/_next/static/chunks/node_modules_next_dist_0bc8q4g._.js:1233
[ 7346245ms] [LOG] [Fast Refresh] done in 244ms @ http://localhost:3000/_next/static/chunks/node_modules_next_dist_0bc8q4g._.js:1233
[ 7407942ms] [LOG] [Fast Refresh] rebuilding @ http://localhost:3000/_next/static/chunks/node_modules_next_dist_0bc8q4g._.js:1233
[ 7409669ms] [LOG] [Fast Refresh] done in 1839ms @ http://localhost:3000/_next/static/chunks/node_modules_next_dist_0bc8q4g._.js:1233
[ 7833919ms] [LOG] [Fast Refresh] rebuilding @ http://localhost:3000/_next/static/chunks/node_modules_next_dist_0bc8q4g._.js:1233
[ 7833943ms] [LOG] [Fast Refresh] done in 138ms @ http://localhost:3000/_next/static/chunks/node_modules_next_dist_0bc8q4g._.js:1233
[ 7840544ms] [LOG] [Fast Refresh] rebuilding @ http://localhost:3000/_next/static/chunks/node_modules_next_dist_0bc8q4g._.js:1233
[ 7840611ms] [LOG] [Fast Refresh] done in 169ms @ http://localhost:3000/_next/static/chunks/node_modules_next_dist_0bc8q4g._.js:1233
[ 7972624ms] [LOG] [Fast Refresh] rebuilding @ http://localhost:3000/_next/static/chunks/node_modules_next_dist_0bc8q4g._.js:1233
[ 7972927ms] [LOG] [Fast Refresh] done in 385ms @ http://localhost:3000/_next/static/chunks/node_modules_next_dist_0bc8q4g._.js:1233
[ 7978071ms] [LOG] [Fast Refresh] rebuilding @ http://localhost:3000/_next/static/chunks/node_modules_next_dist_0bc8q4g._.js:1233
[ 7978116ms] [LOG] [Fast Refresh] done in 110ms @ http://localhost:3000/_next/static/chunks/node_modules_next_dist_0bc8q4g._.js:1233
[ 8147818ms] [LOG] [Fast Refresh] rebuilding @ http://localhost:3000/_next/static/chunks/node_modules_next_dist_0bc8q4g._.js:1233
[ 8152676ms] [LOG] [Fast Refresh] done in 4961ms @ http://localhost:3000/_next/static/chunks/node_modules_next_dist_0bc8q4g._.js:1233
[ 8161843ms] [LOG] [Fast Refresh] rebuilding @ http://localhost:3000/_next/static/chunks/node_modules_next_dist_0bc8q4g._.js:1233
[ 8161857ms] [LOG] [Fast Refresh] done in 84ms @ http://localhost:3000/_next/static/chunks/node_modules_next_dist_0bc8q4g._.js:1233
[ 8162122ms] [LOG] [Fast Refresh] rebuilding @ http://localhost:3000/_next/static/chunks/node_modules_next_dist_0bc8q4g._.js:1233
[ 8162182ms] [ERROR] ./src/components/pages/LoginPage/LoginPage.styled.tsx:49:47
Unterminated template
  47 |         width: 500px;
  48 |         height: ${({ $mode }) => ($mode === 'register' ? '645px' : '484px')};
> 49 |         background: ${color('popupBackground')};
     |                                               ^
> 50 |         box-shadow: none;
     | ^^^^^^^^^^^^^^^^^^^^^^^^^
> 51 |
     | ^

Parsing ecmascript source code failed

Import traces:
  Browser:
    ./src/components/pages/LoginPage/LoginPage.styled.tsx
    ./src/pages/login.tsx

  SSR:
    ./src/components/pages/LoginPage/LoginPage.styled.tsx
    ./src/pages/login.tsx @ http://localhost:3000/_next/static/chunks/node_modules_next_dist_0bc8q4g._.js:1952
[ 8162465ms] [ERROR] ./src/components/pages/LoginPage/LoginPage.styled.tsx:49:47
Unterminated template
  47 |         width: 500px;
  48 |         height: ${({ $mode }) => ($mode === 'register' ? '645px' : '484px')};
> 49 |         background: ${color('popupBackground')};
     |                                               ^
> 50 |         box-shadow: none;
     | ^^^^^^^^^^^^^^^^^^^^^^^^^
> 51 |
     | ^

Parsing ecmascript source code failed

Import traces:
  Browser:
    ./src/components/pages/LoginPage/LoginPage.styled.tsx
    ./src/pages/login.tsx

  SSR:
    ./src/components/pages/LoginPage/LoginPage.styled.tsx
    ./src/pages/login.tsx @ http://localhost:3000/_next/static/chunks/node_modules_next_dist_0bc8q4g._.js:1952
[ 8162567ms] [LOG] [Fast Refresh] rebuilding @ http://localhost:3000/_next/static/chunks/node_modules_next_dist_0bc8q4g._.js:1233
[ 8164781ms] [ERROR] ./src/components/pages/LoginPage/LoginPage.styled.tsx:49:47
Unterminated template
  47 |         width: 500px;
  48 |         height: ${({ $mode }) => ($mode === 'register' ? '645px' : '484px')};
> 49 |         background: ${color('popupBackground')};
     |                                               ^
> 50 |         box-shadow: none;
     | ^^^^^^^^^^^^^^^^^^^^^^^^^
> 51 |
     | ^

Parsing ecmascript source code failed

Import traces:
  Browser:
    ./src/components/pages/LoginPage/LoginPage.styled.tsx
    ./src/pages/login.tsx

  SSR:
    ./src/components/pages/LoginPage/LoginPage.styled.tsx
    ./src/pages/login.tsx @ http://localhost:3000/_next/static/chunks/node_modules_next_dist_0bc8q4g._.js:1952
[ 8165154ms] [LOG] [Fast Refresh] rebuilding @ http://localhost:3000/_next/static/chunks/node_modules_next_dist_0bc8q4g._.js:1233
[ 8169440ms] [ERROR] ./src/components/pages/LoginPage/LoginPage.styled.tsx:49:47
Unterminated template
  47 |         width: 500px;
  48 |         height: ${({ $mode }) => ($mode === 'register' ? '645px' : '484px')};
> 49 |         background: ${color('popupBackground')};
     |                                               ^
> 50 |         box-shadow: none;
     | ^^^^^^^^^^^^^^^^^^^^^^^^^
> 51 |
     | ^

Parsing ecmascript source code failed

Import traces:
  Browser:
    ./src/components/pages/LoginPage/LoginPage.styled.tsx
    ./src/pages/login.tsx

  SSR:
    ./src/components/pages/LoginPage/LoginPage.styled.tsx
    ./src/pages/login.tsx @ http://localhost:3000/_next/static/chunks/node_modules_next_dist_0bc8q4g._.js:1952
[ 8187467ms] [LOG] [Fast Refresh] rebuilding @ http://localhost:3000/_next/static/chunks/node_modules_next_dist_0bc8q4g._.js:1233
[ 8188725ms] [ERROR] Failed to load resource: the server responded with a status of 500 (Internal Server Error) @ http://localhost:3000/about:0
[ 8189345ms] [INFO] %cDownload the React DevTools for a better development experience: https://reactjs.org/link/react-devtools font-weight:bold @ http://localhost:3000/_next/static/chunks/node_modules_react-dom_cjs_react-dom_development_07i0ttg.js:25055
[ 8189523ms] Error: ./src/components/pages/LoginPage/LoginPage.styled.tsx:49:47
Unterminated template
  47 |         width: 500px;
  48 |         height: ${({ $mode }) => ($mode === 'register' ? '645px' : '484px')};
> 49 |         background: ${color('popupBackground')};
     |                                               ^
> 50 |         box-shadow: none;
     | ^^^^^^^^^^^^^^^^^^^^^^^^^
> 51 |
     | ^

Parsing ecmascript source code failed

Import traces:
  Browser:
    ./src/components/pages/LoginPage/LoginPage.styled.tsx
    ./src/pages/login.tsx

  SSR:
    ./src/components/pages/LoginPage/LoginPage.styled.tsx
    ./src/pages/login.tsx


    at <unknown> (Error: ./src/components/pages/LoginPage/LoginPage.styled.tsx:49:47)
    at Object.getCompilationErrors (file://C:\Users\stani\projects\stammbaum\node_modules\next\dist\server\dev\hot-reloader-turbopack.js:1186:59)
    at DevBundlerService.getCompilationError (file://C:\Users\stani\projects\stammbaum\node_modules\next\dist\server\lib\dev-bundler-service.js:44:55)
    at DevServer.getCompilationError (file://C:\Users\stani\projects\stammbaum\node_modules\next\dist\server\dev\next-dev-server.js:720:42)
    at DevServer.findPageComponents (file://C:\Users\stani\projects\stammbaum\node_modules\next\dist\server\dev\next-dev-server.js:690:43)
    at async DevServer.renderErrorToResponseImpl (file://C:\Users\stani\projects\stammbaum\node_modules\next\dist\server\base-server.js:1753:26)
[ 8189464ms] [LOG] [HMR] connected @ http://localhost:3000/_next/static/chunks/node_modules_next_dist_0bc8q4g._.js:1233
[ 8189473ms] [ERROR] ./src/pages/login.tsx:6:1
Export Action doesn't exist in target module
   4 | import { serverSideTranslations } from 'next-i18next/serverSideTranslations';
   5 | import { useRouter } from 'next/router';
>  6 | import {
     | ^^^^^^^
>  7 |     Action,
     | ^^^^^^^^^^^
>  8 |     AuxiliaryAction,
     | ^^^^^^^^^^^^^^^^^^^^
>  9 |     CheckboxRow,
     | ^^^^^^^^^^^^^^^^
> 10 |     Close,
     | ^^^^^^^^^^
> 11 |     Error,
     | ^^^^^^^^^^
> 12 |     Form,
     | ^^^^^^^^^
> 13 |     Input,
     | ^^^^^^^^^^
> 14 |     Modal,
     | ^^^^^^^^^^
> 15 |     ModalBody,
     | ^^^^^^^^^^^^^^
> 16 |     ModalHeader,
     | ^^^^^^^^^^^^^^^^
> 17 |     Page,
     | ^^^^^^^^^
> 18 |     Status,
     | ^^^^^^^^^^^
> 19 |     Tab,
     | ^^^^^^^^
> 20 |     Tabs,
     | ^^^^^^^^^
> 21 |     Title
     | ^^^^^^^^^
> 22 | } from '@/components/pages/LoginPage/LoginPage.styled';
     | ^^^^^^^^^^^^^^^^^^^^^^^^^^^^^^^^^^^^^^^^^^^^^^^^^^^^^^^
  23 |
  24 | type User = { username: string; email: string; password: string };
  25 |

The export Action was not found in module [project]/src/components/pages/LoginPage/LoginPage.styled.tsx [client] (ecmascript).
Did you mean to import CheckboxRow?
All exports of the module are statically known (It doesn't have dynamic exports). So it's known statically that the requested export doesn't exist. @ http://localhost:3000/_next/static/chunks/node_modules_next_dist_0bc8q4g._.js:1952
[ 8189474ms] [ERROR] ./src/pages/login.tsx:6:1
Export Action doesn't exist in target module
   4 | import { serverSideTranslations } from 'next-i18next/serverSideTranslations';
   5 | import { useRouter } from 'next/router';
>  6 | import {
     | ^^^^^^^
>  7 |     Action,
     | ^^^^^^^^^^^
>  8 |     AuxiliaryAction,
     | ^^^^^^^^^^^^^^^^^^^^
>  9 |     CheckboxRow,
     | ^^^^^^^^^^^^^^^^
> 10 |     Close,
     | ^^^^^^^^^^
> 11 |     Error,
     | ^^^^^^^^^^
> 12 |     Form,
     | ^^^^^^^^^
> 13 |     Input,
     | ^^^^^^^^^^
> 14 |     Modal,
     | ^^^^^^^^^^
> 15 |     ModalBody,
     | ^^^^^^^^^^^^^^
> 16 |     ModalHeader,
     | ^^^^^^^^^^^^^^^^
> 17 |     Page,
     | ^^^^^^^^^
> 18 |     Status,
     | ^^^^^^^^^^^
> 19 |     Tab,
     | ^^^^^^^^
> 20 |     Tabs,
     | ^^^^^^^^^
> 21 |     Title
     | ^^^^^^^^^
> 22 | } from '@/components/pages/LoginPage/LoginPage.styled';
     | ^^^^^^^^^^^^^^^^^^^^^^^^^^^^^^^^^^^^^^^^^^^^^^^^^^^^^^^
  23 |
  24 | type User = { username: string; email: string; password: string };
  25 |

The export Action was not found in module [project]/src/components/pages/LoginPage/LoginPage.styled.tsx [ssr] (ecmascript).
Did you mean to import CheckboxRow?
All exports of the module are statically known (It doesn't have dynamic exports). So it's known statically that the requested export doesn't exist. @ http://localhost:3000/_next/static/chunks/node_modules_next_dist_0bc8q4g._.js:1952
[ 8189474ms] [ERROR] ./src/pages/login.tsx:6:1
Export AuxiliaryAction doesn't exist in target module
   4 | import { serverSideTranslations } from 'next-i18next/serverSideTranslations';
   5 | import { useRouter } from 'next/router';
>  6 | import {
     | ^^^^^^^
>  7 |     Action,
     | ^^^^^^^^^^^
>  8 |     AuxiliaryAction,
     | ^^^^^^^^^^^^^^^^^^^^
>  9 |     CheckboxRow,
     | ^^^^^^^^^^^^^^^^
> 10 |     Close,
     | ^^^^^^^^^^
> 11 |     Error,
     | ^^^^^^^^^^
> 12 |     Form,
     | ^^^^^^^^^
> 13 |     Input,
     | ^^^^^^^^^^
> 14 |     Modal,
     | ^^^^^^^^^^
> 15 |     ModalBody,
     | ^^^^^^^^^^^^^^
> 16 |     ModalHeader,
     | ^^^^^^^^^^^^^^^^
> 17 |     Page,
     | ^^^^^^^^^
> 18 |     Status,
     | ^^^^^^^^^^^
> 19 |     Tab,
     | ^^^^^^^^
> 20 |     Tabs,
     | ^^^^^^^^^
> 21 |     Title
     | ^^^^^^^^^
> 22 | } from '@/components/pages/LoginPage/LoginPage.styled';
     | ^^^^^^^^^^^^^^^^^^^^^^^^^^^^^^^^^^^^^^^^^^^^^^^^^^^^^^^
  23 |
  24 | type User = { username: string; email: string; password: string };
  25 |

The export AuxiliaryAction was not found in module [project]/src/components/pages/LoginPage/LoginPage.styled.tsx [client] (ecmascript).
Did you mean to import Title?
All exports of the module are statically known (It doesn't have dynamic exports). So it's known statically that the requested export doesn't exist. @ http://localhost:3000/_next/static/chunks/node_modules_next_dist_0bc8q4g._.js:1952
[ 8189474ms] [ERROR] ./src/pages/login.tsx:6:1
Export AuxiliaryAction doesn't exist in target module
   4 | import { serverSideTranslations } from 'next-i18next/serverSideTranslations';
   5 | import { useRouter } from 'next/router';
>  6 | import {
     | ^^^^^^^
>  7 |     Action,
     | ^^^^^^^^^^^
>  8 |     AuxiliaryAction,
     | ^^^^^^^^^^^^^^^^^^^^
>  9 |     CheckboxRow,
     | ^^^^^^^^^^^^^^^^
> 10 |     Close,
     | ^^^^^^^^^^
> 11 |     Error,
     | ^^^^^^^^^^
> 12 |     Form,
     | ^^^^^^^^^
> 13 |     Input,
     | ^^^^^^^^^^
> 14 |     Modal,
     | ^^^^^^^^^^
> 15 |     ModalBody,
     | ^^^^^^^^^^^^^^
> 16 |     ModalHeader,
     | ^^^^^^^^^^^^^^^^
> 17 |     Page,
     | ^^^^^^^^^
> 18 |     Status,
     | ^^^^^^^^^^^
> 19 |     Tab,
     | ^^^^^^^^
> 20 |     Tabs,
     | ^^^^^^^^^
> 21 |     Title
     | ^^^^^^^^^
> 22 | } from '@/components/pages/LoginPage/LoginPage.styled';
     | ^^^^^^^^^^^^^^^^^^^^^^^^^^^^^^^^^^^^^^^^^^^^^^^^^^^^^^^
  23 |
  24 | type User = { username: string; email: string; password: string };
  25 |

The export AuxiliaryAction was not found in module [project]/src/components/pages/LoginPage/LoginPage.styled.tsx [ssr] (ecmascript).
Did you mean to import Title?
All exports of the module are statically known (It doesn't have dynamic exports). So it's known statically that the requested export doesn't exist. @ http://localhost:3000/_next/static/chunks/node_modules_next_dist_0bc8q4g._.js:1952
[ 8189474ms] [ERROR] ./src/pages/login.tsx:6:1
Export Error doesn't exist in target module
   4 | import { serverSideTranslations } from 'next-i18next/serverSideTranslations';
   5 | import { useRouter } from 'next/router';
>  6 | import {
     | ^^^^^^^
>  7 |     Action,
     | ^^^^^^^^^^^
>  8 |     AuxiliaryAction,
     | ^^^^^^^^^^^^^^^^^^^^
>  9 |     CheckboxRow,
     | ^^^^^^^^^^^^^^^^
> 10 |     Close,
     | ^^^^^^^^^^
> 11 |     Error,
     | ^^^^^^^^^^
> 12 |     Form,
     | ^^^^^^^^^
> 13 |     Input,
     | ^^^^^^^^^^
> 14 |     Modal,
     | ^^^^^^^^^^
> 15 |     ModalBody,
     | ^^^^^^^^^^^^^^
> 16 |     ModalHeader,
     | ^^^^^^^^^^^^^^^^
> 17 |     Page,
     | ^^^^^^^^^
> 18 |     Status,
     | ^^^^^^^^^^^
> 19 |     Tab,
     | ^^^^^^^^
> 20 |     Tabs,
     | ^^^^^^^^^
> 21 |     Title
     | ^^^^^^^^^
> 22 | } from '@/components/pages/LoginPage/LoginPage.styled';
     | ^^^^^^^^^^^^^^^^^^^^^^^^^^^^^^^^^^^^^^^^^^^^^^^^^^^^^^^
  23 |
  24 | type User = { username: string; email: string; password: string };
  25 |

The export Error was not found in module [project]/src/components/pages/LoginPage/LoginPage.styled.tsx [client] (ecmascript).
Did you mean to import Form?
All exports of the module are statically known (It doesn't have dynamic exports). So it's known statically that the requested export doesn't exist. @ http://localhost:3000/_next/static/chunks/node_modules_next_dist_0bc8q4g._.js:1952
[ 8189475ms] [ERROR] ./src/pages/login.tsx:6:1
Export Error doesn't exist in target module
   4 | import { serverSideTranslations } from 'next-i18next/serverSideTranslations';
   5 | import { useRouter } from 'next/router';
>  6 | import {
     | ^^^^^^^
>  7 |     Action,
     | ^^^^^^^^^^^
>  8 |     AuxiliaryAction,
     | ^^^^^^^^^^^^^^^^^^^^
>  9 |     CheckboxRow,
     | ^^^^^^^^^^^^^^^^
> 10 |     Close,
     | ^^^^^^^^^^
> 11 |     Error,
     | ^^^^^^^^^^
> 12 |     Form,
     | ^^^^^^^^^
> 13 |     Input,
     | ^^^^^^^^^^
> 14 |     Modal,
     | ^^^^^^^^^^
> 15 |     ModalBody,
     | ^^^^^^^^^^^^^^
> 16 |     ModalHeader,
     | ^^^^^^^^^^^^^^^^
> 17 |     Page,
     | ^^^^^^^^^
> 18 |     Status,
     | ^^^^^^^^^^^
> 19 |     Tab,
     | ^^^^^^^^
> 20 |     Tabs,
     | ^^^^^^^^^
> 21 |     Title
     | ^^^^^^^^^
> 22 | } from '@/components/pages/LoginPage/LoginPage.styled';
     | ^^^^^^^^^^^^^^^^^^^^^^^^^^^^^^^^^^^^^^^^^^^^^^^^^^^^^^^
  23 |
  24 | type User = { username: string; email: string; password: string };
  25 |

The export Error was not found in module [project]/src/components/pages/LoginPage/LoginPage.styled.tsx [ssr] (ecmascript).
Did you mean to import Form?
All exports of the module are statically known (It doesn't have dynamic exports). So it's known statically that the requested export doesn't exist. @ http://localhost:3000/_next/static/chunks/node_modules_next_dist_0bc8q4g._.js:1952
[ 8189475ms] [ERROR] ./src/pages/login.tsx:6:1
Export Status doesn't exist in target module
   4 | import { serverSideTranslations } from 'next-i18next/serverSideTranslations';
   5 | import { useRouter } from 'next/router';
>  6 | import {
     | ^^^^^^^
>  7 |     Action,
     | ^^^^^^^^^^^
>  8 |     AuxiliaryAction,
     | ^^^^^^^^^^^^^^^^^^^^
>  9 |     CheckboxRow,
     | ^^^^^^^^^^^^^^^^
> 10 |     Close,
     | ^^^^^^^^^^
> 11 |     Error,
     | ^^^^^^^^^^
> 12 |     Form,
     | ^^^^^^^^^
> 13 |     Input,
     | ^^^^^^^^^^
> 14 |     Modal,
     | ^^^^^^^^^^
> 15 |     ModalBody,
     | ^^^^^^^^^^^^^^
> 16 |     ModalHeader,
     | ^^^^^^^^^^^^^^^^
> 17 |     Page,
     | ^^^^^^^^^
> 18 |     Status,
     | ^^^^^^^^^^^
> 19 |     Tab,
     | ^^^^^^^^
> 20 |     Tabs,
     | ^^^^^^^^^
> 21 |     Title
     | ^^^^^^^^^
> 22 | } from '@/components/pages/LoginPage/LoginPage.styled';
     | ^^^^^^^^^^^^^^^^^^^^^^^^^^^^^^^^^^^^^^^^^^^^^^^^^^^^^^^
  23 |
  24 | type User = { username: string; email: string; password: string };
  25 |

The export Status was not found in module [project]/src/components/pages/LoginPage/LoginPage.styled.tsx [client] (ecmascript).
Did you mean to import Tabs?
All exports of the module are statically known (It doesn't have dynamic exports). So it's known statically that the requested export doesn't exist. @ http://localhost:3000/_next/static/chunks/node_modules_next_dist_0bc8q4g._.js:1952
[ 8189475ms] [ERROR] ./src/pages/login.tsx:6:1
Export Status doesn't exist in target module
   4 | import { serverSideTranslations } from 'next-i18next/serverSideTranslations';
   5 | import { useRouter } from 'next/router';
>  6 | import {
     | ^^^^^^^
>  7 |     Action,
     | ^^^^^^^^^^^
>  8 |     AuxiliaryAction,
     | ^^^^^^^^^^^^^^^^^^^^
>  9 |     CheckboxRow,
     | ^^^^^^^^^^^^^^^^
> 10 |     Close,
     | ^^^^^^^^^^
> 11 |     Error,
     | ^^^^^^^^^^
> 12 |     Form,
     | ^^^^^^^^^
> 13 |     Input,
     | ^^^^^^^^^^
> 14 |     Modal,
     | ^^^^^^^^^^
> 15 |     ModalBody,
     | ^^^^^^^^^^^^^^
> 16 |     ModalHeader,
     | ^^^^^^^^^^^^^^^^
> 17 |     Page,
     | ^^^^^^^^^
> 18 |     Status,
     | ^^^^^^^^^^^
> 19 |     Tab,
     | ^^^^^^^^
> 20 |     Tabs,
     | ^^^^^^^^^
> 21 |     Title
     | ^^^^^^^^^
> 22 | } from '@/components/pages/LoginPage/LoginPage.styled';
     | ^^^^^^^^^^^^^^^^^^^^^^^^^^^^^^^^^^^^^^^^^^^^^^^^^^^^^^^
  23 |
  24 | type User = { username: string; email: string; password: string };
  25 |

The export Status was not found in module [project]/src/components/pages/LoginPage/LoginPage.styled.tsx [ssr] (ecmascript).
Did you mean to import Tabs?
All exports of the module are statically known (It doesn't have dynamic exports). So it's known statically that the requested export doesn't exist. @ http://localhost:3000/_next/static/chunks/node_modules_next_dist_0bc8q4g._.js:1952
[ 8189578ms] [LOG] [Fast Refresh] rebuilding @ http://localhost:3000/_next/static/chunks/node_modules_next_dist_0bc8q4g._.js:1233
[ 8189598ms] [ERROR] ./src/pages/login.tsx:6:1
Export Action doesn't exist in target module
   4 | import { serverSideTranslations } from 'next-i18next/serverSideTranslations';
   5 | import { useRouter } from 'next/router';
>  6 | import {
     | ^^^^^^^
>  7 |     Action,
     | ^^^^^^^^^^^
>  8 |     AuxiliaryAction,
     | ^^^^^^^^^^^^^^^^^^^^
>  9 |     CheckboxRow,
     | ^^^^^^^^^^^^^^^^
> 10 |     Close,
     | ^^^^^^^^^^
> 11 |     Error,
     | ^^^^^^^^^^
> 12 |     Form,
     | ^^^^^^^^^
> 13 |     Input,
     | ^^^^^^^^^^
> 14 |     Modal,
     | ^^^^^^^^^^
> 15 |     ModalBody,
     | ^^^^^^^^^^^^^^
> 16 |     ModalHeader,
     | ^^^^^^^^^^^^^^^^
> 17 |     Page,
     | ^^^^^^^^^
> 18 |     Status,
     | ^^^^^^^^^^^
> 19 |     Tab,
     | ^^^^^^^^
> 20 |     Tabs,
     | ^^^^^^^^^
> 21 |     Title
     | ^^^^^^^^^
> 22 | } from '@/components/pages/LoginPage/LoginPage.styled';
     | ^^^^^^^^^^^^^^^^^^^^^^^^^^^^^^^^^^^^^^^^^^^^^^^^^^^^^^^
  23 |
  24 | type User = { username: string; email: string; password: string };
  25 |

The export Action was not found in module [project]/src/components/pages/LoginPage/LoginPage.styled.tsx [client] (ecmascript).
Did you mean to import CheckboxRow?
All exports of the module are statically known (It doesn't have dynamic exports). So it's known statically that the requested export doesn't exist. @ http://localhost:3000/_next/static/chunks/node_modules_next_dist_0bc8q4g._.js:1952
[ 8189598ms] [ERROR] ./src/pages/login.tsx:6:1
Export Action doesn't exist in target module
   4 | import { serverSideTranslations } from 'next-i18next/serverSideTranslations';
   5 | import { useRouter } from 'next/router';
>  6 | import {
     | ^^^^^^^
>  7 |     Action,
     | ^^^^^^^^^^^
>  8 |     AuxiliaryAction,
     | ^^^^^^^^^^^^^^^^^^^^
>  9 |     CheckboxRow,
     | ^^^^^^^^^^^^^^^^
> 10 |     Close,
     | ^^^^^^^^^^
> 11 |     Error,
     | ^^^^^^^^^^
> 12 |     Form,
     | ^^^^^^^^^
> 13 |     Input,
     | ^^^^^^^^^^
> 14 |     Modal,
     | ^^^^^^^^^^
> 15 |     ModalBody,
     | ^^^^^^^^^^^^^^
> 16 |     ModalHeader,
     | ^^^^^^^^^^^^^^^^
> 17 |     Page,
     | ^^^^^^^^^
> 18 |     Status,
     | ^^^^^^^^^^^
> 19 |     Tab,
     | ^^^^^^^^
> 20 |     Tabs,
     | ^^^^^^^^^
> 21 |     Title
     | ^^^^^^^^^
> 22 | } from '@/components/pages/LoginPage/LoginPage.styled';
     | ^^^^^^^^^^^^^^^^^^^^^^^^^^^^^^^^^^^^^^^^^^^^^^^^^^^^^^^
  23 |
  24 | type User = { username: string; email: string; password: string };
  25 |

The export Action was not found in module [project]/src/components/pages/LoginPage/LoginPage.styled.tsx [ssr] (ecmascript).
Did you mean to import CheckboxRow?
All exports of the module are statically known (It doesn't have dynamic exports). So it's known statically that the requested export doesn't exist. @ http://localhost:3000/_next/static/chunks/node_modules_next_dist_0bc8q4g._.js:1952
[ 8189598ms] [ERROR] ./src/pages/login.tsx:6:1
Export AuxiliaryAction doesn't exist in target module
   4 | import { serverSideTranslations } from 'next-i18next/serverSideTranslations';
   5 | import { useRouter } from 'next/router';
>  6 | import {
     | ^^^^^^^
>  7 |     Action,
     | ^^^^^^^^^^^
>  8 |     AuxiliaryAction,
     | ^^^^^^^^^^^^^^^^^^^^
>  9 |     CheckboxRow,
     | ^^^^^^^^^^^^^^^^
> 10 |     Close,
     | ^^^^^^^^^^
> 11 |     Error,
     | ^^^^^^^^^^
> 12 |     Form,
     | ^^^^^^^^^
> 13 |     Input,
     | ^^^^^^^^^^
> 14 |     Modal,
     | ^^^^^^^^^^
> 15 |     ModalBody,
     | ^^^^^^^^^^^^^^
> 16 |     ModalHeader,
     | ^^^^^^^^^^^^^^^^
> 17 |     Page,
     | ^^^^^^^^^
> 18 |     Status,
     | ^^^^^^^^^^^
> 19 |     Tab,
     | ^^^^^^^^
> 20 |     Tabs,
     | ^^^^^^^^^
> 21 |     Title
     | ^^^^^^^^^
> 22 | } from '@/components/pages/LoginPage/LoginPage.styled';
     | ^^^^^^^^^^^^^^^^^^^^^^^^^^^^^^^^^^^^^^^^^^^^^^^^^^^^^^^
  23 |
  24 | type User = { username: string; email: string; password: string };
  25 |

The export AuxiliaryAction was not found in module [project]/src/components/pages/LoginPage/LoginPage.styled.tsx [client] (ecmascript).
Did you mean to import Title?
All exports of the module are statically known (It doesn't have dynamic exports). So it's known statically that the requested export doesn't exist. @ http://localhost:3000/_next/static/chunks/node_modules_next_dist_0bc8q4g._.js:1952
[ 8189598ms] [ERROR] ./src/pages/login.tsx:6:1
Export AuxiliaryAction doesn't exist in target module
   4 | import { serverSideTranslations } from 'next-i18next/serverSideTranslations';
   5 | import { useRouter } from 'next/router';
>  6 | import {
     | ^^^^^^^
>  7 |     Action,
     | ^^^^^^^^^^^
>  8 |     AuxiliaryAction,
     | ^^^^^^^^^^^^^^^^^^^^
>  9 |     CheckboxRow,
     | ^^^^^^^^^^^^^^^^
> 10 |     Close,
     | ^^^^^^^^^^
> 11 |     Error,
     | ^^^^^^^^^^
> 12 |     Form,
     | ^^^^^^^^^
> 13 |     Input,
     | ^^^^^^^^^^
> 14 |     Modal,
     | ^^^^^^^^^^
> 15 |     ModalBody,
     | ^^^^^^^^^^^^^^
> 16 |     ModalHeader,
     | ^^^^^^^^^^^^^^^^
> 17 |     Page,
     | ^^^^^^^^^
> 18 |     Status,
     | ^^^^^^^^^^^
> 19 |     Tab,
     | ^^^^^^^^
> 20 |     Tabs,
     | ^^^^^^^^^
> 21 |     Title
     | ^^^^^^^^^
> 22 | } from '@/components/pages/LoginPage/LoginPage.styled';
     | ^^^^^^^^^^^^^^^^^^^^^^^^^^^^^^^^^^^^^^^^^^^^^^^^^^^^^^^
  23 |
  24 | type User = { username: string; email: string; password: string };
  25 |

The export AuxiliaryAction was not found in module [project]/src/components/pages/LoginPage/LoginPage.styled.tsx [ssr] (ecmascript).
Did you mean to import Title?
All exports of the module are statically known (It doesn't have dynamic exports). So it's known statically that the requested export doesn't exist. @ http://localhost:3000/_next/static/chunks/node_modules_next_dist_0bc8q4g._.js:1952
[ 8189598ms] [ERROR] ./src/pages/login.tsx:6:1
Export Error doesn't exist in target module
   4 | import { serverSideTranslations } from 'next-i18next/serverSideTranslations';
   5 | import { useRouter } from 'next/router';
>  6 | import {
     | ^^^^^^^
>  7 |     Action,
     | ^^^^^^^^^^^
>  8 |     AuxiliaryAction,
     | ^^^^^^^^^^^^^^^^^^^^
>  9 |     CheckboxRow,
     | ^^^^^^^^^^^^^^^^
> 10 |     Close,
     | ^^^^^^^^^^
> 11 |     Error,
     | ^^^^^^^^^^
> 12 |     Form,
     | ^^^^^^^^^
> 13 |     Input,
     | ^^^^^^^^^^
> 14 |     Modal,
     | ^^^^^^^^^^
> 15 |     ModalBody,
     | ^^^^^^^^^^^^^^
> 16 |     ModalHeader,
     | ^^^^^^^^^^^^^^^^
> 17 |     Page,
     | ^^^^^^^^^
> 18 |     Status,
     | ^^^^^^^^^^^
> 19 |     Tab,
     | ^^^^^^^^
> 20 |     Tabs,
     | ^^^^^^^^^
> 21 |     Title
     | ^^^^^^^^^
> 22 | } from '@/components/pages/LoginPage/LoginPage.styled';
     | ^^^^^^^^^^^^^^^^^^^^^^^^^^^^^^^^^^^^^^^^^^^^^^^^^^^^^^^
  23 |
  24 | type User = { username: string; email: string; password: string };
  25 |

The export Error was not found in module [project]/src/components/pages/LoginPage/LoginPage.styled.tsx [client] (ecmascript).
Did you mean to import Form?
All exports of the module are statically known (It doesn't have dynamic exports). So it's known statically that the requested export doesn't exist. @ http://localhost:3000/_next/static/chunks/node_modules_next_dist_0bc8q4g._.js:1952
[ 8189599ms] [ERROR] ./src/pages/login.tsx:6:1
Export Error doesn't exist in target module
   4 | import { serverSideTranslations } from 'next-i18next/serverSideTranslations';
   5 | import { useRouter } from 'next/router';
>  6 | import {
     | ^^^^^^^
>  7 |     Action,
     | ^^^^^^^^^^^
>  8 |     AuxiliaryAction,
     | ^^^^^^^^^^^^^^^^^^^^
>  9 |     CheckboxRow,
     | ^^^^^^^^^^^^^^^^
> 10 |     Close,
     | ^^^^^^^^^^
> 11 |     Error,
     | ^^^^^^^^^^
> 12 |     Form,
     | ^^^^^^^^^
> 13 |     Input,
     | ^^^^^^^^^^
> 14 |     Modal,
     | ^^^^^^^^^^
> 15 |     ModalBody,
     | ^^^^^^^^^^^^^^
> 16 |     ModalHeader,
     | ^^^^^^^^^^^^^^^^
> 17 |     Page,
     | ^^^^^^^^^
> 18 |     Status,
     | ^^^^^^^^^^^
> 19 |     Tab,
     | ^^^^^^^^
> 20 |     Tabs,
     | ^^^^^^^^^
> 21 |     Title
     | ^^^^^^^^^
> 22 | } from '@/components/pages/LoginPage/LoginPage.styled';
     | ^^^^^^^^^^^^^^^^^^^^^^^^^^^^^^^^^^^^^^^^^^^^^^^^^^^^^^^
  23 |
  24 | type User = { username: string; email: string; password: string };
  25 |

The export Error was not found in module [project]/src/components/pages/LoginPage/LoginPage.styled.tsx [ssr] (ecmascript).
Did you mean to import Form?
All exports of the module are statically known (It doesn't have dynamic exports). So it's known statically that the requested export doesn't exist. @ http://localhost:3000/_next/static/chunks/node_modules_next_dist_0bc8q4g._.js:1952
[ 8189599ms] [ERROR] ./src/pages/login.tsx:6:1
Export Status doesn't exist in target module
   4 | import { serverSideTranslations } from 'next-i18next/serverSideTranslations';
   5 | import { useRouter } from 'next/router';
>  6 | import {
     | ^^^^^^^
>  7 |     Action,
     | ^^^^^^^^^^^
>  8 |     AuxiliaryAction,
     | ^^^^^^^^^^^^^^^^^^^^
>  9 |     CheckboxRow,
     | ^^^^^^^^^^^^^^^^
> 10 |     Close,
     | ^^^^^^^^^^
> 11 |     Error,
     | ^^^^^^^^^^
> 12 |     Form,
     | ^^^^^^^^^
> 13 |     Input,
     | ^^^^^^^^^^
> 14 |     Modal,
     | ^^^^^^^^^^
> 15 |     ModalBody,
     | ^^^^^^^^^^^^^^
> 16 |     ModalHeader,
     | ^^^^^^^^^^^^^^^^
> 17 |     Page,
     | ^^^^^^^^^
> 18 |     Status,
     | ^^^^^^^^^^^
> 19 |     Tab,
     | ^^^^^^^^
> 20 |     Tabs,
     | ^^^^^^^^^
> 21 |     Title
     | ^^^^^^^^^
> 22 | } from '@/components/pages/LoginPage/LoginPage.styled';
     | ^^^^^^^^^^^^^^^^^^^^^^^^^^^^^^^^^^^^^^^^^^^^^^^^^^^^^^^
  23 |
  24 | type User = { username: string; email: string; password: string };
  25 |

The export Status was not found in module [project]/src/components/pages/LoginPage/LoginPage.styled.tsx [client] (ecmascript).
Did you mean to import Tabs?
All exports of the module are statically known (It doesn't have dynamic exports). So it's known statically that the requested export doesn't exist. @ http://localhost:3000/_next/static/chunks/node_modules_next_dist_0bc8q4g._.js:1952
[ 8189599ms] [ERROR] ./src/pages/login.tsx:6:1
Export Status doesn't exist in target module
   4 | import { serverSideTranslations } from 'next-i18next/serverSideTranslations';
   5 | import { useRouter } from 'next/router';
>  6 | import {
     | ^^^^^^^
>  7 |     Action,
     | ^^^^^^^^^^^
>  8 |     AuxiliaryAction,
     | ^^^^^^^^^^^^^^^^^^^^
>  9 |     CheckboxRow,
     | ^^^^^^^^^^^^^^^^
> 10 |     Close,
     | ^^^^^^^^^^
> 11 |     Error,
     | ^^^^^^^^^^
> 12 |     Form,
     | ^^^^^^^^^
> 13 |     Input,
     | ^^^^^^^^^^
> 14 |     Modal,
     | ^^^^^^^^^^
> 15 |     ModalBody,
     | ^^^^^^^^^^^^^^
> 16 |     ModalHeader,
     | ^^^^^^^^^^^^^^^^
> 17 |     Page,
     | ^^^^^^^^^
> 18 |     Status,
     | ^^^^^^^^^^^
> 19 |     Tab,
     | ^^^^^^^^
> 20 |     Tabs,
     | ^^^^^^^^^
> 21 |     Title
     | ^^^^^^^^^
> 22 | } from '@/components/pages/LoginPage/LoginPage.styled';
     | ^^^^^^^^^^^^^^^^^^^^^^^^^^^^^^^^^^^^^^^^^^^^^^^^^^^^^^^
  23 |
  24 | type User = { username: string; email: string; password: string };
  25 |

The export Status was not found in module [project]/src/components/pages/LoginPage/LoginPage.styled.tsx [ssr] (ecmascript).
Did you mean to import Tabs?
All exports of the module are statically known (It doesn't have dynamic exports). So it's known statically that the requested export doesn't exist. @ http://localhost:3000/_next/static/chunks/node_modules_next_dist_0bc8q4g._.js:1952
[ 8189658ms] [ERROR] ./src/pages/login.tsx:6:1
Export Action doesn't exist in target module
   4 | import { serverSideTranslations } from 'next-i18next/serverSideTranslations';
   5 | import { useRouter } from 'next/router';
>  6 | import {
     | ^^^^^^^
>  7 |     Action,
     | ^^^^^^^^^^^
>  8 |     AuxiliaryAction,
     | ^^^^^^^^^^^^^^^^^^^^
>  9 |     CheckboxRow,
     | ^^^^^^^^^^^^^^^^
> 10 |     Close,
     | ^^^^^^^^^^
> 11 |     Error,
     | ^^^^^^^^^^
> 12 |     Form,
     | ^^^^^^^^^
> 13 |     Input,
     | ^^^^^^^^^^
> 14 |     Modal,
     | ^^^^^^^^^^
> 15 |     ModalBody,
     | ^^^^^^^^^^^^^^
> 16 |     ModalHeader,
     | ^^^^^^^^^^^^^^^^
> 17 |     Page,
     | ^^^^^^^^^
> 18 |     Status,
     | ^^^^^^^^^^^
> 19 |     Tab,
     | ^^^^^^^^
> 20 |     Tabs,
     | ^^^^^^^^^
> 21 |     Title
     | ^^^^^^^^^
> 22 | } from '@/components/pages/LoginPage/LoginPage.styled';
     | ^^^^^^^^^^^^^^^^^^^^^^^^^^^^^^^^^^^^^^^^^^^^^^^^^^^^^^^
  23 |
  24 | type User = { username: string; email: string; password: string };
  25 |

The export Action was not found in module [project]/src/components/pages/LoginPage/LoginPage.styled.tsx [client] (ecmascript).
Did you mean to import CheckboxRow?
All exports of the module are statically known (It doesn't have dynamic exports). So it's known statically that the requested export doesn't exist. @ http://localhost:3000/_next/static/chunks/node_modules_next_dist_0bc8q4g._.js:1952
[ 8189658ms] [ERROR] ./src/pages/login.tsx:6:1
Export Action doesn't exist in target module
   4 | import { serverSideTranslations } from 'next-i18next/serverSideTranslations';
   5 | import { useRouter } from 'next/router';
>  6 | import {
     | ^^^^^^^
>  7 |     Action,
     | ^^^^^^^^^^^
>  8 |     AuxiliaryAction,
     | ^^^^^^^^^^^^^^^^^^^^
>  9 |     CheckboxRow,
     | ^^^^^^^^^^^^^^^^
> 10 |     Close,
     | ^^^^^^^^^^
> 11 |     Error,
     | ^^^^^^^^^^
> 12 |     Form,
     | ^^^^^^^^^
> 13 |     Input,
     | ^^^^^^^^^^
> 14 |     Modal,
     | ^^^^^^^^^^
> 15 |     ModalBody,
     | ^^^^^^^^^^^^^^
> 16 |     ModalHeader,
     | ^^^^^^^^^^^^^^^^
> 17 |     Page,
     | ^^^^^^^^^
> 18 |     Status,
     | ^^^^^^^^^^^
> 19 |     Tab,
     | ^^^^^^^^
> 20 |     Tabs,
     | ^^^^^^^^^
> 21 |     Title
     | ^^^^^^^^^
> 22 | } from '@/components/pages/LoginPage/LoginPage.styled';
     | ^^^^^^^^^^^^^^^^^^^^^^^^^^^^^^^^^^^^^^^^^^^^^^^^^^^^^^^
  23 |
  24 | type User = { username: string; email: string; password: string };
  25 |

The export Action was not found in module [project]/src/components/pages/LoginPage/LoginPage.styled.tsx [ssr] (ecmascript).
Did you mean to import CheckboxRow?
All exports of the module are statically known (It doesn't have dynamic exports). So it's known statically that the requested export doesn't exist. @ http://localhost:3000/_next/static/chunks/node_modules_next_dist_0bc8q4g._.js:1952
[ 8189658ms] [ERROR] ./src/pages/login.tsx:6:1
Export AuxiliaryAction doesn't exist in target module
   4 | import { serverSideTranslations } from 'next-i18next/serverSideTranslations';
   5 | import { useRouter } from 'next/router';
>  6 | import {
     | ^^^^^^^
>  7 |     Action,
     | ^^^^^^^^^^^
>  8 |     AuxiliaryAction,
     | ^^^^^^^^^^^^^^^^^^^^
>  9 |     CheckboxRow,
     | ^^^^^^^^^^^^^^^^
> 10 |     Close,
     | ^^^^^^^^^^
> 11 |     Error,
     | ^^^^^^^^^^
> 12 |     Form,
     | ^^^^^^^^^
> 13 |     Input,
     | ^^^^^^^^^^
> 14 |     Modal,
     | ^^^^^^^^^^
> 15 |     ModalBody,
     | ^^^^^^^^^^^^^^
> 16 |     ModalHeader,
     | ^^^^^^^^^^^^^^^^
> 17 |     Page,
     | ^^^^^^^^^
> 18 |     Status,
     | ^^^^^^^^^^^
> 19 |     Tab,
     | ^^^^^^^^
> 20 |     Tabs,
     | ^^^^^^^^^
> 21 |     Title
     | ^^^^^^^^^
> 22 | } from '@/components/pages/LoginPage/LoginPage.styled';
     | ^^^^^^^^^^^^^^^^^^^^^^^^^^^^^^^^^^^^^^^^^^^^^^^^^^^^^^^
  23 |
  24 | type User = { username: string; email: string; password: string };
  25 |

The export AuxiliaryAction was not found in module [project]/src/components/pages/LoginPage/LoginPage.styled.tsx [client] (ecmascript).
Did you mean to import Title?
All exports of the module are statically known (It doesn't have dynamic exports). So it's known statically that the requested export doesn't exist. @ http://localhost:3000/_next/static/chunks/node_modules_next_dist_0bc8q4g._.js:1952
[ 8189659ms] [ERROR] ./src/pages/login.tsx:6:1
Export AuxiliaryAction doesn't exist in target module
   4 | import { serverSideTranslations } from 'next-i18next/serverSideTranslations';
   5 | import { useRouter } from 'next/router';
>  6 | import {
     | ^^^^^^^
>  7 |     Action,
     | ^^^^^^^^^^^
>  8 |     AuxiliaryAction,
     | ^^^^^^^^^^^^^^^^^^^^
>  9 |     CheckboxRow,
     | ^^^^^^^^^^^^^^^^
> 10 |     Close,
     | ^^^^^^^^^^
> 11 |     Error,
     | ^^^^^^^^^^
> 12 |     Form,
     | ^^^^^^^^^
> 13 |     Input,
     | ^^^^^^^^^^
> 14 |     Modal,
     | ^^^^^^^^^^
> 15 |     ModalBody,
     | ^^^^^^^^^^^^^^
> 16 |     ModalHeader,
     | ^^^^^^^^^^^^^^^^
> 17 |     Page,
     | ^^^^^^^^^
> 18 |     Status,
     | ^^^^^^^^^^^
> 19 |     Tab,
     | ^^^^^^^^
> 20 |     Tabs,
     | ^^^^^^^^^
> 21 |     Title
     | ^^^^^^^^^
> 22 | } from '@/components/pages/LoginPage/LoginPage.styled';
     | ^^^^^^^^^^^^^^^^^^^^^^^^^^^^^^^^^^^^^^^^^^^^^^^^^^^^^^^
  23 |
  24 | type User = { username: string; email: string; password: string };
  25 |

The export AuxiliaryAction was not found in module [project]/src/components/pages/LoginPage/LoginPage.styled.tsx [ssr] (ecmascript).
Did you mean to import Title?
All exports of the module are statically known (It doesn't have dynamic exports). So it's known statically that the requested export doesn't exist. @ http://localhost:3000/_next/static/chunks/node_modules_next_dist_0bc8q4g._.js:1952
[ 8189659ms] [ERROR] ./src/pages/login.tsx:6:1
Export Error doesn't exist in target module
   4 | import { serverSideTranslations } from 'next-i18next/serverSideTranslations';
   5 | import { useRouter } from 'next/router';
>  6 | import {
     | ^^^^^^^
>  7 |     Action,
     | ^^^^^^^^^^^
>  8 |     AuxiliaryAction,
     | ^^^^^^^^^^^^^^^^^^^^
>  9 |     CheckboxRow,
     | ^^^^^^^^^^^^^^^^
> 10 |     Close,
     | ^^^^^^^^^^
> 11 |     Error,
     | ^^^^^^^^^^
> 12 |     Form,
     | ^^^^^^^^^
> 13 |     Input,
     | ^^^^^^^^^^
> 14 |     Modal,
     | ^^^^^^^^^^
> 15 |     ModalBody,
     | ^^^^^^^^^^^^^^
> 16 |     ModalHeader,
     | ^^^^^^^^^^^^^^^^
> 17 |     Page,
     | ^^^^^^^^^
> 18 |     Status,
     | ^^^^^^^^^^^
> 19 |     Tab,
     | ^^^^^^^^
> 20 |     Tabs,
     | ^^^^^^^^^
> 21 |     Title
     | ^^^^^^^^^
> 22 | } from '@/components/pages/LoginPage/LoginPage.styled';
     | ^^^^^^^^^^^^^^^^^^^^^^^^^^^^^^^^^^^^^^^^^^^^^^^^^^^^^^^
  23 |
  24 | type User = { username: string; email: string; password: string };
  25 |

The export Error was not found in module [project]/src/components/pages/LoginPage/LoginPage.styled.tsx [client] (ecmascript).
Did you mean to import Form?
All exports of the module are statically known (It doesn't have dynamic exports). So it's known statically that the requested export doesn't exist. @ http://localhost:3000/_next/static/chunks/node_modules_next_dist_0bc8q4g._.js:1952
[ 8189659ms] [ERROR] ./src/pages/login.tsx:6:1
Export Error doesn't exist in target module
   4 | import { serverSideTranslations } from 'next-i18next/serverSideTranslations';
   5 | import { useRouter } from 'next/router';
>  6 | import {
     | ^^^^^^^
>  7 |     Action,
     | ^^^^^^^^^^^
>  8 |     AuxiliaryAction,
     | ^^^^^^^^^^^^^^^^^^^^
>  9 |     CheckboxRow,
     | ^^^^^^^^^^^^^^^^
> 10 |     Close,
     | ^^^^^^^^^^
> 11 |     Error,
     | ^^^^^^^^^^
> 12 |     Form,
     | ^^^^^^^^^
> 13 |     Input,
     | ^^^^^^^^^^
> 14 |     Modal,
     | ^^^^^^^^^^
> 15 |     ModalBody,
     | ^^^^^^^^^^^^^^
> 16 |     ModalHeader,
     | ^^^^^^^^^^^^^^^^
> 17 |     Page,
     | ^^^^^^^^^
> 18 |     Status,
     | ^^^^^^^^^^^
> 19 |     Tab,
     | ^^^^^^^^
> 20 |     Tabs,
     | ^^^^^^^^^
> 21 |     Title
     | ^^^^^^^^^
> 22 | } from '@/components/pages/LoginPage/LoginPage.styled';
     | ^^^^^^^^^^^^^^^^^^^^^^^^^^^^^^^^^^^^^^^^^^^^^^^^^^^^^^^
  23 |
  24 | type User = { username: string; email: string; password: string };
  25 |

The export Error was not found in module [project]/src/components/pages/LoginPage/LoginPage.styled.tsx [ssr] (ecmascript).
Did you mean to import Form?
All exports of the module are statically known (It doesn't have dynamic exports). So it's known statically that the requested export doesn't exist. @ http://localhost:3000/_next/static/chunks/node_modules_next_dist_0bc8q4g._.js:1952
[ 8189659ms] [ERROR] ./src/pages/login.tsx:6:1
Export Status doesn't exist in target module
   4 | import { serverSideTranslations } from 'next-i18next/serverSideTranslations';
   5 | import { useRouter } from 'next/router';
>  6 | import {
     | ^^^^^^^
>  7 |     Action,
     | ^^^^^^^^^^^
>  8 |     AuxiliaryAction,
     | ^^^^^^^^^^^^^^^^^^^^
>  9 |     CheckboxRow,
     | ^^^^^^^^^^^^^^^^
> 10 |     Close,
     | ^^^^^^^^^^
> 11 |     Error,
     | ^^^^^^^^^^
> 12 |     Form,
     | ^^^^^^^^^
> 13 |     Input,
     | ^^^^^^^^^^
> 14 |     Modal,
     | ^^^^^^^^^^
> 15 |     ModalBody,
     | ^^^^^^^^^^^^^^
> 16 |     ModalHeader,
     | ^^^^^^^^^^^^^^^^
> 17 |     Page,
     | ^^^^^^^^^
> 18 |     Status,
     | ^^^^^^^^^^^
> 19 |     Tab,
     | ^^^^^^^^
> 20 |     Tabs,
     | ^^^^^^^^^
> 21 |     Title
     | ^^^^^^^^^
> 22 | } from '@/components/pages/LoginPage/LoginPage.styled';
     | ^^^^^^^^^^^^^^^^^^^^^^^^^^^^^^^^^^^^^^^^^^^^^^^^^^^^^^^
  23 |
  24 | type User = { username: string; email: string; password: string };
  25 |

The export Status was not found in module [project]/src/components/pages/LoginPage/LoginPage.styled.tsx [client] (ecmascript).
Did you mean to import Tabs?
All exports of the module are statically known (It doesn't have dynamic exports). So it's known statically that the requested export doesn't exist. @ http://localhost:3000/_next/static/chunks/node_modules_next_dist_0bc8q4g._.js:1952
[ 8189659ms] [ERROR] ./src/pages/login.tsx:6:1
Export Status doesn't exist in target module
   4 | import { serverSideTranslations } from 'next-i18next/serverSideTranslations';
   5 | import { useRouter } from 'next/router';
>  6 | import {
     | ^^^^^^^
>  7 |     Action,
     | ^^^^^^^^^^^
>  8 |     AuxiliaryAction,
     | ^^^^^^^^^^^^^^^^^^^^
>  9 |     CheckboxRow,
     | ^^^^^^^^^^^^^^^^
> 10 |     Close,
     | ^^^^^^^^^^
> 11 |     Error,
     | ^^^^^^^^^^
> 12 |     Form,
     | ^^^^^^^^^
> 13 |     Input,
     | ^^^^^^^^^^
> 14 |     Modal,
     | ^^^^^^^^^^
> 15 |     ModalBody,
     | ^^^^^^^^^^^^^^
> 16 |     ModalHeader,
     | ^^^^^^^^^^^^^^^^
> 17 |     Page,
     | ^^^^^^^^^
> 18 |     Status,
     | ^^^^^^^^^^^
> 19 |     Tab,
     | ^^^^^^^^
> 20 |     Tabs,
     | ^^^^^^^^^
> 21 |     Title
     | ^^^^^^^^^
> 22 | } from '@/components/pages/LoginPage/LoginPage.styled';
     | ^^^^^^^^^^^^^^^^^^^^^^^^^^^^^^^^^^^^^^^^^^^^^^^^^^^^^^^
  23 |
  24 | type User = { username: string; email: string; password: string };
  25 |

The export Status was not found in module [project]/src/components/pages/LoginPage/LoginPage.styled.tsx [ssr] (ecmascript).
Did you mean to import Tabs?
All exports of the module are statically known (It doesn't have dynamic exports). So it's known statically that the requested export doesn't exist. @ http://localhost:3000/_next/static/chunks/node_modules_next_dist_0bc8q4g._.js:1952
[ 8189703ms] [LOG] [Fast Refresh] rebuilding @ http://localhost:3000/_next/static/chunks/node_modules_next_dist_0bc8q4g._.js:1233
[ 8204002ms] [ERROR] ./src/pages/login.tsx:6:1
Export Action doesn't exist in target module
   4 | import { serverSideTranslations } from 'next-i18next/serverSideTranslations';
   5 | import { useRouter } from 'next/router';
>  6 | import {
     | ^^^^^^^
>  7 |     Action,
     | ^^^^^^^^^^^
>  8 |     AuxiliaryAction,
     | ^^^^^^^^^^^^^^^^^^^^
>  9 |     CheckboxRow,
     | ^^^^^^^^^^^^^^^^
> 10 |     Close,
     | ^^^^^^^^^^
> 11 |     Error,
     | ^^^^^^^^^^
> 12 |     Form,
     | ^^^^^^^^^
> 13 |     Input,
     | ^^^^^^^^^^
> 14 |     Modal,
     | ^^^^^^^^^^
> 15 |     ModalBody,
     | ^^^^^^^^^^^^^^
> 16 |     ModalHeader,
     | ^^^^^^^^^^^^^^^^
> 17 |     Page,
     | ^^^^^^^^^
> 18 |     Status,
     | ^^^^^^^^^^^
> 19 |     Tab,
     | ^^^^^^^^
> 20 |     Tabs,
     | ^^^^^^^^^
> 21 |     Title
     | ^^^^^^^^^
> 22 | } from '@/components/pages/LoginPage/LoginPage.styled';
     | ^^^^^^^^^^^^^^^^^^^^^^^^^^^^^^^^^^^^^^^^^^^^^^^^^^^^^^^
  23 |
  24 | type User = { username: string; email: string; password: string };
  25 |

The export Action was not found in module [project]/src/components/pages/LoginPage/LoginPage.styled.tsx [client] (ecmascript).
Did you mean to import CheckboxRow?
All exports of the module are statically known (It doesn't have dynamic exports). So it's known statically that the requested export doesn't exist. @ http://localhost:3000/_next/static/chunks/node_modules_next_dist_0bc8q4g._.js:1952
[ 8204002ms] [ERROR] ./src/pages/login.tsx:6:1
Export Action doesn't exist in target module
   4 | import { serverSideTranslations } from 'next-i18next/serverSideTranslations';
   5 | import { useRouter } from 'next/router';
>  6 | import {
     | ^^^^^^^
>  7 |     Action,
     | ^^^^^^^^^^^
>  8 |     AuxiliaryAction,
     | ^^^^^^^^^^^^^^^^^^^^
>  9 |     CheckboxRow,
     | ^^^^^^^^^^^^^^^^
> 10 |     Close,
     | ^^^^^^^^^^
> 11 |     Error,
     | ^^^^^^^^^^
> 12 |     Form,
     | ^^^^^^^^^
> 13 |     Input,
     | ^^^^^^^^^^
> 14 |     Modal,
     | ^^^^^^^^^^
> 15 |     ModalBody,
     | ^^^^^^^^^^^^^^
> 16 |     ModalHeader,
     | ^^^^^^^^^^^^^^^^
> 17 |     Page,
     | ^^^^^^^^^
> 18 |     Status,
     | ^^^^^^^^^^^
> 19 |     Tab,
     | ^^^^^^^^
> 20 |     Tabs,
     | ^^^^^^^^^
> 21 |     Title
     | ^^^^^^^^^
> 22 | } from '@/components/pages/LoginPage/LoginPage.styled';
     | ^^^^^^^^^^^^^^^^^^^^^^^^^^^^^^^^^^^^^^^^^^^^^^^^^^^^^^^
  23 |
  24 | type User = { username: string; email: string; password: string };
  25 |

The export Action was not found in module [project]/src/components/pages/LoginPage/LoginPage.styled.tsx [ssr] (ecmascript).
Did you mean to import CheckboxRow?
All exports of the module are statically known (It doesn't have dynamic exports). So it's known statically that the requested export doesn't exist. @ http://localhost:3000/_next/static/chunks/node_modules_next_dist_0bc8q4g._.js:1952
[ 8204002ms] [ERROR] ./src/pages/login.tsx:6:1
Export AuxiliaryAction doesn't exist in target module
   4 | import { serverSideTranslations } from 'next-i18next/serverSideTranslations';
   5 | import { useRouter } from 'next/router';
>  6 | import {
     | ^^^^^^^
>  7 |     Action,
     | ^^^^^^^^^^^
>  8 |     AuxiliaryAction,
     | ^^^^^^^^^^^^^^^^^^^^
>  9 |     CheckboxRow,
     | ^^^^^^^^^^^^^^^^
> 10 |     Close,
     | ^^^^^^^^^^
> 11 |     Error,
     | ^^^^^^^^^^
> 12 |     Form,
     | ^^^^^^^^^
> 13 |     Input,
     | ^^^^^^^^^^
> 14 |     Modal,
     | ^^^^^^^^^^
> 15 |     ModalBody,
     | ^^^^^^^^^^^^^^
> 16 |     ModalHeader,
     | ^^^^^^^^^^^^^^^^
> 17 |     Page,
     | ^^^^^^^^^
> 18 |     Status,
     | ^^^^^^^^^^^
> 19 |     Tab,
     | ^^^^^^^^
> 20 |     Tabs,
     | ^^^^^^^^^
> 21 |     Title
     | ^^^^^^^^^
> 22 | } from '@/components/pages/LoginPage/LoginPage.styled';
     | ^^^^^^^^^^^^^^^^^^^^^^^^^^^^^^^^^^^^^^^^^^^^^^^^^^^^^^^
  23 |
  24 | type User = { username: string; email: string; password: string };
  25 |

The export AuxiliaryAction was not found in module [project]/src/components/pages/LoginPage/LoginPage.styled.tsx [client] (ecmascript).
Did you mean to import Title?
All exports of the module are statically known (It doesn't have dynamic exports). So it's known statically that the requested export doesn't exist. @ http://localhost:3000/_next/static/chunks/node_modules_next_dist_0bc8q4g._.js:1952
[ 8204002ms] [ERROR] ./src/pages/login.tsx:6:1
Export AuxiliaryAction doesn't exist in target module
   4 | import { serverSideTranslations } from 'next-i18next/serverSideTranslations';
   5 | import { useRouter } from 'next/router';
>  6 | import {
     | ^^^^^^^
>  7 |     Action,
     | ^^^^^^^^^^^
>  8 |     AuxiliaryAction,
     | ^^^^^^^^^^^^^^^^^^^^
>  9 |     CheckboxRow,
     | ^^^^^^^^^^^^^^^^
> 10 |     Close,
     | ^^^^^^^^^^
> 11 |     Error,
     | ^^^^^^^^^^
> 12 |     Form,
     | ^^^^^^^^^
> 13 |     Input,
     | ^^^^^^^^^^
> 14 |     Modal,
     | ^^^^^^^^^^
> 15 |     ModalBody,
     | ^^^^^^^^^^^^^^
> 16 |     ModalHeader,
     | ^^^^^^^^^^^^^^^^
> 17 |     Page,
     | ^^^^^^^^^
> 18 |     Status,
     | ^^^^^^^^^^^
> 19 |     Tab,
     | ^^^^^^^^
> 20 |     Tabs,
     | ^^^^^^^^^
> 21 |     Title
     | ^^^^^^^^^
> 22 | } from '@/components/pages/LoginPage/LoginPage.styled';
     | ^^^^^^^^^^^^^^^^^^^^^^^^^^^^^^^^^^^^^^^^^^^^^^^^^^^^^^^
  23 |
  24 | type User = { username: string; email: string; password: string };
  25 |

The export AuxiliaryAction was not found in module [project]/src/components/pages/LoginPage/LoginPage.styled.tsx [ssr] (ecmascript).
Did you mean to import Title?
All exports of the module are statically known (It doesn't have dynamic exports). So it's known statically that the requested export doesn't exist. @ http://localhost:3000/_next/static/chunks/node_modules_next_dist_0bc8q4g._.js:1952
[ 8204002ms] [ERROR] ./src/pages/login.tsx:6:1
Export Error doesn't exist in target module
   4 | import { serverSideTranslations } from 'next-i18next/serverSideTranslations';
   5 | import { useRouter } from 'next/router';
>  6 | import {
     | ^^^^^^^
>  7 |     Action,
     | ^^^^^^^^^^^
>  8 |     AuxiliaryAction,
     | ^^^^^^^^^^^^^^^^^^^^
>  9 |     CheckboxRow,
     | ^^^^^^^^^^^^^^^^
> 10 |     Close,
     | ^^^^^^^^^^
> 11 |     Error,
     | ^^^^^^^^^^
> 12 |     Form,
     | ^^^^^^^^^
> 13 |     Input,
     | ^^^^^^^^^^
> 14 |     Modal,
     | ^^^^^^^^^^
> 15 |     ModalBody,
     | ^^^^^^^^^^^^^^
> 16 |     ModalHeader,
     | ^^^^^^^^^^^^^^^^
> 17 |     Page,
     | ^^^^^^^^^
> 18 |     Status,
     | ^^^^^^^^^^^
> 19 |     Tab,
     | ^^^^^^^^
> 20 |     Tabs,
     | ^^^^^^^^^
> 21 |     Title
     | ^^^^^^^^^
> 22 | } from '@/components/pages/LoginPage/LoginPage.styled';
     | ^^^^^^^^^^^^^^^^^^^^^^^^^^^^^^^^^^^^^^^^^^^^^^^^^^^^^^^
  23 |
  24 | type User = { username: string; email: string; password: string };
  25 |

The export Error was not found in module [project]/src/components/pages/LoginPage/LoginPage.styled.tsx [client] (ecmascript).
Did you mean to import Form?
All exports of the module are statically known (It doesn't have dynamic exports). So it's known statically that the requested export doesn't exist. @ http://localhost:3000/_next/static/chunks/node_modules_next_dist_0bc8q4g._.js:1952
[ 8204002ms] [ERROR] ./src/pages/login.tsx:6:1
Export Error doesn't exist in target module
   4 | import { serverSideTranslations } from 'next-i18next/serverSideTranslations';
   5 | import { useRouter } from 'next/router';
>  6 | import {
     | ^^^^^^^
>  7 |     Action,
     | ^^^^^^^^^^^
>  8 |     AuxiliaryAction,
     | ^^^^^^^^^^^^^^^^^^^^
>  9 |     CheckboxRow,
     | ^^^^^^^^^^^^^^^^
> 10 |     Close,
     | ^^^^^^^^^^
> 11 |     Error,
     | ^^^^^^^^^^
> 12 |     Form,
     | ^^^^^^^^^
> 13 |     Input,
     | ^^^^^^^^^^
> 14 |     Modal,
     | ^^^^^^^^^^
> 15 |     ModalBody,
     | ^^^^^^^^^^^^^^
> 16 |     ModalHeader,
     | ^^^^^^^^^^^^^^^^
> 17 |     Page,
     | ^^^^^^^^^
> 18 |     Status,
     | ^^^^^^^^^^^
> 19 |     Tab,
     | ^^^^^^^^
> 20 |     Tabs,
     | ^^^^^^^^^
> 21 |     Title
     | ^^^^^^^^^
> 22 | } from '@/components/pages/LoginPage/LoginPage.styled';
     | ^^^^^^^^^^^^^^^^^^^^^^^^^^^^^^^^^^^^^^^^^^^^^^^^^^^^^^^
  23 |
  24 | type User = { username: string; email: string; password: string };
  25 |

The export Error was not found in module [project]/src/components/pages/LoginPage/LoginPage.styled.tsx [ssr] (ecmascript).
Did you mean to import Form?
All exports of the module are statically known (It doesn't have dynamic exports). So it's known statically that the requested export doesn't exist. @ http://localhost:3000/_next/static/chunks/node_modules_next_dist_0bc8q4g._.js:1952
[ 8204002ms] [ERROR] ./src/pages/login.tsx:6:1
Export Status doesn't exist in target module
   4 | import { serverSideTranslations } from 'next-i18next/serverSideTranslations';
   5 | import { useRouter } from 'next/router';
>  6 | import {
     | ^^^^^^^
>  7 |     Action,
     | ^^^^^^^^^^^
>  8 |     AuxiliaryAction,
     | ^^^^^^^^^^^^^^^^^^^^
>  9 |     CheckboxRow,
     | ^^^^^^^^^^^^^^^^
> 10 |     Close,
     | ^^^^^^^^^^
> 11 |     Error,
     | ^^^^^^^^^^
> 12 |     Form,
     | ^^^^^^^^^
> 13 |     Input,
     | ^^^^^^^^^^
> 14 |     Modal,
     | ^^^^^^^^^^
> 15 |     ModalBody,
     | ^^^^^^^^^^^^^^
> 16 |     ModalHeader,
     | ^^^^^^^^^^^^^^^^
> 17 |     Page,
     | ^^^^^^^^^
> 18 |     Status,
     | ^^^^^^^^^^^
> 19 |     Tab,
     | ^^^^^^^^
> 20 |     Tabs,
     | ^^^^^^^^^
> 21 |     Title
     | ^^^^^^^^^
> 22 | } from '@/components/pages/LoginPage/LoginPage.styled';
     | ^^^^^^^^^^^^^^^^^^^^^^^^^^^^^^^^^^^^^^^^^^^^^^^^^^^^^^^
  23 |
  24 | type User = { username: string; email: string; password: string };
  25 |

The export Status was not found in module [project]/src/components/pages/LoginPage/LoginPage.styled.tsx [client] (ecmascript).
Did you mean to import Tabs?
All exports of the module are statically known (It doesn't have dynamic exports). So it's known statically that the requested export doesn't exist. @ http://localhost:3000/_next/static/chunks/node_modules_next_dist_0bc8q4g._.js:1952
[ 8204003ms] [ERROR] ./src/pages/login.tsx:6:1
Export Status doesn't exist in target module
   4 | import { serverSideTranslations } from 'next-i18next/serverSideTranslations';
   5 | import { useRouter } from 'next/router';
>  6 | import {
     | ^^^^^^^
>  7 |     Action,
     | ^^^^^^^^^^^
>  8 |     AuxiliaryAction,
     | ^^^^^^^^^^^^^^^^^^^^
>  9 |     CheckboxRow,
     | ^^^^^^^^^^^^^^^^
> 10 |     Close,
     | ^^^^^^^^^^
> 11 |     Error,
     | ^^^^^^^^^^
> 12 |     Form,
     | ^^^^^^^^^
> 13 |     Input,
     | ^^^^^^^^^^
> 14 |     Modal,
     | ^^^^^^^^^^
> 15 |     ModalBody,
     | ^^^^^^^^^^^^^^
> 16 |     ModalHeader,
     | ^^^^^^^^^^^^^^^^
> 17 |     Page,
     | ^^^^^^^^^
> 18 |     Status,
     | ^^^^^^^^^^^
> 19 |     Tab,
     | ^^^^^^^^
> 20 |     Tabs,
     | ^^^^^^^^^
> 21 |     Title
     | ^^^^^^^^^
> 22 | } from '@/components/pages/LoginPage/LoginPage.styled';
     | ^^^^^^^^^^^^^^^^^^^^^^^^^^^^^^^^^^^^^^^^^^^^^^^^^^^^^^^
  23 |
  24 | type User = { username: string; email: string; password: string };
  25 |

The export Status was not found in module [project]/src/components/pages/LoginPage/LoginPage.styled.tsx [ssr] (ecmascript).
Did you mean to import Tabs?
All exports of the module are statically known (It doesn't have dynamic exports). So it's known statically that the requested export doesn't exist. @ http://localhost:3000/_next/static/chunks/node_modules_next_dist_0bc8q4g._.js:1952
[ 8204042ms] [LOG] [Fast Refresh] rebuilding @ http://localhost:3000/_next/static/chunks/node_modules_next_dist_0bc8q4g._.js:1233
[ 8204360ms] [ERROR] ./src/pages/login.tsx:6:1
Export Action doesn't exist in target module
   4 | import { serverSideTranslations } from 'next-i18next/serverSideTranslations';
   5 | import { useRouter } from 'next/router';
>  6 | import {
     | ^^^^^^^
>  7 |     Action,
     | ^^^^^^^^^^^
>  8 |     AuxiliaryAction,
     | ^^^^^^^^^^^^^^^^^^^^
>  9 |     CheckboxRow,
     | ^^^^^^^^^^^^^^^^
> 10 |     Close,
     | ^^^^^^^^^^
> 11 |     Error,
     | ^^^^^^^^^^
> 12 |     Form,
     | ^^^^^^^^^
> 13 |     Input,
     | ^^^^^^^^^^
> 14 |     Modal,
     | ^^^^^^^^^^
> 15 |     ModalBody,
     | ^^^^^^^^^^^^^^
> 16 |     ModalHeader,
     | ^^^^^^^^^^^^^^^^
> 17 |     Page,
     | ^^^^^^^^^
> 18 |     Status,
     | ^^^^^^^^^^^
> 19 |     Tab,
     | ^^^^^^^^
> 20 |     Tabs,
     | ^^^^^^^^^
> 21 |     Title
     | ^^^^^^^^^
> 22 | } from '@/components/pages/LoginPage/LoginPage.styled';
     | ^^^^^^^^^^^^^^^^^^^^^^^^^^^^^^^^^^^^^^^^^^^^^^^^^^^^^^^
  23 |
  24 | type User = { username: string; email: string; password: string };
  25 |

The export Action was not found in module [project]/src/components/pages/LoginPage/LoginPage.styled.tsx [client] (ecmascript).
Did you mean to import CheckboxRow?
All exports of the module are statically known (It doesn't have dynamic exports). So it's known statically that the requested export doesn't exist. @ http://localhost:3000/_next/static/chunks/node_modules_next_dist_0bc8q4g._.js:1952
[ 8204360ms] [ERROR] ./src/pages/login.tsx:6:1
Export Action doesn't exist in target module
   4 | import { serverSideTranslations } from 'next-i18next/serverSideTranslations';
   5 | import { useRouter } from 'next/router';
>  6 | import {
     | ^^^^^^^
>  7 |     Action,
     | ^^^^^^^^^^^
>  8 |     AuxiliaryAction,
     | ^^^^^^^^^^^^^^^^^^^^
>  9 |     CheckboxRow,
     | ^^^^^^^^^^^^^^^^
> 10 |     Close,
     | ^^^^^^^^^^
> 11 |     Error,
     | ^^^^^^^^^^
> 12 |     Form,
     | ^^^^^^^^^
> 13 |     Input,
     | ^^^^^^^^^^
> 14 |     Modal,
     | ^^^^^^^^^^
> 15 |     ModalBody,
     | ^^^^^^^^^^^^^^
> 16 |     ModalHeader,
     | ^^^^^^^^^^^^^^^^
> 17 |     Page,
     | ^^^^^^^^^
> 18 |     Status,
     | ^^^^^^^^^^^
> 19 |     Tab,
     | ^^^^^^^^
> 20 |     Tabs,
     | ^^^^^^^^^
> 21 |     Title
     | ^^^^^^^^^
> 22 | } from '@/components/pages/LoginPage/LoginPage.styled';
     | ^^^^^^^^^^^^^^^^^^^^^^^^^^^^^^^^^^^^^^^^^^^^^^^^^^^^^^^
  23 |
  24 | type User = { username: string; email: string; password: string };
  25 |

The export Action was not found in module [project]/src/components/pages/LoginPage/LoginPage.styled.tsx [ssr] (ecmascript).
Did you mean to import CheckboxRow?
All exports of the module are statically known (It doesn't have dynamic exports). So it's known statically that the requested export doesn't exist. @ http://localhost:3000/_next/static/chunks/node_modules_next_dist_0bc8q4g._.js:1952
[ 8204360ms] [ERROR] ./src/pages/login.tsx:6:1
Export AuxiliaryAction doesn't exist in target module
   4 | import { serverSideTranslations } from 'next-i18next/serverSideTranslations';
   5 | import { useRouter } from 'next/router';
>  6 | import {
     | ^^^^^^^
>  7 |     Action,
     | ^^^^^^^^^^^
>  8 |     AuxiliaryAction,
     | ^^^^^^^^^^^^^^^^^^^^
>  9 |     CheckboxRow,
     | ^^^^^^^^^^^^^^^^
> 10 |     Close,
     | ^^^^^^^^^^
> 11 |     Error,
     | ^^^^^^^^^^
> 12 |     Form,
     | ^^^^^^^^^
> 13 |     Input,
     | ^^^^^^^^^^
> 14 |     Modal,
     | ^^^^^^^^^^
> 15 |     ModalBody,
     | ^^^^^^^^^^^^^^
> 16 |     ModalHeader,
     | ^^^^^^^^^^^^^^^^
> 17 |     Page,
     | ^^^^^^^^^
> 18 |     Status,
     | ^^^^^^^^^^^
> 19 |     Tab,
     | ^^^^^^^^
> 20 |     Tabs,
     | ^^^^^^^^^
> 21 |     Title
     | ^^^^^^^^^
> 22 | } from '@/components/pages/LoginPage/LoginPage.styled';
     | ^^^^^^^^^^^^^^^^^^^^^^^^^^^^^^^^^^^^^^^^^^^^^^^^^^^^^^^
  23 |
  24 | type User = { username: string; email: string; password: string };
  25 |

The export AuxiliaryAction was not found in module [project]/src/components/pages/LoginPage/LoginPage.styled.tsx [client] (ecmascript).
Did you mean to import Title?
All exports of the module are statically known (It doesn't have dynamic exports). So it's known statically that the requested export doesn't exist. @ http://localhost:3000/_next/static/chunks/node_modules_next_dist_0bc8q4g._.js:1952
[ 8204360ms] [ERROR] ./src/pages/login.tsx:6:1
Export AuxiliaryAction doesn't exist in target module
   4 | import { serverSideTranslations } from 'next-i18next/serverSideTranslations';
   5 | import { useRouter } from 'next/router';
>  6 | import {
     | ^^^^^^^
>  7 |     Action,
     | ^^^^^^^^^^^
>  8 |     AuxiliaryAction,
     | ^^^^^^^^^^^^^^^^^^^^
>  9 |     CheckboxRow,
     | ^^^^^^^^^^^^^^^^
> 10 |     Close,
     | ^^^^^^^^^^
> 11 |     Error,
     | ^^^^^^^^^^
> 12 |     Form,
     | ^^^^^^^^^
> 13 |     Input,
     | ^^^^^^^^^^
> 14 |     Modal,
     | ^^^^^^^^^^
> 15 |     ModalBody,
     | ^^^^^^^^^^^^^^
> 16 |     ModalHeader,
     | ^^^^^^^^^^^^^^^^
> 17 |     Page,
     | ^^^^^^^^^
> 18 |     Status,
     | ^^^^^^^^^^^
> 19 |     Tab,
     | ^^^^^^^^
> 20 |     Tabs,
     | ^^^^^^^^^
> 21 |     Title
     | ^^^^^^^^^
> 22 | } from '@/components/pages/LoginPage/LoginPage.styled';
     | ^^^^^^^^^^^^^^^^^^^^^^^^^^^^^^^^^^^^^^^^^^^^^^^^^^^^^^^
  23 |
  24 | type User = { username: string; email: string; password: string };
  25 |

The export AuxiliaryAction was not found in module [project]/src/components/pages/LoginPage/LoginPage.styled.tsx [ssr] (ecmascript).
Did you mean to import Title?
All exports of the module are statically known (It doesn't have dynamic exports). So it's known statically that the requested export doesn't exist. @ http://localhost:3000/_next/static/chunks/node_modules_next_dist_0bc8q4g._.js:1952
[ 8204360ms] [ERROR] ./src/pages/login.tsx:6:1
Export Error doesn't exist in target module
   4 | import { serverSideTranslations } from 'next-i18next/serverSideTranslations';
   5 | import { useRouter } from 'next/router';
>  6 | import {
     | ^^^^^^^
>  7 |     Action,
     | ^^^^^^^^^^^
>  8 |     AuxiliaryAction,
     | ^^^^^^^^^^^^^^^^^^^^
>  9 |     CheckboxRow,
     | ^^^^^^^^^^^^^^^^
> 10 |     Close,
     | ^^^^^^^^^^
> 11 |     Error,
     | ^^^^^^^^^^
> 12 |     Form,
     | ^^^^^^^^^
> 13 |     Input,
     | ^^^^^^^^^^
> 14 |     Modal,
     | ^^^^^^^^^^
> 15 |     ModalBody,
     | ^^^^^^^^^^^^^^
> 16 |     ModalHeader,
     | ^^^^^^^^^^^^^^^^
> 17 |     Page,
     | ^^^^^^^^^
> 18 |     Status,
     | ^^^^^^^^^^^
> 19 |     Tab,
     | ^^^^^^^^
> 20 |     Tabs,
     | ^^^^^^^^^
> 21 |     Title
     | ^^^^^^^^^
> 22 | } from '@/components/pages/LoginPage/LoginPage.styled';
     | ^^^^^^^^^^^^^^^^^^^^^^^^^^^^^^^^^^^^^^^^^^^^^^^^^^^^^^^
  23 |
  24 | type User = { username: string; email: string; password: string };
  25 |

The export Error was not found in module [project]/src/components/pages/LoginPage/LoginPage.styled.tsx [client] (ecmascript).
Did you mean to import Form?
All exports of the module are statically known (It doesn't have dynamic exports). So it's known statically that the requested export doesn't exist. @ http://localhost:3000/_next/static/chunks/node_modules_next_dist_0bc8q4g._.js:1952
[ 8204361ms] [ERROR] ./src/pages/login.tsx:6:1
Export Error doesn't exist in target module
   4 | import { serverSideTranslations } from 'next-i18next/serverSideTranslations';
   5 | import { useRouter } from 'next/router';
>  6 | import {
     | ^^^^^^^
>  7 |     Action,
     | ^^^^^^^^^^^
>  8 |     AuxiliaryAction,
     | ^^^^^^^^^^^^^^^^^^^^
>  9 |     CheckboxRow,
     | ^^^^^^^^^^^^^^^^
> 10 |     Close,
     | ^^^^^^^^^^
> 11 |     Error,
     | ^^^^^^^^^^
> 12 |     Form,
     | ^^^^^^^^^
> 13 |     Input,
     | ^^^^^^^^^^
> 14 |     Modal,
     | ^^^^^^^^^^
> 15 |     ModalBody,
     | ^^^^^^^^^^^^^^
> 16 |     ModalHeader,
     | ^^^^^^^^^^^^^^^^
> 17 |     Page,
     | ^^^^^^^^^
> 18 |     Status,
     | ^^^^^^^^^^^
> 19 |     Tab,
     | ^^^^^^^^
> 20 |     Tabs,
     | ^^^^^^^^^
> 21 |     Title
     | ^^^^^^^^^
> 22 | } from '@/components/pages/LoginPage/LoginPage.styled';
     | ^^^^^^^^^^^^^^^^^^^^^^^^^^^^^^^^^^^^^^^^^^^^^^^^^^^^^^^
  23 |
  24 | type User = { username: string; email: string; password: string };
  25 |

The export Error was not found in module [project]/src/components/pages/LoginPage/LoginPage.styled.tsx [ssr] (ecmascript).
Did you mean to import Form?
All exports of the module are statically known (It doesn't have dynamic exports). So it's known statically that the requested export doesn't exist. @ http://localhost:3000/_next/static/chunks/node_modules_next_dist_0bc8q4g._.js:1952
[ 8204361ms] [ERROR] ./src/pages/login.tsx:6:1
Export Status doesn't exist in target module
   4 | import { serverSideTranslations } from 'next-i18next/serverSideTranslations';
   5 | import { useRouter } from 'next/router';
>  6 | import {
     | ^^^^^^^
>  7 |     Action,
     | ^^^^^^^^^^^
>  8 |     AuxiliaryAction,
     | ^^^^^^^^^^^^^^^^^^^^
>  9 |     CheckboxRow,
     | ^^^^^^^^^^^^^^^^
> 10 |     Close,
     | ^^^^^^^^^^
> 11 |     Error,
     | ^^^^^^^^^^
> 12 |     Form,
     | ^^^^^^^^^
> 13 |     Input,
     | ^^^^^^^^^^
> 14 |     Modal,
     | ^^^^^^^^^^
> 15 |     ModalBody,
     | ^^^^^^^^^^^^^^
> 16 |     ModalHeader,
     | ^^^^^^^^^^^^^^^^
> 17 |     Page,
     | ^^^^^^^^^
> 18 |     Status,
     | ^^^^^^^^^^^
> 19 |     Tab,
     | ^^^^^^^^
> 20 |     Tabs,
     | ^^^^^^^^^
> 21 |     Title
     | ^^^^^^^^^
> 22 | } from '@/components/pages/LoginPage/LoginPage.styled';
     | ^^^^^^^^^^^^^^^^^^^^^^^^^^^^^^^^^^^^^^^^^^^^^^^^^^^^^^^
  23 |
  24 | type User = { username: string; email: string; password: string };
  25 |

The export Status was not found in module [project]/src/components/pages/LoginPage/LoginPage.styled.tsx [client] (ecmascript).
Did you mean to import Tabs?
All exports of the module are statically known (It doesn't have dynamic exports). So it's known statically that the requested export doesn't exist. @ http://localhost:3000/_next/static/chunks/node_modules_next_dist_0bc8q4g._.js:1952
[ 8204361ms] [ERROR] ./src/pages/login.tsx:6:1
Export Status doesn't exist in target module
   4 | import { serverSideTranslations } from 'next-i18next/serverSideTranslations';
   5 | import { useRouter } from 'next/router';
>  6 | import {
     | ^^^^^^^
>  7 |     Action,
     | ^^^^^^^^^^^
>  8 |     AuxiliaryAction,
     | ^^^^^^^^^^^^^^^^^^^^
>  9 |     CheckboxRow,
     | ^^^^^^^^^^^^^^^^
> 10 |     Close,
     | ^^^^^^^^^^
> 11 |     Error,
     | ^^^^^^^^^^
> 12 |     Form,
     | ^^^^^^^^^
> 13 |     Input,
     | ^^^^^^^^^^
> 14 |     Modal,
     | ^^^^^^^^^^
> 15 |     ModalBody,
     | ^^^^^^^^^^^^^^
> 16 |     ModalHeader,
     | ^^^^^^^^^^^^^^^^
> 17 |     Page,
     | ^^^^^^^^^
> 18 |     Status,
     | ^^^^^^^^^^^
> 19 |     Tab,
     | ^^^^^^^^
> 20 |     Tabs,
     | ^^^^^^^^^
> 21 |     Title
     | ^^^^^^^^^
> 22 | } from '@/components/pages/LoginPage/LoginPage.styled';
     | ^^^^^^^^^^^^^^^^^^^^^^^^^^^^^^^^^^^^^^^^^^^^^^^^^^^^^^^
  23 |
  24 | type User = { username: string; email: string; password: string };
  25 |

The export Status was not found in module [project]/src/components/pages/LoginPage/LoginPage.styled.tsx [ssr] (ecmascript).
Did you mean to import Tabs?
All exports of the module are statically known (It doesn't have dynamic exports). So it's known statically that the requested export doesn't exist. @ http://localhost:3000/_next/static/chunks/node_modules_next_dist_0bc8q4g._.js:1952
[ 8204431ms] [LOG] [Fast Refresh] rebuilding @ http://localhost:3000/_next/static/chunks/node_modules_next_dist_0bc8q4g._.js:1233
[ 8207818ms] [ERROR] ./src/pages/login.tsx:6:1
Export Action doesn't exist in target module
   4 | import { serverSideTranslations } from 'next-i18next/serverSideTranslations';
   5 | import { useRouter } from 'next/router';
>  6 | import {
     | ^^^^^^^
>  7 |     Action,
     | ^^^^^^^^^^^
>  8 |     AuxiliaryAction,
     | ^^^^^^^^^^^^^^^^^^^^
>  9 |     CheckboxRow,
     | ^^^^^^^^^^^^^^^^
> 10 |     Close,
     | ^^^^^^^^^^
> 11 |     Error,
     | ^^^^^^^^^^
> 12 |     Form,
     | ^^^^^^^^^
> 13 |     Input,
     | ^^^^^^^^^^
> 14 |     Modal,
     | ^^^^^^^^^^
> 15 |     ModalBody,
     | ^^^^^^^^^^^^^^
> 16 |     ModalHeader,
     | ^^^^^^^^^^^^^^^^
> 17 |     Page,
     | ^^^^^^^^^
> 18 |     Status,
     | ^^^^^^^^^^^
> 19 |     Tab,
     | ^^^^^^^^
> 20 |     Tabs,
     | ^^^^^^^^^
> 21 |     Title
     | ^^^^^^^^^
> 22 | } from '@/components/pages/LoginPage/LoginPage.styled';
     | ^^^^^^^^^^^^^^^^^^^^^^^^^^^^^^^^^^^^^^^^^^^^^^^^^^^^^^^
  23 |
  24 | type User = { username: string; email: string; password: string };
  25 |

The export Action was not found in module [project]/src/components/pages/LoginPage/LoginPage.styled.tsx [client] (ecmascript).
Did you mean to import CheckboxRow?
All exports of the module are statically known (It doesn't have dynamic exports). So it's known statically that the requested export doesn't exist. @ http://localhost:3000/_next/static/chunks/node_modules_next_dist_0bc8q4g._.js:1952
[ 8207819ms] [ERROR] ./src/pages/login.tsx:6:1
Export Action doesn't exist in target module
   4 | import { serverSideTranslations } from 'next-i18next/serverSideTranslations';
   5 | import { useRouter } from 'next/router';
>  6 | import {
     | ^^^^^^^
>  7 |     Action,
     | ^^^^^^^^^^^
>  8 |     AuxiliaryAction,
     | ^^^^^^^^^^^^^^^^^^^^
>  9 |     CheckboxRow,
     | ^^^^^^^^^^^^^^^^
> 10 |     Close,
     | ^^^^^^^^^^
> 11 |     Error,
     | ^^^^^^^^^^
> 12 |     Form,
     | ^^^^^^^^^
> 13 |     Input,
     | ^^^^^^^^^^
> 14 |     Modal,
     | ^^^^^^^^^^
> 15 |     ModalBody,
     | ^^^^^^^^^^^^^^
> 16 |     ModalHeader,
     | ^^^^^^^^^^^^^^^^
> 17 |     Page,
     | ^^^^^^^^^
> 18 |     Status,
     | ^^^^^^^^^^^
> 19 |     Tab,
     | ^^^^^^^^
> 20 |     Tabs,
     | ^^^^^^^^^
> 21 |     Title
     | ^^^^^^^^^
> 22 | } from '@/components/pages/LoginPage/LoginPage.styled';
     | ^^^^^^^^^^^^^^^^^^^^^^^^^^^^^^^^^^^^^^^^^^^^^^^^^^^^^^^
  23 |
  24 | type User = { username: string; email: string; password: string };
  25 |

The export Action was not found in module [project]/src/components/pages/LoginPage/LoginPage.styled.tsx [ssr] (ecmascript).
Did you mean to import CheckboxRow?
All exports of the module are statically known (It doesn't have dynamic exports). So it's known statically that the requested export doesn't exist. @ http://localhost:3000/_next/static/chunks/node_modules_next_dist_0bc8q4g._.js:1952
[ 8207819ms] [ERROR] ./src/pages/login.tsx:6:1
Export AuxiliaryAction doesn't exist in target module
   4 | import { serverSideTranslations } from 'next-i18next/serverSideTranslations';
   5 | import { useRouter } from 'next/router';
>  6 | import {
     | ^^^^^^^
>  7 |     Action,
     | ^^^^^^^^^^^
>  8 |     AuxiliaryAction,
     | ^^^^^^^^^^^^^^^^^^^^
>  9 |     CheckboxRow,
     | ^^^^^^^^^^^^^^^^
> 10 |     Close,
     | ^^^^^^^^^^
> 11 |     Error,
     | ^^^^^^^^^^
> 12 |     Form,
     | ^^^^^^^^^
> 13 |     Input,
     | ^^^^^^^^^^
> 14 |     Modal,
     | ^^^^^^^^^^
> 15 |     ModalBody,
     | ^^^^^^^^^^^^^^
> 16 |     ModalHeader,
     | ^^^^^^^^^^^^^^^^
> 17 |     Page,
     | ^^^^^^^^^
> 18 |     Status,
     | ^^^^^^^^^^^
> 19 |     Tab,
     | ^^^^^^^^
> 20 |     Tabs,
     | ^^^^^^^^^
> 21 |     Title
     | ^^^^^^^^^
> 22 | } from '@/components/pages/LoginPage/LoginPage.styled';
     | ^^^^^^^^^^^^^^^^^^^^^^^^^^^^^^^^^^^^^^^^^^^^^^^^^^^^^^^
  23 |
  24 | type User = { username: string; email: string; password: string };
  25 |

The export AuxiliaryAction was not found in module [project]/src/components/pages/LoginPage/LoginPage.styled.tsx [client] (ecmascript).
Did you mean to import Title?
All exports of the module are statically known (It doesn't have dynamic exports). So it's known statically that the requested export doesn't exist. @ http://localhost:3000/_next/static/chunks/node_modules_next_dist_0bc8q4g._.js:1952
[ 8207819ms] [ERROR] ./src/pages/login.tsx:6:1
Export AuxiliaryAction doesn't exist in target module
   4 | import { serverSideTranslations } from 'next-i18next/serverSideTranslations';
   5 | import { useRouter } from 'next/router';
>  6 | import {
     | ^^^^^^^
>  7 |     Action,
     | ^^^^^^^^^^^
>  8 |     AuxiliaryAction,
     | ^^^^^^^^^^^^^^^^^^^^
>  9 |     CheckboxRow,
     | ^^^^^^^^^^^^^^^^
> 10 |     Close,
     | ^^^^^^^^^^
> 11 |     Error,
     | ^^^^^^^^^^
> 12 |     Form,
     | ^^^^^^^^^
> 13 |     Input,
     | ^^^^^^^^^^
> 14 |     Modal,
     | ^^^^^^^^^^
> 15 |     ModalBody,
     | ^^^^^^^^^^^^^^
> 16 |     ModalHeader,
     | ^^^^^^^^^^^^^^^^
> 17 |     Page,
     | ^^^^^^^^^
> 18 |     Status,
     | ^^^^^^^^^^^
> 19 |     Tab,
     | ^^^^^^^^
> 20 |     Tabs,
     | ^^^^^^^^^
> 21 |     Title
     | ^^^^^^^^^
> 22 | } from '@/components/pages/LoginPage/LoginPage.styled';
     | ^^^^^^^^^^^^^^^^^^^^^^^^^^^^^^^^^^^^^^^^^^^^^^^^^^^^^^^
  23 |
  24 | type User = { username: string; email: string; password: string };
  25 |

The export AuxiliaryAction was not found in module [project]/src/components/pages/LoginPage/LoginPage.styled.tsx [ssr] (ecmascript).
Did you mean to import Title?
All exports of the module are statically known (It doesn't have dynamic exports). So it's known statically that the requested export doesn't exist. @ http://localhost:3000/_next/static/chunks/node_modules_next_dist_0bc8q4g._.js:1952
[ 8207819ms] [ERROR] ./src/pages/login.tsx:6:1
Export Error doesn't exist in target module
   4 | import { serverSideTranslations } from 'next-i18next/serverSideTranslations';
   5 | import { useRouter } from 'next/router';
>  6 | import {
     | ^^^^^^^
>  7 |     Action,
     | ^^^^^^^^^^^
>  8 |     AuxiliaryAction,
     | ^^^^^^^^^^^^^^^^^^^^
>  9 |     CheckboxRow,
     | ^^^^^^^^^^^^^^^^
> 10 |     Close,
     | ^^^^^^^^^^
> 11 |     Error,
     | ^^^^^^^^^^
> 12 |     Form,
     | ^^^^^^^^^
> 13 |     Input,
     | ^^^^^^^^^^
> 14 |     Modal,
     | ^^^^^^^^^^
> 15 |     ModalBody,
     | ^^^^^^^^^^^^^^
> 16 |     ModalHeader,
     | ^^^^^^^^^^^^^^^^
> 17 |     Page,
     | ^^^^^^^^^
> 18 |     Status,
     | ^^^^^^^^^^^
> 19 |     Tab,
     | ^^^^^^^^
> 20 |     Tabs,
     | ^^^^^^^^^
> 21 |     Title
     | ^^^^^^^^^
> 22 | } from '@/components/pages/LoginPage/LoginPage.styled';
     | ^^^^^^^^^^^^^^^^^^^^^^^^^^^^^^^^^^^^^^^^^^^^^^^^^^^^^^^
  23 |
  24 | type User = { username: string; email: string; password: string };
  25 |

The export Error was not found in module [project]/src/components/pages/LoginPage/LoginPage.styled.tsx [client] (ecmascript).
Did you mean to import Form?
All exports of the module are statically known (It doesn't have dynamic exports). So it's known statically that the requested export doesn't exist. @ http://localhost:3000/_next/static/chunks/node_modules_next_dist_0bc8q4g._.js:1952
[ 8207819ms] [ERROR] ./src/pages/login.tsx:6:1
Export Error doesn't exist in target module
   4 | import { serverSideTranslations } from 'next-i18next/serverSideTranslations';
   5 | import { useRouter } from 'next/router';
>  6 | import {
     | ^^^^^^^
>  7 |     Action,
     | ^^^^^^^^^^^
>  8 |     AuxiliaryAction,
     | ^^^^^^^^^^^^^^^^^^^^
>  9 |     CheckboxRow,
     | ^^^^^^^^^^^^^^^^
> 10 |     Close,
     | ^^^^^^^^^^
> 11 |     Error,
     | ^^^^^^^^^^
> 12 |     Form,
     | ^^^^^^^^^
> 13 |     Input,
     | ^^^^^^^^^^
> 14 |     Modal,
     | ^^^^^^^^^^
> 15 |     ModalBody,
     | ^^^^^^^^^^^^^^
> 16 |     ModalHeader,
     | ^^^^^^^^^^^^^^^^
> 17 |     Page,
     | ^^^^^^^^^
> 18 |     Status,
     | ^^^^^^^^^^^
> 19 |     Tab,
     | ^^^^^^^^
> 20 |     Tabs,
     | ^^^^^^^^^
> 21 |     Title
     | ^^^^^^^^^
> 22 | } from '@/components/pages/LoginPage/LoginPage.styled';
     | ^^^^^^^^^^^^^^^^^^^^^^^^^^^^^^^^^^^^^^^^^^^^^^^^^^^^^^^
  23 |
  24 | type User = { username: string; email: string; password: string };
  25 |

The export Error was not found in module [project]/src/components/pages/LoginPage/LoginPage.styled.tsx [ssr] (ecmascript).
Did you mean to import Form?
All exports of the module are statically known (It doesn't have dynamic exports). So it's known statically that the requested export doesn't exist. @ http://localhost:3000/_next/static/chunks/node_modules_next_dist_0bc8q4g._.js:1952
[ 8207819ms] [ERROR] ./src/pages/login.tsx:6:1
Export Status doesn't exist in target module
   4 | import { serverSideTranslations } from 'next-i18next/serverSideTranslations';
   5 | import { useRouter } from 'next/router';
>  6 | import {
     | ^^^^^^^
>  7 |     Action,
     | ^^^^^^^^^^^
>  8 |     AuxiliaryAction,
     | ^^^^^^^^^^^^^^^^^^^^
>  9 |     CheckboxRow,
     | ^^^^^^^^^^^^^^^^
> 10 |     Close,
     | ^^^^^^^^^^
> 11 |     Error,
     | ^^^^^^^^^^
> 12 |     Form,
     | ^^^^^^^^^
> 13 |     Input,
     | ^^^^^^^^^^
> 14 |     Modal,
     | ^^^^^^^^^^
> 15 |     ModalBody,
     | ^^^^^^^^^^^^^^
> 16 |     ModalHeader,
     | ^^^^^^^^^^^^^^^^
> 17 |     Page,
     | ^^^^^^^^^
> 18 |     Status,
     | ^^^^^^^^^^^
> 19 |     Tab,
     | ^^^^^^^^
> 20 |     Tabs,
     | ^^^^^^^^^
> 21 |     Title
     | ^^^^^^^^^
> 22 | } from '@/components/pages/LoginPage/LoginPage.styled';
     | ^^^^^^^^^^^^^^^^^^^^^^^^^^^^^^^^^^^^^^^^^^^^^^^^^^^^^^^
  23 |
  24 | type User = { username: string; email: string; password: string };
  25 |

The export Status was not found in module [project]/src/components/pages/LoginPage/LoginPage.styled.tsx [client] (ecmascript).
Did you mean to import Tabs?
All exports of the module are statically known (It doesn't have dynamic exports). So it's known statically that the requested export doesn't exist. @ http://localhost:3000/_next/static/chunks/node_modules_next_dist_0bc8q4g._.js:1952
[ 8207819ms] [ERROR] ./src/pages/login.tsx:6:1
Export Status doesn't exist in target module
   4 | import { serverSideTranslations } from 'next-i18next/serverSideTranslations';
   5 | import { useRouter } from 'next/router';
>  6 | import {
     | ^^^^^^^
>  7 |     Action,
     | ^^^^^^^^^^^
>  8 |     AuxiliaryAction,
     | ^^^^^^^^^^^^^^^^^^^^
>  9 |     CheckboxRow,
     | ^^^^^^^^^^^^^^^^
> 10 |     Close,
     | ^^^^^^^^^^
> 11 |     Error,
     | ^^^^^^^^^^
> 12 |     Form,
     | ^^^^^^^^^
> 13 |     Input,
     | ^^^^^^^^^^
> 14 |     Modal,
     | ^^^^^^^^^^
> 15 |     ModalBody,
     | ^^^^^^^^^^^^^^
> 16 |     ModalHeader,
     | ^^^^^^^^^^^^^^^^
> 17 |     Page,
     | ^^^^^^^^^
> 18 |     Status,
     | ^^^^^^^^^^^
> 19 |     Tab,
     | ^^^^^^^^
> 20 |     Tabs,
     | ^^^^^^^^^
> 21 |     Title
     | ^^^^^^^^^
> 22 | } from '@/components/pages/LoginPage/LoginPage.styled';
     | ^^^^^^^^^^^^^^^^^^^^^^^^^^^^^^^^^^^^^^^^^^^^^^^^^^^^^^^
  23 |
  24 | type User = { username: string; email: string; password: string };
  25 |

The export Status was not found in module [project]/src/components/pages/LoginPage/LoginPage.styled.tsx [ssr] (ecmascript).
Did you mean to import Tabs?
All exports of the module are statically known (It doesn't have dynamic exports). So it's known statically that the requested export doesn't exist. @ http://localhost:3000/_next/static/chunks/node_modules_next_dist_0bc8q4g._.js:1952
[ 8207876ms] [LOG] [Fast Refresh] rebuilding @ http://localhost:3000/_next/static/chunks/node_modules_next_dist_0bc8q4g._.js:1233
[ 8218840ms] [ERROR] ./src/pages/login.tsx:6:1
Export Action doesn't exist in target module
   4 | import { serverSideTranslations } from 'next-i18next/serverSideTranslations';
   5 | import { useRouter } from 'next/router';
>  6 | import {
     | ^^^^^^^
>  7 |     Action,
     | ^^^^^^^^^^^
>  8 |     AuxiliaryAction,
     | ^^^^^^^^^^^^^^^^^^^^
>  9 |     CheckboxRow,
     | ^^^^^^^^^^^^^^^^
> 10 |     Close,
     | ^^^^^^^^^^
> 11 |     Error,
     | ^^^^^^^^^^
> 12 |     Form,
     | ^^^^^^^^^
> 13 |     Input,
     | ^^^^^^^^^^
> 14 |     Modal,
     | ^^^^^^^^^^
> 15 |     ModalBody,
     | ^^^^^^^^^^^^^^
> 16 |     ModalHeader,
     | ^^^^^^^^^^^^^^^^
> 17 |     Page,
     | ^^^^^^^^^
> 18 |     Status,
     | ^^^^^^^^^^^
> 19 |     Tab,
     | ^^^^^^^^
> 20 |     Tabs,
     | ^^^^^^^^^
> 21 |     Title
     | ^^^^^^^^^
> 22 | } from '@/components/pages/LoginPage/LoginPage.styled';
     | ^^^^^^^^^^^^^^^^^^^^^^^^^^^^^^^^^^^^^^^^^^^^^^^^^^^^^^^
  23 |
  24 | type User = { username: string; email: string; password: string };
  25 |

The export Action was not found in module [project]/src/components/pages/LoginPage/LoginPage.styled.tsx [client] (ecmascript).
Did you mean to import CheckboxRow?
All exports of the module are statically known (It doesn't have dynamic exports). So it's known statically that the requested export doesn't exist. @ http://localhost:3000/_next/static/chunks/node_modules_next_dist_0bc8q4g._.js:1952
[ 8218840ms] [ERROR] ./src/pages/login.tsx:6:1
Export Action doesn't exist in target module
   4 | import { serverSideTranslations } from 'next-i18next/serverSideTranslations';
   5 | import { useRouter } from 'next/router';
>  6 | import {
     | ^^^^^^^
>  7 |     Action,
     | ^^^^^^^^^^^
>  8 |     AuxiliaryAction,
     | ^^^^^^^^^^^^^^^^^^^^
>  9 |     CheckboxRow,
     | ^^^^^^^^^^^^^^^^
> 10 |     Close,
     | ^^^^^^^^^^
> 11 |     Error,
     | ^^^^^^^^^^
> 12 |     Form,
     | ^^^^^^^^^
> 13 |     Input,
     | ^^^^^^^^^^
> 14 |     Modal,
     | ^^^^^^^^^^
> 15 |     ModalBody,
     | ^^^^^^^^^^^^^^
> 16 |     ModalHeader,
     | ^^^^^^^^^^^^^^^^
> 17 |     Page,
     | ^^^^^^^^^
> 18 |     Status,
     | ^^^^^^^^^^^
> 19 |     Tab,
     | ^^^^^^^^
> 20 |     Tabs,
     | ^^^^^^^^^
> 21 |     Title
     | ^^^^^^^^^
> 22 | } from '@/components/pages/LoginPage/LoginPage.styled';
     | ^^^^^^^^^^^^^^^^^^^^^^^^^^^^^^^^^^^^^^^^^^^^^^^^^^^^^^^
  23 |
  24 | type User = { username: string; email: string; password: string };
  25 |

The export Action was not found in module [project]/src/components/pages/LoginPage/LoginPage.styled.tsx [ssr] (ecmascript).
Did you mean to import CheckboxRow?
All exports of the module are statically known (It doesn't have dynamic exports). So it's known statically that the requested export doesn't exist. @ http://localhost:3000/_next/static/chunks/node_modules_next_dist_0bc8q4g._.js:1952
[ 8218840ms] [ERROR] ./src/pages/login.tsx:6:1
Export AuxiliaryAction doesn't exist in target module
   4 | import { serverSideTranslations } from 'next-i18next/serverSideTranslations';
   5 | import { useRouter } from 'next/router';
>  6 | import {
     | ^^^^^^^
>  7 |     Action,
     | ^^^^^^^^^^^
>  8 |     AuxiliaryAction,
     | ^^^^^^^^^^^^^^^^^^^^
>  9 |     CheckboxRow,
     | ^^^^^^^^^^^^^^^^
> 10 |     Close,
     | ^^^^^^^^^^
> 11 |     Error,
     | ^^^^^^^^^^
> 12 |     Form,
     | ^^^^^^^^^
> 13 |     Input,
     | ^^^^^^^^^^
> 14 |     Modal,
     | ^^^^^^^^^^
> 15 |     ModalBody,
     | ^^^^^^^^^^^^^^
> 16 |     ModalHeader,
     | ^^^^^^^^^^^^^^^^
> 17 |     Page,
     | ^^^^^^^^^
> 18 |     Status,
     | ^^^^^^^^^^^
> 19 |     Tab,
     | ^^^^^^^^
> 20 |     Tabs,
     | ^^^^^^^^^
> 21 |     Title
     | ^^^^^^^^^
> 22 | } from '@/components/pages/LoginPage/LoginPage.styled';
     | ^^^^^^^^^^^^^^^^^^^^^^^^^^^^^^^^^^^^^^^^^^^^^^^^^^^^^^^
  23 |
  24 | type User = { username: string; email: string; password: string };
  25 |

The export AuxiliaryAction was not found in module [project]/src/components/pages/LoginPage/LoginPage.styled.tsx [client] (ecmascript).
Did you mean to import Title?
All exports of the module are statically known (It doesn't have dynamic exports). So it's known statically that the requested export doesn't exist. @ http://localhost:3000/_next/static/chunks/node_modules_next_dist_0bc8q4g._.js:1952
[ 8218840ms] [ERROR] ./src/pages/login.tsx:6:1
Export AuxiliaryAction doesn't exist in target module
   4 | import { serverSideTranslations } from 'next-i18next/serverSideTranslations';
   5 | import { useRouter } from 'next/router';
>  6 | import {
     | ^^^^^^^
>  7 |     Action,
     | ^^^^^^^^^^^
>  8 |     AuxiliaryAction,
     | ^^^^^^^^^^^^^^^^^^^^
>  9 |     CheckboxRow,
     | ^^^^^^^^^^^^^^^^
> 10 |     Close,
     | ^^^^^^^^^^
> 11 |     Error,
     | ^^^^^^^^^^
> 12 |     Form,
     | ^^^^^^^^^
> 13 |     Input,
     | ^^^^^^^^^^
> 14 |     Modal,
     | ^^^^^^^^^^
> 15 |     ModalBody,
     | ^^^^^^^^^^^^^^
> 16 |     ModalHeader,
     | ^^^^^^^^^^^^^^^^
> 17 |     Page,
     | ^^^^^^^^^
> 18 |     Status,
     | ^^^^^^^^^^^
> 19 |     Tab,
     | ^^^^^^^^
> 20 |     Tabs,
     | ^^^^^^^^^
> 21 |     Title
     | ^^^^^^^^^
> 22 | } from '@/components/pages/LoginPage/LoginPage.styled';
     | ^^^^^^^^^^^^^^^^^^^^^^^^^^^^^^^^^^^^^^^^^^^^^^^^^^^^^^^
  23 |
  24 | type User = { username: string; email: string; password: string };
  25 |

The export AuxiliaryAction was not found in module [project]/src/components/pages/LoginPage/LoginPage.styled.tsx [ssr] (ecmascript).
Did you mean to import Title?
All exports of the module are statically known (It doesn't have dynamic exports). So it's known statically that the requested export doesn't exist. @ http://localhost:3000/_next/static/chunks/node_modules_next_dist_0bc8q4g._.js:1952
[ 8218840ms] [ERROR] ./src/pages/login.tsx:6:1
Export Error doesn't exist in target module
   4 | import { serverSideTranslations } from 'next-i18next/serverSideTranslations';
   5 | import { useRouter } from 'next/router';
>  6 | import {
     | ^^^^^^^
>  7 |     Action,
     | ^^^^^^^^^^^
>  8 |     AuxiliaryAction,
     | ^^^^^^^^^^^^^^^^^^^^
>  9 |     CheckboxRow,
     | ^^^^^^^^^^^^^^^^
> 10 |     Close,
     | ^^^^^^^^^^
> 11 |     Error,
     | ^^^^^^^^^^
> 12 |     Form,
     | ^^^^^^^^^
> 13 |     Input,
     | ^^^^^^^^^^
> 14 |     Modal,
     | ^^^^^^^^^^
> 15 |     ModalBody,
     | ^^^^^^^^^^^^^^
> 16 |     ModalHeader,
     | ^^^^^^^^^^^^^^^^
> 17 |     Page,
     | ^^^^^^^^^
> 18 |     Status,
     | ^^^^^^^^^^^
> 19 |     Tab,
     | ^^^^^^^^
> 20 |     Tabs,
     | ^^^^^^^^^
> 21 |     Title
     | ^^^^^^^^^
> 22 | } from '@/components/pages/LoginPage/LoginPage.styled';
     | ^^^^^^^^^^^^^^^^^^^^^^^^^^^^^^^^^^^^^^^^^^^^^^^^^^^^^^^
  23 |
  24 | type User = { username: string; email: string; password: string };
  25 |

The export Error was not found in module [project]/src/components/pages/LoginPage/LoginPage.styled.tsx [client] (ecmascript).
Did you mean to import Form?
All exports of the module are statically known (It doesn't have dynamic exports). So it's known statically that the requested export doesn't exist. @ http://localhost:3000/_next/static/chunks/node_modules_next_dist_0bc8q4g._.js:1952
[ 8218840ms] [ERROR] ./src/pages/login.tsx:6:1
Export Error doesn't exist in target module
   4 | import { serverSideTranslations } from 'next-i18next/serverSideTranslations';
   5 | import { useRouter } from 'next/router';
>  6 | import {
     | ^^^^^^^
>  7 |     Action,
     | ^^^^^^^^^^^
>  8 |     AuxiliaryAction,
     | ^^^^^^^^^^^^^^^^^^^^
>  9 |     CheckboxRow,
     | ^^^^^^^^^^^^^^^^
> 10 |     Close,
     | ^^^^^^^^^^
> 11 |     Error,
     | ^^^^^^^^^^
> 12 |     Form,
     | ^^^^^^^^^
> 13 |     Input,
     | ^^^^^^^^^^
> 14 |     Modal,
     | ^^^^^^^^^^
> 15 |     ModalBody,
     | ^^^^^^^^^^^^^^
> 16 |     ModalHeader,
     | ^^^^^^^^^^^^^^^^
> 17 |     Page,
     | ^^^^^^^^^
> 18 |     Status,
     | ^^^^^^^^^^^
> 19 |     Tab,
     | ^^^^^^^^
> 20 |     Tabs,
     | ^^^^^^^^^
> 21 |     Title
     | ^^^^^^^^^
> 22 | } from '@/components/pages/LoginPage/LoginPage.styled';
     | ^^^^^^^^^^^^^^^^^^^^^^^^^^^^^^^^^^^^^^^^^^^^^^^^^^^^^^^
  23 |
  24 | type User = { username: string; email: string; password: string };
  25 |

The export Error was not found in module [project]/src/components/pages/LoginPage/LoginPage.styled.tsx [ssr] (ecmascript).
Did you mean to import Form?
All exports of the module are statically known (It doesn't have dynamic exports). So it's known statically that the requested export doesn't exist. @ http://localhost:3000/_next/static/chunks/node_modules_next_dist_0bc8q4g._.js:1952
[ 8218841ms] [ERROR] ./src/pages/login.tsx:6:1
Export Status doesn't exist in target module
   4 | import { serverSideTranslations } from 'next-i18next/serverSideTranslations';
   5 | import { useRouter } from 'next/router';
>  6 | import {
     | ^^^^^^^
>  7 |     Action,
     | ^^^^^^^^^^^
>  8 |     AuxiliaryAction,
     | ^^^^^^^^^^^^^^^^^^^^
>  9 |     CheckboxRow,
     | ^^^^^^^^^^^^^^^^
> 10 |     Close,
     | ^^^^^^^^^^
> 11 |     Error,
     | ^^^^^^^^^^
> 12 |     Form,
     | ^^^^^^^^^
> 13 |     Input,
     | ^^^^^^^^^^
> 14 |     Modal,
     | ^^^^^^^^^^
> 15 |     ModalBody,
     | ^^^^^^^^^^^^^^
> 16 |     ModalHeader,
     | ^^^^^^^^^^^^^^^^
> 17 |     Page,
     | ^^^^^^^^^
> 18 |     Status,
     | ^^^^^^^^^^^
> 19 |     Tab,
     | ^^^^^^^^
> 20 |     Tabs,
     | ^^^^^^^^^
> 21 |     Title
     | ^^^^^^^^^
> 22 | } from '@/components/pages/LoginPage/LoginPage.styled';
     | ^^^^^^^^^^^^^^^^^^^^^^^^^^^^^^^^^^^^^^^^^^^^^^^^^^^^^^^
  23 |
  24 | type User = { username: string; email: string; password: string };
  25 |

The export Status was not found in module [project]/src/components/pages/LoginPage/LoginPage.styled.tsx [client] (ecmascript).
Did you mean to import Tabs?
All exports of the module are statically known (It doesn't have dynamic exports). So it's known statically that the requested export doesn't exist. @ http://localhost:3000/_next/static/chunks/node_modules_next_dist_0bc8q4g._.js:1952
[ 8218841ms] [ERROR] ./src/pages/login.tsx:6:1
Export Status doesn't exist in target module
   4 | import { serverSideTranslations } from 'next-i18next/serverSideTranslations';
   5 | import { useRouter } from 'next/router';
>  6 | import {
     | ^^^^^^^
>  7 |     Action,
     | ^^^^^^^^^^^
>  8 |     AuxiliaryAction,
     | ^^^^^^^^^^^^^^^^^^^^
>  9 |     CheckboxRow,
     | ^^^^^^^^^^^^^^^^
> 10 |     Close,
     | ^^^^^^^^^^
> 11 |     Error,
     | ^^^^^^^^^^
> 12 |     Form,
     | ^^^^^^^^^
> 13 |     Input,
     | ^^^^^^^^^^
> 14 |     Modal,
     | ^^^^^^^^^^
> 15 |     ModalBody,
     | ^^^^^^^^^^^^^^
> 16 |     ModalHeader,
     | ^^^^^^^^^^^^^^^^
> 17 |     Page,
     | ^^^^^^^^^
> 18 |     Status,
     | ^^^^^^^^^^^
> 19 |     Tab,
     | ^^^^^^^^
> 20 |     Tabs,
     | ^^^^^^^^^
> 21 |     Title
     | ^^^^^^^^^
> 22 | } from '@/components/pages/LoginPage/LoginPage.styled';
     | ^^^^^^^^^^^^^^^^^^^^^^^^^^^^^^^^^^^^^^^^^^^^^^^^^^^^^^^
  23 |
  24 | type User = { username: string; email: string; password: string };
  25 |

The export Status was not found in module [project]/src/components/pages/LoginPage/LoginPage.styled.tsx [ssr] (ecmascript).
Did you mean to import Tabs?
All exports of the module are statically known (It doesn't have dynamic exports). So it's known statically that the requested export doesn't exist. @ http://localhost:3000/_next/static/chunks/node_modules_next_dist_0bc8q4g._.js:1952
[ 8218895ms] [LOG] [Fast Refresh] rebuilding @ http://localhost:3000/_next/static/chunks/node_modules_next_dist_0bc8q4g._.js:1233
[ 8226000ms] [ERROR] ./src/pages/login.tsx:6:1
Export Action doesn't exist in target module
   4 | import { serverSideTranslations } from 'next-i18next/serverSideTranslations';
   5 | import { useRouter } from 'next/router';
>  6 | import {
     | ^^^^^^^
>  7 |     Action,
     | ^^^^^^^^^^^
>  8 |     AuxiliaryAction,
     | ^^^^^^^^^^^^^^^^^^^^
>  9 |     CheckboxRow,
     | ^^^^^^^^^^^^^^^^
> 10 |     Close,
     | ^^^^^^^^^^
> 11 |     Error,
     | ^^^^^^^^^^
> 12 |     Form,
     | ^^^^^^^^^
> 13 |     Input,
     | ^^^^^^^^^^
> 14 |     Modal,
     | ^^^^^^^^^^
> 15 |     ModalBody,
     | ^^^^^^^^^^^^^^
> 16 |     ModalHeader,
     | ^^^^^^^^^^^^^^^^
> 17 |     Page,
     | ^^^^^^^^^
> 18 |     Status,
     | ^^^^^^^^^^^
> 19 |     Tab,
     | ^^^^^^^^
> 20 |     Tabs,
     | ^^^^^^^^^
> 21 |     Title
     | ^^^^^^^^^
> 22 | } from '@/components/pages/LoginPage/LoginPage.styled';
     | ^^^^^^^^^^^^^^^^^^^^^^^^^^^^^^^^^^^^^^^^^^^^^^^^^^^^^^^
  23 |
  24 | type User = { username: string; email: string; password: string };
  25 |

The export Action was not found in module [project]/src/components/pages/LoginPage/LoginPage.styled.tsx [client] (ecmascript).
Did you mean to import CheckboxRow?
All exports of the module are statically known (It doesn't have dynamic exports). So it's known statically that the requested export doesn't exist. @ http://localhost:3000/_next/static/chunks/node_modules_next_dist_0bc8q4g._.js:1952
[ 8226001ms] [ERROR] ./src/pages/login.tsx:6:1
Export Action doesn't exist in target module
   4 | import { serverSideTranslations } from 'next-i18next/serverSideTranslations';
   5 | import { useRouter } from 'next/router';
>  6 | import {
     | ^^^^^^^
>  7 |     Action,
     | ^^^^^^^^^^^
>  8 |     AuxiliaryAction,
     | ^^^^^^^^^^^^^^^^^^^^
>  9 |     CheckboxRow,
     | ^^^^^^^^^^^^^^^^
> 10 |     Close,
     | ^^^^^^^^^^
> 11 |     Error,
     | ^^^^^^^^^^
> 12 |     Form,
     | ^^^^^^^^^
> 13 |     Input,
     | ^^^^^^^^^^
> 14 |     Modal,
     | ^^^^^^^^^^
> 15 |     ModalBody,
     | ^^^^^^^^^^^^^^
> 16 |     ModalHeader,
     | ^^^^^^^^^^^^^^^^
> 17 |     Page,
     | ^^^^^^^^^
> 18 |     Status,
     | ^^^^^^^^^^^
> 19 |     Tab,
     | ^^^^^^^^
> 20 |     Tabs,
     | ^^^^^^^^^
> 21 |     Title
     | ^^^^^^^^^
> 22 | } from '@/components/pages/LoginPage/LoginPage.styled';
     | ^^^^^^^^^^^^^^^^^^^^^^^^^^^^^^^^^^^^^^^^^^^^^^^^^^^^^^^
  23 |
  24 | type User = { username: string; email: string; password: string };
  25 |

The export Action was not found in module [project]/src/components/pages/LoginPage/LoginPage.styled.tsx [ssr] (ecmascript).
Did you mean to import CheckboxRow?
All exports of the module are statically known (It doesn't have dynamic exports). So it's known statically that the requested export doesn't exist. @ http://localhost:3000/_next/static/chunks/node_modules_next_dist_0bc8q4g._.js:1952
[ 8226001ms] [ERROR] ./src/pages/login.tsx:6:1
Export AuxiliaryAction doesn't exist in target module
   4 | import { serverSideTranslations } from 'next-i18next/serverSideTranslations';
   5 | import { useRouter } from 'next/router';
>  6 | import {
     | ^^^^^^^
>  7 |     Action,
     | ^^^^^^^^^^^
>  8 |     AuxiliaryAction,
     | ^^^^^^^^^^^^^^^^^^^^
>  9 |     CheckboxRow,
     | ^^^^^^^^^^^^^^^^
> 10 |     Close,
     | ^^^^^^^^^^
> 11 |     Error,
     | ^^^^^^^^^^
> 12 |     Form,
     | ^^^^^^^^^
> 13 |     Input,
     | ^^^^^^^^^^
> 14 |     Modal,
     | ^^^^^^^^^^
> 15 |     ModalBody,
     | ^^^^^^^^^^^^^^
> 16 |     ModalHeader,
     | ^^^^^^^^^^^^^^^^
> 17 |     Page,
     | ^^^^^^^^^
> 18 |     Status,
     | ^^^^^^^^^^^
> 19 |     Tab,
     | ^^^^^^^^
> 20 |     Tabs,
     | ^^^^^^^^^
> 21 |     Title
     | ^^^^^^^^^
> 22 | } from '@/components/pages/LoginPage/LoginPage.styled';
     | ^^^^^^^^^^^^^^^^^^^^^^^^^^^^^^^^^^^^^^^^^^^^^^^^^^^^^^^
  23 |
  24 | type User = { username: string; email: string; password: string };
  25 |

The export AuxiliaryAction was not found in module [project]/src/components/pages/LoginPage/LoginPage.styled.tsx [client] (ecmascript).
Did you mean to import Title?
All exports of the module are statically known (It doesn't have dynamic exports). So it's known statically that the requested export doesn't exist. @ http://localhost:3000/_next/static/chunks/node_modules_next_dist_0bc8q4g._.js:1952
[ 8226001ms] [ERROR] ./src/pages/login.tsx:6:1
Export AuxiliaryAction doesn't exist in target module
   4 | import { serverSideTranslations } from 'next-i18next/serverSideTranslations';
   5 | import { useRouter } from 'next/router';
>  6 | import {
     | ^^^^^^^
>  7 |     Action,
     | ^^^^^^^^^^^
>  8 |     AuxiliaryAction,
     | ^^^^^^^^^^^^^^^^^^^^
>  9 |     CheckboxRow,
     | ^^^^^^^^^^^^^^^^
> 10 |     Close,
     | ^^^^^^^^^^
> 11 |     Error,
     | ^^^^^^^^^^
> 12 |     Form,
     | ^^^^^^^^^
> 13 |     Input,
     | ^^^^^^^^^^
> 14 |     Modal,
     | ^^^^^^^^^^
> 15 |     ModalBody,
     | ^^^^^^^^^^^^^^
> 16 |     ModalHeader,
     | ^^^^^^^^^^^^^^^^
> 17 |     Page,
     | ^^^^^^^^^
> 18 |     Status,
     | ^^^^^^^^^^^
> 19 |     Tab,
     | ^^^^^^^^
> 20 |     Tabs,
     | ^^^^^^^^^
> 21 |     Title
     | ^^^^^^^^^
> 22 | } from '@/components/pages/LoginPage/LoginPage.styled';
     | ^^^^^^^^^^^^^^^^^^^^^^^^^^^^^^^^^^^^^^^^^^^^^^^^^^^^^^^
  23 |
  24 | type User = { username: string; email: string; password: string };
  25 |

The export AuxiliaryAction was not found in module [project]/src/components/pages/LoginPage/LoginPage.styled.tsx [ssr] (ecmascript).
Did you mean to import Title?
All exports of the module are statically known (It doesn't have dynamic exports). So it's known statically that the requested export doesn't exist. @ http://localhost:3000/_next/static/chunks/node_modules_next_dist_0bc8q4g._.js:1952
[ 8226001ms] [ERROR] ./src/pages/login.tsx:6:1
Export Error doesn't exist in target module
   4 | import { serverSideTranslations } from 'next-i18next/serverSideTranslations';
   5 | import { useRouter } from 'next/router';
>  6 | import {
     | ^^^^^^^
>  7 |     Action,
     | ^^^^^^^^^^^
>  8 |     AuxiliaryAction,
     | ^^^^^^^^^^^^^^^^^^^^
>  9 |     CheckboxRow,
     | ^^^^^^^^^^^^^^^^
> 10 |     Close,
     | ^^^^^^^^^^
> 11 |     Error,
     | ^^^^^^^^^^
> 12 |     Form,
     | ^^^^^^^^^
> 13 |     Input,
     | ^^^^^^^^^^
> 14 |     Modal,
     | ^^^^^^^^^^
> 15 |     ModalBody,
     | ^^^^^^^^^^^^^^
> 16 |     ModalHeader,
     | ^^^^^^^^^^^^^^^^
> 17 |     Page,
     | ^^^^^^^^^
> 18 |     Status,
     | ^^^^^^^^^^^
> 19 |     Tab,
     | ^^^^^^^^
> 20 |     Tabs,
     | ^^^^^^^^^
> 21 |     Title
     | ^^^^^^^^^
> 22 | } from '@/components/pages/LoginPage/LoginPage.styled';
     | ^^^^^^^^^^^^^^^^^^^^^^^^^^^^^^^^^^^^^^^^^^^^^^^^^^^^^^^
  23 |
  24 | type User = { username: string; email: string; password: string };
  25 |

The export Error was not found in module [project]/src/components/pages/LoginPage/LoginPage.styled.tsx [client] (ecmascript).
Did you mean to import Form?
All exports of the module are statically known (It doesn't have dynamic exports). So it's known statically that the requested export doesn't exist. @ http://localhost:3000/_next/static/chunks/node_modules_next_dist_0bc8q4g._.js:1952
[ 8226001ms] [ERROR] ./src/pages/login.tsx:6:1
Export Error doesn't exist in target module
   4 | import { serverSideTranslations } from 'next-i18next/serverSideTranslations';
   5 | import { useRouter } from 'next/router';
>  6 | import {
     | ^^^^^^^
>  7 |     Action,
     | ^^^^^^^^^^^
>  8 |     AuxiliaryAction,
     | ^^^^^^^^^^^^^^^^^^^^
>  9 |     CheckboxRow,
     | ^^^^^^^^^^^^^^^^
> 10 |     Close,
     | ^^^^^^^^^^
> 11 |     Error,
     | ^^^^^^^^^^
> 12 |     Form,
     | ^^^^^^^^^
> 13 |     Input,
     | ^^^^^^^^^^
> 14 |     Modal,
     | ^^^^^^^^^^
> 15 |     ModalBody,
     | ^^^^^^^^^^^^^^
> 16 |     ModalHeader,
     | ^^^^^^^^^^^^^^^^
> 17 |     Page,
     | ^^^^^^^^^
> 18 |     Status,
     | ^^^^^^^^^^^
> 19 |     Tab,
     | ^^^^^^^^
> 20 |     Tabs,
     | ^^^^^^^^^
> 21 |     Title
     | ^^^^^^^^^
> 22 | } from '@/components/pages/LoginPage/LoginPage.styled';
     | ^^^^^^^^^^^^^^^^^^^^^^^^^^^^^^^^^^^^^^^^^^^^^^^^^^^^^^^
  23 |
  24 | type User = { username: string; email: string; password: string };
  25 |

The export Error was not found in module [project]/src/components/pages/LoginPage/LoginPage.styled.tsx [ssr] (ecmascript).
Did you mean to import Form?
All exports of the module are statically known (It doesn't have dynamic exports). So it's known statically that the requested export doesn't exist. @ http://localhost:3000/_next/static/chunks/node_modules_next_dist_0bc8q4g._.js:1952
[ 8226001ms] [ERROR] ./src/pages/login.tsx:6:1
Export Status doesn't exist in target module
   4 | import { serverSideTranslations } from 'next-i18next/serverSideTranslations';
   5 | import { useRouter } from 'next/router';
>  6 | import {
     | ^^^^^^^
>  7 |     Action,
     | ^^^^^^^^^^^
>  8 |     AuxiliaryAction,
     | ^^^^^^^^^^^^^^^^^^^^
>  9 |     CheckboxRow,
     | ^^^^^^^^^^^^^^^^
> 10 |     Close,
     | ^^^^^^^^^^
> 11 |     Error,
     | ^^^^^^^^^^
> 12 |     Form,
     | ^^^^^^^^^
> 13 |     Input,
     | ^^^^^^^^^^
> 14 |     Modal,
     | ^^^^^^^^^^
> 15 |     ModalBody,
     | ^^^^^^^^^^^^^^
> 16 |     ModalHeader,
     | ^^^^^^^^^^^^^^^^
> 17 |     Page,
     | ^^^^^^^^^
> 18 |     Status,
     | ^^^^^^^^^^^
> 19 |     Tab,
     | ^^^^^^^^
> 20 |     Tabs,
     | ^^^^^^^^^
> 21 |     Title
     | ^^^^^^^^^
> 22 | } from '@/components/pages/LoginPage/LoginPage.styled';
     | ^^^^^^^^^^^^^^^^^^^^^^^^^^^^^^^^^^^^^^^^^^^^^^^^^^^^^^^
  23 |
  24 | type User = { username: string; email: string; password: string };
  25 |

The export Status was not found in module [project]/src/components/pages/LoginPage/LoginPage.styled.tsx [client] (ecmascript).
Did you mean to import Tabs?
All exports of the module are statically known (It doesn't have dynamic exports). So it's known statically that the requested export doesn't exist. @ http://localhost:3000/_next/static/chunks/node_modules_next_dist_0bc8q4g._.js:1952
[ 8226001ms] [ERROR] ./src/pages/login.tsx:6:1
Export Status doesn't exist in target module
   4 | import { serverSideTranslations } from 'next-i18next/serverSideTranslations';
   5 | import { useRouter } from 'next/router';
>  6 | import {
     | ^^^^^^^
>  7 |     Action,
     | ^^^^^^^^^^^
>  8 |     AuxiliaryAction,
     | ^^^^^^^^^^^^^^^^^^^^
>  9 |     CheckboxRow,
     | ^^^^^^^^^^^^^^^^
> 10 |     Close,
     | ^^^^^^^^^^
> 11 |     Error,
     | ^^^^^^^^^^
> 12 |     Form,
     | ^^^^^^^^^
> 13 |     Input,
     | ^^^^^^^^^^
> 14 |     Modal,
     | ^^^^^^^^^^
> 15 |     ModalBody,
     | ^^^^^^^^^^^^^^
> 16 |     ModalHeader,
     | ^^^^^^^^^^^^^^^^
> 17 |     Page,
     | ^^^^^^^^^
> 18 |     Status,
     | ^^^^^^^^^^^
> 19 |     Tab,
     | ^^^^^^^^
> 20 |     Tabs,
     | ^^^^^^^^^
> 21 |     Title
     | ^^^^^^^^^
> 22 | } from '@/components/pages/LoginPage/LoginPage.styled';
     | ^^^^^^^^^^^^^^^^^^^^^^^^^^^^^^^^^^^^^^^^^^^^^^^^^^^^^^^
  23 |
  24 | type User = { username: string; email: string; password: string };
  25 |

The export Status was not found in module [project]/src/components/pages/LoginPage/LoginPage.styled.tsx [ssr] (ecmascript).
Did you mean to import Tabs?
All exports of the module are statically known (It doesn't have dynamic exports). So it's known statically that the requested export doesn't exist. @ http://localhost:3000/_next/static/chunks/node_modules_next_dist_0bc8q4g._.js:1952
[ 8226057ms] [LOG] [Fast Refresh] rebuilding @ http://localhost:3000/_next/static/chunks/node_modules_next_dist_0bc8q4g._.js:1233
[ 8269930ms] [ERROR] ./src/pages/login.tsx:6:1
Export Action doesn't exist in target module
   4 | import { serverSideTranslations } from 'next-i18next/serverSideTranslations';
   5 | import { useRouter } from 'next/router';
>  6 | import {
     | ^^^^^^^
>  7 |     Action,
     | ^^^^^^^^^^^
>  8 |     AuxiliaryAction,
     | ^^^^^^^^^^^^^^^^^^^^
>  9 |     CheckboxRow,
     | ^^^^^^^^^^^^^^^^
> 10 |     Close,
     | ^^^^^^^^^^
> 11 |     Error,
     | ^^^^^^^^^^
> 12 |     Form,
     | ^^^^^^^^^
> 13 |     Input,
     | ^^^^^^^^^^
> 14 |     Modal,
     | ^^^^^^^^^^
> 15 |     ModalBody,
     | ^^^^^^^^^^^^^^
> 16 |     ModalHeader,
     | ^^^^^^^^^^^^^^^^
> 17 |     Page,
     | ^^^^^^^^^
> 18 |     Status,
     | ^^^^^^^^^^^
> 19 |     Tab,
     | ^^^^^^^^
> 20 |     Tabs,
     | ^^^^^^^^^
> 21 |     Title
     | ^^^^^^^^^
> 22 | } from '@/components/pages/LoginPage/LoginPage.styled';
     | ^^^^^^^^^^^^^^^^^^^^^^^^^^^^^^^^^^^^^^^^^^^^^^^^^^^^^^^
  23 |
  24 | type User = { username: string; email: string; password: string };
  25 |

The export Action was not found in module [project]/src/components/pages/LoginPage/LoginPage.styled.tsx [client] (ecmascript).
Did you mean to import CheckboxRow?
All exports of the module are statically known (It doesn't have dynamic exports). So it's known statically that the requested export doesn't exist. @ http://localhost:3000/_next/static/chunks/node_modules_next_dist_0bc8q4g._.js:1952
[ 8269930ms] [ERROR] ./src/pages/login.tsx:6:1
Export Action doesn't exist in target module
   4 | import { serverSideTranslations } from 'next-i18next/serverSideTranslations';
   5 | import { useRouter } from 'next/router';
>  6 | import {
     | ^^^^^^^
>  7 |     Action,
     | ^^^^^^^^^^^
>  8 |     AuxiliaryAction,
     | ^^^^^^^^^^^^^^^^^^^^
>  9 |     CheckboxRow,
     | ^^^^^^^^^^^^^^^^
> 10 |     Close,
     | ^^^^^^^^^^
> 11 |     Error,
     | ^^^^^^^^^^
> 12 |     Form,
     | ^^^^^^^^^
> 13 |     Input,
     | ^^^^^^^^^^
> 14 |     Modal,
     | ^^^^^^^^^^
> 15 |     ModalBody,
     | ^^^^^^^^^^^^^^
> 16 |     ModalHeader,
     | ^^^^^^^^^^^^^^^^
> 17 |     Page,
     | ^^^^^^^^^
> 18 |     Status,
     | ^^^^^^^^^^^
> 19 |     Tab,
     | ^^^^^^^^
> 20 |     Tabs,
     | ^^^^^^^^^
> 21 |     Title
     | ^^^^^^^^^
> 22 | } from '@/components/pages/LoginPage/LoginPage.styled';
     | ^^^^^^^^^^^^^^^^^^^^^^^^^^^^^^^^^^^^^^^^^^^^^^^^^^^^^^^
  23 |
  24 | type User = { username: string; email: string; password: string };
  25 |

The export Action was not found in module [project]/src/components/pages/LoginPage/LoginPage.styled.tsx [ssr] (ecmascript).
Did you mean to import CheckboxRow?
All exports of the module are statically known (It doesn't have dynamic exports). So it's known statically that the requested export doesn't exist. @ http://localhost:3000/_next/static/chunks/node_modules_next_dist_0bc8q4g._.js:1952
[ 8269930ms] [ERROR] ./src/pages/login.tsx:6:1
Export AuxiliaryAction doesn't exist in target module
   4 | import { serverSideTranslations } from 'next-i18next/serverSideTranslations';
   5 | import { useRouter } from 'next/router';
>  6 | import {
     | ^^^^^^^
>  7 |     Action,
     | ^^^^^^^^^^^
>  8 |     AuxiliaryAction,
     | ^^^^^^^^^^^^^^^^^^^^
>  9 |     CheckboxRow,
     | ^^^^^^^^^^^^^^^^
> 10 |     Close,
     | ^^^^^^^^^^
> 11 |     Error,
     | ^^^^^^^^^^
> 12 |     Form,
     | ^^^^^^^^^
> 13 |     Input,
     | ^^^^^^^^^^
> 14 |     Modal,
     | ^^^^^^^^^^
> 15 |     ModalBody,
     | ^^^^^^^^^^^^^^
> 16 |     ModalHeader,
     | ^^^^^^^^^^^^^^^^
> 17 |     Page,
     | ^^^^^^^^^
> 18 |     Status,
     | ^^^^^^^^^^^
> 19 |     Tab,
     | ^^^^^^^^
> 20 |     Tabs,
     | ^^^^^^^^^
> 21 |     Title
     | ^^^^^^^^^
> 22 | } from '@/components/pages/LoginPage/LoginPage.styled';
     | ^^^^^^^^^^^^^^^^^^^^^^^^^^^^^^^^^^^^^^^^^^^^^^^^^^^^^^^
  23 |
  24 | type User = { username: string; email: string; password: string };
  25 |

The export AuxiliaryAction was not found in module [project]/src/components/pages/LoginPage/LoginPage.styled.tsx [client] (ecmascript).
Did you mean to import Title?
All exports of the module are statically known (It doesn't have dynamic exports). So it's known statically that the requested export doesn't exist. @ http://localhost:3000/_next/static/chunks/node_modules_next_dist_0bc8q4g._.js:1952
[ 8269931ms] [ERROR] ./src/pages/login.tsx:6:1
Export AuxiliaryAction doesn't exist in target module
   4 | import { serverSideTranslations } from 'next-i18next/serverSideTranslations';
   5 | import { useRouter } from 'next/router';
>  6 | import {
     | ^^^^^^^
>  7 |     Action,
     | ^^^^^^^^^^^
>  8 |     AuxiliaryAction,
     | ^^^^^^^^^^^^^^^^^^^^
>  9 |     CheckboxRow,
     | ^^^^^^^^^^^^^^^^
> 10 |     Close,
     | ^^^^^^^^^^
> 11 |     Error,
     | ^^^^^^^^^^
> 12 |     Form,
     | ^^^^^^^^^
> 13 |     Input,
     | ^^^^^^^^^^
> 14 |     Modal,
     | ^^^^^^^^^^
> 15 |     ModalBody,
     | ^^^^^^^^^^^^^^
> 16 |     ModalHeader,
     | ^^^^^^^^^^^^^^^^
> 17 |     Page,
     | ^^^^^^^^^
> 18 |     Status,
     | ^^^^^^^^^^^
> 19 |     Tab,
     | ^^^^^^^^
> 20 |     Tabs,
     | ^^^^^^^^^
> 21 |     Title
     | ^^^^^^^^^
> 22 | } from '@/components/pages/LoginPage/LoginPage.styled';
     | ^^^^^^^^^^^^^^^^^^^^^^^^^^^^^^^^^^^^^^^^^^^^^^^^^^^^^^^
  23 |
  24 | type User = { username: string; email: string; password: string };
  25 |

The export AuxiliaryAction was not found in module [project]/src/components/pages/LoginPage/LoginPage.styled.tsx [ssr] (ecmascript).
Did you mean to import Title?
All exports of the module are statically known (It doesn't have dynamic exports). So it's known statically that the requested export doesn't exist. @ http://localhost:3000/_next/static/chunks/node_modules_next_dist_0bc8q4g._.js:1952
[ 8269931ms] [ERROR] ./src/pages/login.tsx:6:1
Export Error doesn't exist in target module
   4 | import { serverSideTranslations } from 'next-i18next/serverSideTranslations';
   5 | import { useRouter } from 'next/router';
>  6 | import {
     | ^^^^^^^
>  7 |     Action,
     | ^^^^^^^^^^^
>  8 |     AuxiliaryAction,
     | ^^^^^^^^^^^^^^^^^^^^
>  9 |     CheckboxRow,
     | ^^^^^^^^^^^^^^^^
> 10 |     Close,
     | ^^^^^^^^^^
> 11 |     Error,
     | ^^^^^^^^^^
> 12 |     Form,
     | ^^^^^^^^^
> 13 |     Input,
     | ^^^^^^^^^^
> 14 |     Modal,
     | ^^^^^^^^^^
> 15 |     ModalBody,
     | ^^^^^^^^^^^^^^
> 16 |     ModalHeader,
     | ^^^^^^^^^^^^^^^^
> 17 |     Page,
     | ^^^^^^^^^
> 18 |     Status,
     | ^^^^^^^^^^^
> 19 |     Tab,
     | ^^^^^^^^
> 20 |     Tabs,
     | ^^^^^^^^^
> 21 |     Title
     | ^^^^^^^^^
> 22 | } from '@/components/pages/LoginPage/LoginPage.styled';
     | ^^^^^^^^^^^^^^^^^^^^^^^^^^^^^^^^^^^^^^^^^^^^^^^^^^^^^^^
  23 |
  24 | type User = { username: string; email: string; password: string };
  25 |

The export Error was not found in module [project]/src/components/pages/LoginPage/LoginPage.styled.tsx [client] (ecmascript).
Did you mean to import Form?
All exports of the module are statically known (It doesn't have dynamic exports). So it's known statically that the requested export doesn't exist. @ http://localhost:3000/_next/static/chunks/node_modules_next_dist_0bc8q4g._.js:1952
[ 8269931ms] [ERROR] ./src/pages/login.tsx:6:1
Export Error doesn't exist in target module
   4 | import { serverSideTranslations } from 'next-i18next/serverSideTranslations';
   5 | import { useRouter } from 'next/router';
>  6 | import {
     | ^^^^^^^
>  7 |     Action,
     | ^^^^^^^^^^^
>  8 |     AuxiliaryAction,
     | ^^^^^^^^^^^^^^^^^^^^
>  9 |     CheckboxRow,
     | ^^^^^^^^^^^^^^^^
> 10 |     Close,
     | ^^^^^^^^^^
> 11 |     Error,
     | ^^^^^^^^^^
> 12 |     Form,
     | ^^^^^^^^^
> 13 |     Input,
     | ^^^^^^^^^^
> 14 |     Modal,
     | ^^^^^^^^^^
> 15 |     ModalBody,
     | ^^^^^^^^^^^^^^
> 16 |     ModalHeader,
     | ^^^^^^^^^^^^^^^^
> 17 |     Page,
     | ^^^^^^^^^
> 18 |     Status,
     | ^^^^^^^^^^^
> 19 |     Tab,
     | ^^^^^^^^
> 20 |     Tabs,
     | ^^^^^^^^^
> 21 |     Title
     | ^^^^^^^^^
> 22 | } from '@/components/pages/LoginPage/LoginPage.styled';
     | ^^^^^^^^^^^^^^^^^^^^^^^^^^^^^^^^^^^^^^^^^^^^^^^^^^^^^^^
  23 |
  24 | type User = { username: string; email: string; password: string };
  25 |

The export Error was not found in module [project]/src/components/pages/LoginPage/LoginPage.styled.tsx [ssr] (ecmascript).
Did you mean to import Form?
All exports of the module are statically known (It doesn't have dynamic exports). So it's known statically that the requested export doesn't exist. @ http://localhost:3000/_next/static/chunks/node_modules_next_dist_0bc8q4g._.js:1952
[ 8269931ms] [ERROR] ./src/pages/login.tsx:6:1
Export Status doesn't exist in target module
   4 | import { serverSideTranslations } from 'next-i18next/serverSideTranslations';
   5 | import { useRouter } from 'next/router';
>  6 | import {
     | ^^^^^^^
>  7 |     Action,
     | ^^^^^^^^^^^
>  8 |     AuxiliaryAction,
     | ^^^^^^^^^^^^^^^^^^^^
>  9 |     CheckboxRow,
     | ^^^^^^^^^^^^^^^^
> 10 |     Close,
     | ^^^^^^^^^^
> 11 |     Error,
     | ^^^^^^^^^^
> 12 |     Form,
     | ^^^^^^^^^
> 13 |     Input,
     | ^^^^^^^^^^
> 14 |     Modal,
     | ^^^^^^^^^^
> 15 |     ModalBody,
     | ^^^^^^^^^^^^^^
> 16 |     ModalHeader,
     | ^^^^^^^^^^^^^^^^
> 17 |     Page,
     | ^^^^^^^^^
> 18 |     Status,
     | ^^^^^^^^^^^
> 19 |     Tab,
     | ^^^^^^^^
> 20 |     Tabs,
     | ^^^^^^^^^
> 21 |     Title
     | ^^^^^^^^^
> 22 | } from '@/components/pages/LoginPage/LoginPage.styled';
     | ^^^^^^^^^^^^^^^^^^^^^^^^^^^^^^^^^^^^^^^^^^^^^^^^^^^^^^^
  23 |
  24 | type User = { username: string; email: string; password: string };
  25 |

The export Status was not found in module [project]/src/components/pages/LoginPage/LoginPage.styled.tsx [client] (ecmascript).
Did you mean to import Tabs?
All exports of the module are statically known (It doesn't have dynamic exports). So it's known statically that the requested export doesn't exist. @ http://localhost:3000/_next/static/chunks/node_modules_next_dist_0bc8q4g._.js:1952
[ 8269931ms] [ERROR] ./src/pages/login.tsx:6:1
Export Status doesn't exist in target module
   4 | import { serverSideTranslations } from 'next-i18next/serverSideTranslations';
   5 | import { useRouter } from 'next/router';
>  6 | import {
     | ^^^^^^^
>  7 |     Action,
     | ^^^^^^^^^^^
>  8 |     AuxiliaryAction,
     | ^^^^^^^^^^^^^^^^^^^^
>  9 |     CheckboxRow,
     | ^^^^^^^^^^^^^^^^
> 10 |     Close,
     | ^^^^^^^^^^
> 11 |     Error,
     | ^^^^^^^^^^
> 12 |     Form,
     | ^^^^^^^^^
> 13 |     Input,
     | ^^^^^^^^^^
> 14 |     Modal,
     | ^^^^^^^^^^
> 15 |     ModalBody,
     | ^^^^^^^^^^^^^^
> 16 |     ModalHeader,
     | ^^^^^^^^^^^^^^^^
> 17 |     Page,
     | ^^^^^^^^^
> 18 |     Status,
     | ^^^^^^^^^^^
> 19 |     Tab,
     | ^^^^^^^^
> 20 |     Tabs,
     | ^^^^^^^^^
> 21 |     Title
     | ^^^^^^^^^
> 22 | } from '@/components/pages/LoginPage/LoginPage.styled';
     | ^^^^^^^^^^^^^^^^^^^^^^^^^^^^^^^^^^^^^^^^^^^^^^^^^^^^^^^
  23 |
  24 | type User = { username: string; email: string; password: string };
  25 |

The export Status was not found in module [project]/src/components/pages/LoginPage/LoginPage.styled.tsx [ssr] (ecmascript).
Did you mean to import Tabs?
All exports of the module are statically known (It doesn't have dynamic exports). So it's known statically that the requested export doesn't exist. @ http://localhost:3000/_next/static/chunks/node_modules_next_dist_0bc8q4g._.js:1952
[ 8269941ms] [LOG] [Fast Refresh] rebuilding @ http://localhost:3000/_next/static/chunks/node_modules_next_dist_0bc8q4g._.js:1233
[ 8278756ms] [LOG] [Fast Refresh] rebuilding @ http://localhost:3000/_next/static/chunks/node_modules_next_dist_0bc8q4g._.js:1233
[ 8279289ms] [WARNING] [Fast Refresh] performing full reload because your application had an unrecoverable error @ http://localhost:3000/_next/static/chunks/node_modules_next_dist_0bc8q4g._.js:1233
[ 8279299ms] [WARNING] [Fast Refresh] performing full reload because your application had an unrecoverable error @ http://localhost:3000/_next/static/chunks/node_modules_next_dist_0bc8q4g._.js:1233
[ 8279301ms] [LOG] [Fast Refresh] done in 580ms @ http://localhost:3000/_next/static/chunks/node_modules_next_dist_0bc8q4g._.js:1233
[ 8279339ms] [ERROR] Failed to load resource: the server responded with a status of 500 (Internal Server Error) @ http://localhost:3000/about:0
[ 8280384ms] [INFO] %cDownload the React DevTools for a better development experience: https://reactjs.org/link/react-devtools font-weight:bold @ http://localhost:3000/_next/static/chunks/node_modules_react-dom_cjs_react-dom_development_07i0ttg.js:25055
[ 8280414ms] Error: ./src/pages/login.tsx:6:1
Export Action doesn't exist in target module
   4 | import { serverSideTranslations } from 'next-i18next/serverSideTranslations';
   5 | import { useRouter } from 'next/router';
>  6 | import {
     | ^^^^^^^
>  7 |     Action,
     | ^^^^^^^^^^^
>  8 |     AuxiliaryAction,
     | ^^^^^^^^^^^^^^^^^^^^
>  9 |     CheckboxRow,
     | ^^^^^^^^^^^^^^^^
> 10 |     Close,
     | ^^^^^^^^^^
> 11 |     Error,
     | ^^^^^^^^^^
> 12 |     Form,
     | ^^^^^^^^^
> 13 |     Input,
     | ^^^^^^^^^^
> 14 |     Modal,
     | ^^^^^^^^^^
> 15 |     ModalBody,
     | ^^^^^^^^^^^^^^
> 16 |     ModalHeader,
     | ^^^^^^^^^^^^^^^^
> 17 |     Page,
     | ^^^^^^^^^
> 18 |     Status,
     | ^^^^^^^^^^^
> 19 |     Tab,
     | ^^^^^^^^
> 20 |     Tabs,
     | ^^^^^^^^^
> 21 |     Title
     | ^^^^^^^^^
> 22 | } from '@/components/pages/LoginPage/LoginPage.styled';
     | ^^^^^^^^^^^^^^^^^^^^^^^^^^^^^^^^^^^^^^^^^^^^^^^^^^^^^^^
  23 |
  24 | type User = { username: string; email: string; password: string };
  25 |

The export Action was not found in module [project]/src/components/pages/LoginPage/LoginPage.styled.tsx [client] (ecmascript).
Did you mean to import CheckboxRow?
All exports of the module are statically known (It doesn't have dynamic exports). So it's known statically that the requested export doesn't exist.


    at <unknown> (Error: ./src/pages/login.tsx:6:1)
    at Object.getCompilationErrors (file://C:\Users\stani\projects\stammbaum\node_modules\next\dist\server\dev\hot-reloader-turbopack.js:1186:59)
    at DevBundlerService.getCompilationError (file://C:\Users\stani\projects\stammbaum\node_modules\next\dist\server\lib\dev-bundler-service.js:44:55)
    at DevServer.getCompilationError (file://C:\Users\stani\projects\stammbaum\node_modules\next\dist\server\dev\next-dev-server.js:720:42)
    at DevServer.findPageComponents (file://C:\Users\stani\projects\stammbaum\node_modules\next\dist\server\dev\next-dev-server.js:690:43)
    at async DevServer.renderErrorToResponseImpl (file://C:\Users\stani\projects\stammbaum\node_modules\next\dist\server\base-server.js:1753:26)
[ 8280427ms] [LOG] [HMR] connected @ http://localhost:3000/_next/static/chunks/node_modules_next_dist_0bc8q4g._.js:1233
[ 8280638ms] [LOG] [Fast Refresh] rebuilding @ http://localhost:3000/_next/static/chunks/node_modules_next_dist_0bc8q4g._.js:1233
[ 8280641ms] [LOG] [Fast Refresh] done in 109ms @ http://localhost:3000/_next/static/chunks/node_modules_next_dist_0bc8q4g._.js:1233
[ 8299834ms] [LOG] [Fast Refresh] rebuilding @ http://localhost:3000/_next/static/chunks/node_modules_next_dist_0bc8q4g._.js:1233
[ 8299987ms] [WARNING] [Fast Refresh] performing full reload because your application had an unrecoverable error @ http://localhost:3000/_next/static/chunks/node_modules_next_dist_0bc8q4g._.js:1233
[ 8300031ms] [WARNING] [Fast Refresh] performing full reload because your application had an unrecoverable error @ http://localhost:3000/_next/static/chunks/node_modules_next_dist_0bc8q4g._.js:1233
[ 8300682ms] [INFO] %cDownload the React DevTools for a better development experience: https://reactjs.org/link/react-devtools font-weight:bold @ http://localhost:3000/_next/static/chunks/node_modules_react-dom_cjs_react-dom_development_07i0ttg.js:25055
[ 8300817ms] [LOG] [HMR] connected @ http://localhost:3000/_next/static/chunks/node_modules_next_dist_0bc8q4g._.js:1233
[ 8300949ms] [WARNING] Image with src "/images/about/family.jpg" has "fill" but is missing "sizes" prop. Please add it to improve page performance. Read more: https://nextjs.org/docs/api-reference/next/image#sizes @ http://localhost:3000/_next/static/chunks/node_modules_next_dist_0bc8q4g._.js:1233
[ 8300956ms] [WARNING] Image with src "/images/about/family.jpg" was detected as the Largest Contentful Paint (LCP). Please add the `loading="eager"` property if this image is above the fold.
Read more: https://nextjs.org/docs/app/api-reference/components/image#loading @ http://localhost:3000/_next/static/chunks/node_modules_next_dist_0bc8q4g._.js:1233
[ 8318446ms] [LOG] [Fast Refresh] rebuilding @ http://localhost:3000/_next/static/chunks/node_modules_next_dist_0bc8q4g._.js:1233
[ 8318622ms] [LOG] [Fast Refresh] done in 280ms @ http://localhost:3000/_next/static/chunks/node_modules_next_dist_0bc8q4g._.js:1233
[ 8341924ms] [LOG] [Fast Refresh] rebuilding @ http://localhost:3000/_next/static/chunks/node_modules_next_dist_0bc8q4g._.js:1233
[ 8344863ms] [LOG] [Fast Refresh] done in 2857ms @ http://localhost:3000/_next/static/chunks/node_modules_next_dist_0bc8q4g._.js:1233
[ 8359196ms] [LOG] [Fast Refresh] rebuilding @ http://localhost:3000/_next/static/chunks/node_modules_next_dist_0bc8q4g._.js:1233
[ 8361552ms] [LOG] [Fast Refresh] done in 2448ms @ http://localhost:3000/_next/static/chunks/node_modules_next_dist_0bc8q4g._.js:1233
[ 8361692ms] [LOG] [Fast Refresh] rebuilding @ http://localhost:3000/_next/static/chunks/node_modules_next_dist_0bc8q4g._.js:1233
[ 8362290ms] [LOG] [Fast Refresh] done in 698ms @ http://localhost:3000/_next/static/chunks/node_modules_next_dist_0bc8q4g._.js:1233
[ 8362407ms] [LOG] [Fast Refresh] rebuilding @ http://localhost:3000/_next/static/chunks/node_modules_next_dist_0bc8q4g._.js:1233
[ 8362571ms] [LOG] [Fast Refresh] done in 267ms @ http://localhost:3000/_next/static/chunks/node_modules_next_dist_0bc8q4g._.js:1233
[ 8362689ms] [LOG] [Fast Refresh] rebuilding @ http://localhost:3000/_next/static/chunks/node_modules_next_dist_0bc8q4g._.js:1233
[ 8362738ms] [LOG] [Fast Refresh] done in 161ms @ http://localhost:3000/_next/static/chunks/node_modules_next_dist_0bc8q4g._.js:1233
[ 8363030ms] [LOG] [Fast Refresh] rebuilding @ http://localhost:3000/_next/static/chunks/node_modules_next_dist_0bc8q4g._.js:1233
[ 8363077ms] [LOG] [Fast Refresh] done in 153ms @ http://localhost:3000/_next/static/chunks/node_modules_next_dist_0bc8q4g._.js:1233
[ 8378055ms] [LOG] [Fast Refresh] rebuilding @ http://localhost:3000/_next/static/chunks/node_modules_next_dist_0bc8q4g._.js:1233
[ 8378223ms] [ERROR] ./src/pages/login.tsx:174:25
Expected '</', got ')'
  172 |                                 <AuxiliaryAction type="button" onClick={() => { setMode('...
  173 |                             </Form>
> 174 |                         ) : (
      |                         ^
  175 |                             <Form onSubmit={handleRegister}>
  176 |                                 <label htmlFor="reg-name">{isRu ? 'Имя пользователя' : 'U...
  177 |                                 <Input id="reg-name" name="username" autoComplete="userna...

Parsing ecmascript source code failed @ http://localhost:3000/_next/static/chunks/node_modules_next_dist_0bc8q4g._.js:1952
[ 8378279ms] [ERROR] ./src/pages/login.tsx:174:25
Expected '</', got ')'
  172 |                                 <AuxiliaryAction type="button" onClick={() => { setMode('...
  173 |                             </Form>
> 174 |                         ) : (
      |                         ^
  175 |                             <Form onSubmit={handleRegister}>
  176 |                                 <label htmlFor="reg-name">{isRu ? 'Имя пользователя' : 'U...
  177 |                                 <Input id="reg-name" name="username" autoComplete="userna...

Parsing ecmascript source code failed @ http://localhost:3000/_next/static/chunks/node_modules_next_dist_0bc8q4g._.js:1952
[ 8378349ms] [LOG] [Fast Refresh] rebuilding @ http://localhost:3000/_next/static/chunks/node_modules_next_dist_0bc8q4g._.js:1233
[ 8378476ms] [ERROR] ./src/pages/login.tsx:174:25
Expected '</', got ')'
  172 |                                 <AuxiliaryAction type="button" onClick={() => { setMode('...
  173 |                             </Form>
> 174 |                         ) : (
      |                         ^
  175 |                             <Form onSubmit={handleRegister}>
  176 |                                 <label htmlFor="reg-name">{isRu ? 'Имя пользователя' : 'U...
  177 |                                 <Input id="reg-name" name="username" autoComplete="userna...

Parsing ecmascript source code failed @ http://localhost:3000/_next/static/chunks/node_modules_next_dist_0bc8q4g._.js:1952
[ 8378520ms] [LOG] [Fast Refresh] rebuilding @ http://localhost:3000/_next/static/chunks/node_modules_next_dist_0bc8q4g._.js:1233
[ 8387826ms] [ERROR] ./src/pages/login.tsx:174:25
Expected '</', got ')'
  172 |                                 <AuxiliaryAction type="button" onClick={() => { setMode('...
  173 |                             </Form>
> 174 |                         ) : (
      |                         ^
  175 |                             <Form onSubmit={handleRegister}>
  176 |                                 <label htmlFor="reg-name">{isRu ? 'Имя пользователя' : 'U...
  177 |                                 <Input id="reg-name" name="username" autoComplete="userna...

Parsing ecmascript source code failed @ http://localhost:3000/_next/static/chunks/node_modules_next_dist_0bc8q4g._.js:1952
[ 8387886ms] [LOG] [Fast Refresh] rebuilding @ http://localhost:3000/_next/static/chunks/node_modules_next_dist_0bc8q4g._.js:1233
[ 8398818ms] [ERROR] ./src/pages/login.tsx:174:25
Expected '</', got ')'
  172 |                                 <AuxiliaryAction type="button" onClick={() => { setMode('...
  173 |                             </Form>
> 174 |                         ) : (
      |                         ^
  175 |                             <Form onSubmit={handleRegister}>
  176 |                                 <label htmlFor="reg-name">{isRu ? 'Имя пользователя' : 'U...
  177 |                                 <Input id="reg-name" name="username" autoComplete="userna...

Parsing ecmascript source code failed @ http://localhost:3000/_next/static/chunks/node_modules_next_dist_0bc8q4g._.js:1952
[ 8398879ms] [LOG] [Fast Refresh] rebuilding @ http://localhost:3000/_next/static/chunks/node_modules_next_dist_0bc8q4g._.js:1233
[ 8405818ms] [ERROR] ./src/pages/login.tsx:174:25
Expected '</', got ')'
  172 |                                 <AuxiliaryAction type="button" onClick={() => { setMode('...
  173 |                             </Form>
> 174 |                         ) : (
      |                         ^
  175 |                             <Form onSubmit={handleRegister}>
  176 |                                 <label htmlFor="reg-name">{isRu ? 'Имя пользователя' : 'U...
  177 |                                 <Input id="reg-name" name="username" autoComplete="userna...

Parsing ecmascript source code failed @ http://localhost:3000/_next/static/chunks/node_modules_next_dist_0bc8q4g._.js:1952
[ 8405879ms] [LOG] [Fast Refresh] rebuilding @ http://localhost:3000/_next/static/chunks/node_modules_next_dist_0bc8q4g._.js:1233
[ 8413657ms] [LOG] [Fast Refresh] rebuilding @ http://localhost:3000/_next/static/chunks/node_modules_next_dist_0bc8q4g._.js:1233
[ 8413738ms] [LOG] [Fast Refresh] done in 162ms @ http://localhost:3000/_next/static/chunks/node_modules_next_dist_0bc8q4g._.js:1233
[ 8413878ms] [LOG] [Fast Refresh] rebuilding @ http://localhost:3000/_next/static/chunks/node_modules_next_dist_0bc8q4g._.js:1233
[ 8414612ms] [INFO] %cDownload the React DevTools for a better development experience: https://reactjs.org/link/react-devtools font-weight:bold @ http://localhost:3000/_next/static/chunks/node_modules_react-dom_cjs_react-dom_development_07i0ttg.js:25055
[ 8414726ms] [LOG] [HMR] connected @ http://localhost:3000/_next/static/chunks/node_modules_next_dist_0bc8q4g._.js:1233
[ 8414728ms] [WARNING] [HMR] Invalid message: {"type":"isrManifest","data":{"/login":false,"/":true,"/tree":true,"/about":true,"/cemetery":true}}
TypeError: Cannot read properties of undefined (reading 'components')
    at handleStaticIndicator (http://localhost:3000/_next/static/chunks/node_modules_next_dist_client_0pe1dg-._.js:2800:46)
    at processMessage (http://localhost:3000/_next/static/chunks/node_modules_next_dist_client_0pe1dg-._.js:2814:17)
    at http://localhost:3000/_next/static/chunks/node_modules_next_dist_client_0pe1dg-._.js:2688:13
    at WebSocket.handleMessage (http://localhost:3000/_next/static/chunks/node_modules_next_dist_client_0pe1dg-._.js:2333:17) @ http://localhost:3000/_next/static/chunks/node_modules_next_dist_0bc8q4g._.js:1233
[ 8415128ms] [WARNING] Image with src "/images/about/family.jpg" has "fill" but is missing "sizes" prop. Please add it to improve page performance. Read more: https://nextjs.org/docs/api-reference/next/image#sizes @ http://localhost:3000/_next/static/chunks/node_modules_next_dist_0bc8q4g._.js:1233
[ 8415151ms] [WARNING] Image with src "/images/about/family.jpg" was detected as the Largest Contentful Paint (LCP). Please add the `loading="eager"` property if this image is above the fold.
Read more: https://nextjs.org/docs/app/api-reference/components/image#loading @ http://localhost:3000/_next/static/chunks/node_modules_next_dist_0bc8q4g._.js:1233
[ 8435706ms] [LOG] [Fast Refresh] rebuilding @ http://localhost:3000/_next/static/chunks/node_modules_next_dist_0bc8q4g._.js:1233
[ 8435861ms] [ERROR] ./src/pages/login.tsx:191:25
Expected '</', got ')'
  189 |                                 <Action type="submit">{isRu ? 'Зарегистрироваться' : 'Reg...
  190 |                             </Form>
> 191 |                         )}
      |                         ^
  192 |                     </ModalBody>
  193 |                 </Modal>
  194 |             </Page>

Parsing ecmascript source code failed @ http://localhost:3000/_next/static/chunks/node_modules_next_dist_0bc8q4g._.js:1952
[ 8435933ms] [ERROR] ./src/pages/login.tsx:191:25
Expected '</', got ')'
  189 |                                 <Action type="submit">{isRu ? 'Зарегистрироваться' : 'Reg...
  190 |                             </Form>
> 191 |                         )}
      |                         ^
  192 |                     </ModalBody>
  193 |                 </Modal>
  194 |             </Page>

Parsing ecmascript source code failed @ http://localhost:3000/_next/static/chunks/node_modules_next_dist_0bc8q4g._.js:1952
[ 8435985ms] [LOG] [Fast Refresh] rebuilding @ http://localhost:3000/_next/static/chunks/node_modules_next_dist_0bc8q4g._.js:1233
[ 8436204ms] [ERROR] ./src/pages/login.tsx:191:25
Expected '</', got ')'
  189 |                                 <Action type="submit">{isRu ? 'Зарегистрироваться' : 'Reg...
  190 |                             </Form>
> 191 |                         )}
      |                         ^
  192 |                     </ModalBody>
  193 |                 </Modal>
  194 |             </Page>

Parsing ecmascript source code failed @ http://localhost:3000/_next/static/chunks/node_modules_next_dist_0bc8q4g._.js:1952
[ 8436249ms] [LOG] [Fast Refresh] rebuilding @ http://localhost:3000/_next/static/chunks/node_modules_next_dist_0bc8q4g._.js:1233
[ 8442935ms] [ERROR] ./src/pages/login.tsx:191:25
Expected '</', got ')'
  189 |                                 <Action type="submit">{isRu ? 'Зарегистрироваться' : 'Reg...
  190 |                             </Form>
> 191 |                         )}
      |                         ^
  192 |                     </ModalBody>
  193 |                 </Modal>
  194 |             </Page>

Parsing ecmascript source code failed @ http://localhost:3000/_next/static/chunks/node_modules_next_dist_0bc8q4g._.js:1952
[ 8442996ms] [LOG] [Fast Refresh] rebuilding @ http://localhost:3000/_next/static/chunks/node_modules_next_dist_0bc8q4g._.js:1233
[ 8447839ms] [ERROR] ./src/pages/login.tsx:191:25
Expected '</', got ')'
  189 |                                 <Action type="submit">{isRu ? 'Зарегистрироваться' : 'Reg...
  190 |                             </Form>
> 191 |                         )}
      |                         ^
  192 |                     </ModalBody>
  193 |                 </Modal>
  194 |             </Page>

Parsing ecmascript source code failed @ http://localhost:3000/_next/static/chunks/node_modules_next_dist_0bc8q4g._.js:1952
[ 8447913ms] [LOG] [Fast Refresh] rebuilding @ http://localhost:3000/_next/static/chunks/node_modules_next_dist_0bc8q4g._.js:1233
[ 8454053ms] [LOG] [Fast Refresh] rebuilding @ http://localhost:3000/_next/static/chunks/node_modules_next_dist_0bc8q4g._.js:1233
[ 8458334ms] [LOG] [Fast Refresh] done in 4347ms @ http://localhost:3000/_next/static/chunks/node_modules_next_dist_0bc8q4g._.js:1233
[ 8458493ms] [LOG] [Fast Refresh] rebuilding @ http://localhost:3000/_next/static/chunks/node_modules_next_dist_0bc8q4g._.js:1233
[ 8458605ms] [LOG] [Fast Refresh] done in 215ms @ http://localhost:3000/_next/static/chunks/node_modules_next_dist_0bc8q4g._.js:1233
[ 8458741ms] [LOG] [Fast Refresh] rebuilding @ http://localhost:3000/_next/static/chunks/node_modules_next_dist_0bc8q4g._.js:1233
[ 8459364ms] [INFO] %cDownload the React DevTools for a better development experience: https://reactjs.org/link/react-devtools font-weight:bold @ http://localhost:3000/_next/static/chunks/node_modules_react-dom_cjs_react-dom_development_07i0ttg.js:25055
[ 8459424ms] [LOG] [HMR] connected @ http://localhost:3000/_next/static/chunks/node_modules_next_dist_0bc8q4g._.js:1233
[ 8459424ms] [WARNING] [HMR] Invalid message: {"type":"isrManifest","data":{"/login?next=%2Flogin%3Fnext%3D%252Flogin%253Fnext%253D%25252Flogin%25253Fnext%25253D%2525252Flogin%2525253Fnext%2525253D%252525252Flogin%252525253Fnext%252525253D%25252525252Flogin%25252525253Fnext%25252525253D%2525252525252Flogin%2525252525253Fnext%2525252525253D%252525252525252Flogin%252525252525253Fnext%252525252525253D%25252525252525252Flogin%25252525252525253Fnext%25252525252525253D%2525252525252525252Flogin%2525252525252525253Fnext%2525252525252525253D%252525252525252525252Flogin%252525252525252525253Fnext%252525252525252525253D%25252525252525252525252Flogin%25252525252525252525253Fnext%25252525252525252525253D%2525252525252525252525252Flogin%2525252525252525252525253Fnext%2525252525252525252525253D%252525252525252525252525252Flogin%252525252525252525252525253Fnext%252525252525252525252525253D%25252525252525252525252525252Flogin%25252525252525252525252525253Fnext%25252525252525252525252525253D%2525252525252525252525252525252Flogin%2525252525252525252525252525253Fnext%2525252525252525252525252525253D%252525252525252525252525252525252Flogin%252525252525252525252525252525253Fnext%252525252525252525252525252525253D%25252525252525252525252525252525252Flogin%25252525252525252525252525252525253Fnext%25252525252525252525252525252525253D%2525252525252525252525252525252525252Ftree":false,"/login":true,"/":true,"/tree":true,"/about":true,"/cemetery":true}}
TypeError: Cannot read properties of undefined (reading 'components')
    at handleStaticIndicator (http://localhost:3000/_next/static/chunks/node_modules_next_dist_client_0pe1dg-._.js:2800:46)
    at processMessage (http://localhost:3000/_next/static/chunks/node_modules_next_dist_client_0pe1dg-._.js:2814:17)
    at http://localhost:3000/_next/static/chunks/node_modules_next_dist_client_0pe1dg-._.js:2688:13
    at WebSocket.handleMessage (http://localhost:3000/_next/static/chunks/node_modules_next_dist_client_0pe1dg-._.js:2333:17) @ http://localhost:3000/_next/static/chunks/node_modules_next_dist_0bc8q4g._.js:1233
[ 8459710ms] [WARNING] Image with src "/images/about/family.jpg" has "fill" but is missing "sizes" prop. Please add it to improve page performance. Read more: https://nextjs.org/docs/api-reference/next/image#sizes @ http://localhost:3000/_next/static/chunks/node_modules_next_dist_0bc8q4g._.js:1233
[ 8459727ms] [WARNING] Image with src "/images/about/family.jpg" was detected as the Largest Contentful Paint (LCP). Please add the `loading="eager"` property if this image is above the fold.
Read more: https://nextjs.org/docs/app/api-reference/components/image#loading @ http://localhost:3000/_next/static/chunks/node_modules_next_dist_0bc8q4g._.js:1233
[ 8473171ms] [LOG] [Fast Refresh] rebuilding @ http://localhost:3000/_next/static/chunks/node_modules_next_dist_0bc8q4g._.js:1233
[ 8473386ms] [LOG] [Fast Refresh] done in 48ms @ http://localhost:3000/_next/static/chunks/node_modules_next_dist_0bc8q4g._.js:1233
[ 8494537ms] [LOG] [Fast Refresh] rebuilding @ http://localhost:3000/_next/static/chunks/node_modules_next_dist_0bc8q4g._.js:1233
[ 8494544ms] [LOG] [Fast Refresh] done in 73ms @ http://localhost:3000/_next/static/chunks/node_modules_next_dist_0bc8q4g._.js:1233
[ 8494664ms] [LOG] [Fast Refresh] rebuilding @ http://localhost:3000/_next/static/chunks/node_modules_next_dist_0bc8q4g._.js:1233
[ 8494775ms] [LOG] [Fast Refresh] done in 218ms @ http://localhost:3000/_next/static/chunks/node_modules_next_dist_0bc8q4g._.js:1233
[ 8515756ms] [LOG] [Fast Refresh] rebuilding @ http://localhost:3000/_next/static/chunks/node_modules_next_dist_0bc8q4g._.js:1233
[ 8515956ms] [LOG] [Fast Refresh] done in 74ms @ http://localhost:3000/_next/static/chunks/node_modules_next_dist_0bc8q4g._.js:1233
[ 8576790ms] [LOG] [Fast Refresh] rebuilding @ http://localhost:3000/_next/static/chunks/node_modules_next_dist_0bc8q4g._.js:1233
[ 8576810ms] [LOG] [Fast Refresh] done in 50ms @ http://localhost:3000/_next/static/chunks/node_modules_next_dist_0bc8q4g._.js:1233
[ 8576925ms] [LOG] [Fast Refresh] rebuilding @ http://localhost:3000/_next/static/chunks/node_modules_next_dist_0bc8q4g._.js:1233
[ 8576957ms] [LOG] [Fast Refresh] done in 145ms @ http://localhost:3000/_next/static/chunks/node_modules_next_dist_0bc8q4g._.js:1233
[ 8595143ms] [LOG] [Fast Refresh] rebuilding @ http://localhost:3000/_next/static/chunks/node_modules_next_dist_0bc8q4g._.js:1233
[ 8595147ms] [LOG] [Fast Refresh] done in 85ms @ http://localhost:3000/_next/static/chunks/node_modules_next_dist_0bc8q4g._.js:1233
[ 8595266ms] [LOG] [Fast Refresh] rebuilding @ http://localhost:3000/_next/static/chunks/node_modules_next_dist_0bc8q4g._.js:1233
[ 8595418ms] [LOG] [Fast Refresh] done in 261ms @ http://localhost:3000/_next/static/chunks/node_modules_next_dist_0bc8q4g._.js:1233
[ 8628837ms] [LOG] [Fast Refresh] rebuilding @ http://localhost:3000/_next/static/chunks/node_modules_next_dist_0bc8q4g._.js:1233
[ 8628843ms] [LOG] [Fast Refresh] done in 73ms @ http://localhost:3000/_next/static/chunks/node_modules_next_dist_0bc8q4g._.js:1233
[ 8628951ms] [LOG] [Fast Refresh] rebuilding @ http://localhost:3000/_next/static/chunks/node_modules_next_dist_0bc8q4g._.js:1233
[ 8629016ms] [LOG] [Fast Refresh] done in 166ms @ http://localhost:3000/_next/static/chunks/node_modules_next_dist_0bc8q4g._.js:1233
[ 8629261ms] [LOG] [Fast Refresh] rebuilding @ http://localhost:3000/_next/static/chunks/node_modules_next_dist_0bc8q4g._.js:1233
[ 8630321ms] [LOG] [Fast Refresh] done in 1175ms @ http://localhost:3000/_next/static/chunks/node_modules_next_dist_0bc8q4g._.js:1233
[ 8634922ms] [LOG] [Fast Refresh] rebuilding @ http://localhost:3000/_next/static/chunks/node_modules_next_dist_0bc8q4g._.js:1233
[ 8634942ms] [LOG] [Fast Refresh] done in 136ms @ http://localhost:3000/_next/static/chunks/node_modules_next_dist_0bc8q4g._.js:1233
[ 8635050ms] [LOG] [Fast Refresh] rebuilding @ http://localhost:3000/_next/static/chunks/node_modules_next_dist_0bc8q4g._.js:1233
[ 8635196ms] [LOG] [Fast Refresh] done in 251ms @ http://localhost:3000/_next/static/chunks/node_modules_next_dist_0bc8q4g._.js:1233
[ 8636265ms] [LOG] [Fast Refresh] rebuilding @ http://localhost:3000/_next/static/chunks/node_modules_next_dist_0bc8q4g._.js:1233
[ 8636362ms] [LOG] [Fast Refresh] done in 190ms @ http://localhost:3000/_next/static/chunks/node_modules_next_dist_0bc8q4g._.js:1233
[ 8636474ms] [LOG] [Fast Refresh] rebuilding @ http://localhost:3000/_next/static/chunks/node_modules_next_dist_0bc8q4g._.js:1233
[ 8636507ms] [LOG] [Fast Refresh] done in 137ms @ http://localhost:3000/_next/static/chunks/node_modules_next_dist_0bc8q4g._.js:1233
[ 8639835ms] [LOG] [Fast Refresh] rebuilding @ http://localhost:3000/_next/static/chunks/node_modules_next_dist_0bc8q4g._.js:1233
[ 8639928ms] [LOG] [Fast Refresh] done in 155ms @ http://localhost:3000/_next/static/chunks/node_modules_next_dist_0bc8q4g._.js:1233
[ 8640043ms] [LOG] [Fast Refresh] rebuilding @ http://localhost:3000/_next/static/chunks/node_modules_next_dist_0bc8q4g._.js:1233
[ 8640202ms] [LOG] [Fast Refresh] done in 273ms @ http://localhost:3000/_next/static/chunks/node_modules_next_dist_0bc8q4g._.js:1233
[ 8651854ms] [LOG] [Fast Refresh] rebuilding @ http://localhost:3000/_next/static/chunks/node_modules_next_dist_0bc8q4g._.js:1233
[ 8651857ms] [LOG] [Fast Refresh] done in 88ms @ http://localhost:3000/_next/static/chunks/node_modules_next_dist_0bc8q4g._.js:1233
[ 8651966ms] [LOG] [Fast Refresh] rebuilding @ http://localhost:3000/_next/static/chunks/node_modules_next_dist_0bc8q4g._.js:1233
[ 8652200ms] [LOG] [Fast Refresh] done in 338ms @ http://localhost:3000/_next/static/chunks/node_modules_next_dist_0bc8q4g._.js:1233
[ 8669684ms] [LOG] [Fast Refresh] rebuilding @ http://localhost:3000/_next/static/chunks/node_modules_next_dist_0bc8q4g._.js:1233
[ 8669851ms] [ERROR] ./src/pages/login.tsx:159:86
Expected '</', got 'jsx text'
  157 | ...           ) : (
  158 | ...               <LoginForm onSubmit={handleForgot}>
> 159 | ...                   <FieldLabel htmlFor="forgot-email">E-mail</label>
      |                                                                        ^^^^^^^^^^^^^^^^^^^^^
> 160 | ...                   <Input id="forgot-email" name="email" type="email" autoComplete="em...
      |    ^^^^^^^^^^^^^^^^^^^^^^^^^^^^^^^^^^^^
  161 | ...                   {error && <Error role="alert">{error}</Error>}
  162 | ...                   <Action type="submit">{isRu ? 'Отправить инструкции' : 'Send instru...
  163 | ...               </LoginForm>

Parsing ecmascript source code failed @ http://localhost:3000/_next/static/chunks/node_modules_next_dist_0bc8q4g._.js:1952
[ 8670074ms] [ERROR] ./src/pages/login.tsx:159:86
Expected '</', got 'jsx text'
  157 | ...           ) : (
  158 | ...               <LoginForm onSubmit={handleForgot}>
> 159 | ...                   <FieldLabel htmlFor="forgot-email">E-mail</label>
      |                                                                        ^^^^^^^^^^^^^^^^^^^^^
> 160 | ...                   <Input id="forgot-email" name="email" type="email" autoComplete="em...
      |    ^^^^^^^^^^^^^^^^^^^^^^^^^^^^^^^^^^^^
  161 | ...                   {error && <Error role="alert">{error}</Error>}
  162 | ...                   <Action type="submit">{isRu ? 'Отправить инструкции' : 'Send instru...
  163 | ...               </LoginForm>

Parsing ecmascript source code failed @ http://localhost:3000/_next/static/chunks/node_modules_next_dist_0bc8q4g._.js:1952
[ 8670141ms] [ERROR] ./src/pages/login.tsx:159:86
Expected '</', got 'jsx text'
  157 | ...           ) : (
  158 | ...               <LoginForm onSubmit={handleForgot}>
> 159 | ...                   <FieldLabel htmlFor="forgot-email">E-mail</label>
      |                                                                        ^^^^^^^^^^^^^^^^^^^^^
> 160 | ...                   <Input id="forgot-email" name="email" type="email" autoComplete="em...
      |    ^^^^^^^^^^^^^^^^^^^^^^^^^^^^^^^^^^^^
  161 | ...                   {error && <Error role="alert">{error}</Error>}
  162 | ...                   <Action type="submit">{isRu ? 'Отправить инструкции' : 'Send instru...
  163 | ...               </LoginForm>

Parsing ecmascript source code failed @ http://localhost:3000/_next/static/chunks/node_modules_next_dist_0bc8q4g._.js:1952
[ 8670193ms] [LOG] [Fast Refresh] rebuilding @ http://localhost:3000/_next/static/chunks/node_modules_next_dist_0bc8q4g._.js:1233
[ 8676977ms] [ERROR] ./src/pages/login.tsx:159:86
Expected '</', got 'jsx text'
  157 | ...           ) : (
  158 | ...               <LoginForm onSubmit={handleForgot}>
> 159 | ...                   <FieldLabel htmlFor="forgot-email">E-mail</label>
      |                                                                        ^^^^^^^^^^^^^^^^^^^^^
> 160 | ...                   <Input id="forgot-email" name="email" type="email" autoComplete="em...
      |    ^^^^^^^^^^^^^^^^^^^^^^^^^^^^^^^^^^^^
  161 | ...                   {error && <Error role="alert">{error}</Error>}
  162 | ...                   <Action type="submit">{isRu ? 'Отправить инструкции' : 'Send instru...
  163 | ...               </LoginForm>

Parsing ecmascript source code failed @ http://localhost:3000/_next/static/chunks/node_modules_next_dist_0bc8q4g._.js:1952
[ 8677051ms] [LOG] [Fast Refresh] rebuilding @ http://localhost:3000/_next/static/chunks/node_modules_next_dist_0bc8q4g._.js:1233
[ 8690496ms] [LOG] [Fast Refresh] rebuilding @ http://localhost:3000/_next/static/chunks/node_modules_next_dist_0bc8q4g._.js:1233
[ 8691004ms] [LOG] [Fast Refresh] done in 424ms @ http://localhost:3000/_next/static/chunks/node_modules_next_dist_0bc8q4g._.js:1233
[ 8691179ms] [LOG] [Fast Refresh] rebuilding @ http://localhost:3000/_next/static/chunks/node_modules_next_dist_0bc8q4g._.js:1233
[ 8691293ms] [LOG] [Fast Refresh] done in 226ms @ http://localhost:3000/_next/static/chunks/node_modules_next_dist_0bc8q4g._.js:1233
[ 8691501ms] [LOG] [Fast Refresh] rebuilding @ http://localhost:3000/_next/static/chunks/node_modules_next_dist_0bc8q4g._.js:1233
[ 8692367ms] [INFO] %cDownload the React DevTools for a better development experience: https://reactjs.org/link/react-devtools font-weight:bold @ http://localhost:3000/_next/static/chunks/node_modules_react-dom_cjs_react-dom_development_07i0ttg.js:25055
[ 8692571ms] [LOG] [HMR] connected @ http://localhost:3000/_next/static/chunks/node_modules_next_dist_0bc8q4g._.js:1233
[ 8692985ms] [WARNING] Image with src "/images/about/family.jpg" has "fill" but is missing "sizes" prop. Please add it to improve page performance. Read more: https://nextjs.org/docs/api-reference/next/image#sizes @ http://localhost:3000/_next/static/chunks/node_modules_next_dist_0bc8q4g._.js:1233
[ 8693061ms] [WARNING] Image with src "/images/about/family.jpg" was detected as the Largest Contentful Paint (LCP). Please add the `loading="eager"` property if this image is above the fold.
Read more: https://nextjs.org/docs/app/api-reference/components/image#loading @ http://localhost:3000/_next/static/chunks/node_modules_next_dist_0bc8q4g._.js:1233
[ 8805502ms] [LOG] [Fast Refresh] rebuilding @ http://localhost:3000/_next/static/chunks/node_modules_next_dist_0bc8q4g._.js:1233
[ 8805697ms] [LOG] [Fast Refresh] done in 55ms @ http://localhost:3000/_next/static/chunks/node_modules_next_dist_0bc8q4g._.js:1233
[ 8860746ms] [LOG] [Fast Refresh] rebuilding @ http://localhost:3000/_next/static/chunks/node_modules_next_dist_0bc8q4g._.js:1233
[ 8860767ms] [LOG] [Fast Refresh] done in 127ms @ http://localhost:3000/_next/static/chunks/node_modules_next_dist_0bc8q4g._.js:1233
[ 8956485ms] [LOG] [Fast Refresh] rebuilding @ http://localhost:3000/_next/static/chunks/node_modules_next_dist_0bc8q4g._.js:1233
[ 8956531ms] [LOG] [Fast Refresh] done in 148ms @ http://localhost:3000/_next/static/chunks/node_modules_next_dist_0bc8q4g._.js:1233
[ 8956645ms] [LOG] [Fast Refresh] rebuilding @ http://localhost:3000/_next/static/chunks/node_modules_next_dist_0bc8q4g._.js:1233
[ 8956674ms] [LOG] [Fast Refresh] done in 141ms @ http://localhost:3000/_next/static/chunks/node_modules_next_dist_0bc8q4g._.js:1233
[ 8956824ms] [LOG] [Fast Refresh] rebuilding @ http://localhost:3000/_next/static/chunks/node_modules_next_dist_0bc8q4g._.js:1233
[ 8956903ms] [LOG] [Fast Refresh] done in 182ms @ http://localhost:3000/_next/static/chunks/node_modules_next_dist_0bc8q4g._.js:1233
[ 8964281ms] [LOG] [Fast Refresh] rebuilding @ http://localhost:3000/_next/static/chunks/node_modules_next_dist_0bc8q4g._.js:1233
[ 8964287ms] [LOG] [Fast Refresh] done in 111ms @ http://localhost:3000/_next/static/chunks/node_modules_next_dist_0bc8q4g._.js:1233
[ 8972496ms] [LOG] [Fast Refresh] rebuilding @ http://localhost:3000/_next/static/chunks/node_modules_next_dist_0bc8q4g._.js:1233
[ 8972535ms] [LOG] [Fast Refresh] done in 144ms @ http://localhost:3000/_next/static/chunks/node_modules_next_dist_0bc8q4g._.js:1233
[ 9157699ms] [LOG] [Fast Refresh] rebuilding @ http://localhost:3000/_next/static/chunks/node_modules_next_dist_0bc8q4g._.js:1233
[ 9158177ms] [LOG] [Fast Refresh] done in 581ms @ http://localhost:3000/_next/static/chunks/node_modules_next_dist_0bc8q4g._.js:1233
[ 9181565ms] [LOG] [Fast Refresh] rebuilding @ http://localhost:3000/_next/static/chunks/node_modules_next_dist_0bc8q4g._.js:1233
[ 9181724ms] [LOG] [Fast Refresh] done in 265ms @ http://localhost:3000/_next/static/chunks/node_modules_next_dist_0bc8q4g._.js:1233
[ 9202519ms] [LOG] [Fast Refresh] rebuilding @ http://localhost:3000/_next/static/chunks/node_modules_next_dist_0bc8q4g._.js:1233
[ 9202556ms] [LOG] [Fast Refresh] done in 143ms @ http://localhost:3000/_next/static/chunks/node_modules_next_dist_0bc8q4g._.js:1233
[ 9222105ms] [LOG] [Fast Refresh] rebuilding @ http://localhost:3000/_next/static/chunks/node_modules_next_dist_0bc8q4g._.js:1233
[ 9222124ms] [LOG] [Fast Refresh] done in 57ms @ http://localhost:3000/_next/static/chunks/node_modules_next_dist_0bc8q4g._.js:1233
[ 9321736ms] [LOG] [Fast Refresh] rebuilding @ http://localhost:3000/_next/static/chunks/node_modules_next_dist_0bc8q4g._.js:1233
[ 9321752ms] [LOG] [Fast Refresh] done in 36ms @ http://localhost:3000/_next/static/chunks/node_modules_next_dist_0bc8q4g._.js:1233
[ 9348076ms] [LOG] [Fast Refresh] rebuilding @ http://localhost:3000/_next/static/chunks/node_modules_next_dist_0bc8q4g._.js:1233
[ 9348108ms] [LOG] [Fast Refresh] done in 103ms @ http://localhost:3000/_next/static/chunks/node_modules_next_dist_0bc8q4g._.js:1233
[ 9400956ms] [LOG] [Fast Refresh] rebuilding @ http://localhost:3000/_next/static/chunks/node_modules_next_dist_0bc8q4g._.js:1233
[ 9400974ms] [LOG] [Fast Refresh] done in 47ms @ http://localhost:3000/_next/static/chunks/node_modules_next_dist_0bc8q4g._.js:1233
[ 9420450ms] [LOG] [Fast Refresh] rebuilding @ http://localhost:3000/_next/static/chunks/node_modules_next_dist_0bc8q4g._.js:1233
[ 9420599ms] [LOG] [Fast Refresh] done in 261ms @ http://localhost:3000/_next/static/chunks/node_modules_next_dist_0bc8q4g._.js:1233
[ 9432694ms] [LOG] [Fast Refresh] rebuilding @ http://localhost:3000/_next/static/chunks/node_modules_next_dist_0bc8q4g._.js:1233
[ 9432837ms] [LOG] [Fast Refresh] done in 255ms @ http://localhost:3000/_next/static/chunks/node_modules_next_dist_0bc8q4g._.js:1233
[ 9471350ms] [LOG] [Fast Refresh] rebuilding @ http://localhost:3000/_next/static/chunks/node_modules_next_dist_0bc8q4g._.js:1233
[ 9471410ms] [LOG] [Fast Refresh] done in 166ms @ http://localhost:3000/_next/static/chunks/node_modules_next_dist_0bc8q4g._.js:1233
[ 9648148ms] [LOG] [Fast Refresh] rebuilding @ http://localhost:3000/_next/static/chunks/node_modules_next_dist_0bc8q4g._.js:1233
[ 9648157ms] [LOG] [Fast Refresh] done in 70ms @ http://localhost:3000/_next/static/chunks/node_modules_next_dist_0bc8q4g._.js:1233
[ 9678667ms] [LOG] [Fast Refresh] rebuilding @ http://localhost:3000/_next/static/chunks/node_modules_next_dist_0bc8q4g._.js:1233
[ 9678781ms] [LOG] [Fast Refresh] done in 228ms @ http://localhost:3000/_next/static/chunks/node_modules_next_dist_0bc8q4g._.js:1233
[ 9678963ms] [LOG] [Fast Refresh] rebuilding @ http://localhost:3000/_next/static/chunks/node_modules_next_dist_0bc8q4g._.js:1233
[ 9679063ms] [LOG] [Fast Refresh] done in 216ms @ http://localhost:3000/_next/static/chunks/node_modules_next_dist_0bc8q4g._.js:1233
[ 9679753ms] [LOG] [Fast Refresh] rebuilding @ http://localhost:3000/_next/static/chunks/node_modules_next_dist_0bc8q4g._.js:1233
[ 9679785ms] [LOG] [Fast Refresh] done in 136ms @ http://localhost:3000/_next/static/chunks/node_modules_next_dist_0bc8q4g._.js:1233
[ 9707042ms] [LOG] [Fast Refresh] rebuilding @ http://localhost:3000/_next/static/chunks/node_modules_next_dist_0bc8q4g._.js:1233
[ 9707848ms] [LOG] [Fast Refresh] done in 874ms @ http://localhost:3000/_next/static/chunks/node_modules_next_dist_0bc8q4g._.js:1233
[ 9736382ms] [LOG] [Fast Refresh] rebuilding @ http://localhost:3000/_next/static/chunks/node_modules_next_dist_0bc8q4g._.js:1233
[ 9736402ms] [LOG] [Fast Refresh] done in 57ms @ http://localhost:3000/_next/static/chunks/node_modules_next_dist_0bc8q4g._.js:1233
[ 9752461ms] [LOG] [Fast Refresh] rebuilding @ http://localhost:3000/_next/static/chunks/node_modules_next_dist_0bc8q4g._.js:1233
[ 9752584ms] [LOG] [Fast Refresh] done in 227ms @ http://localhost:3000/_next/static/chunks/node_modules_next_dist_0bc8q4g._.js:1233
[ 9768361ms] [LOG] [Fast Refresh] rebuilding @ http://localhost:3000/_next/static/chunks/node_modules_next_dist_0bc8q4g._.js:1233
[ 9768383ms] [LOG] [Fast Refresh] done in 40ms @ http://localhost:3000/_next/static/chunks/node_modules_next_dist_0bc8q4g._.js:1233
[ 9800106ms] [LOG] [Fast Refresh] rebuilding @ http://localhost:3000/_next/static/chunks/node_modules_next_dist_0bc8q4g._.js:1233
[ 9800129ms] [LOG] [Fast Refresh] done in 52ms @ http://localhost:3000/_next/static/chunks/node_modules_next_dist_0bc8q4g._.js:1233
[ 9832477ms] [LOG] [Fast Refresh] rebuilding @ http://localhost:3000/_next/static/chunks/node_modules_next_dist_0bc8q4g._.js:1233
[ 9832587ms] [LOG] [Fast Refresh] done in 215ms @ http://localhost:3000/_next/static/chunks/node_modules_next_dist_0bc8q4g._.js:1233
[10209978ms] [LOG] [Fast Refresh] rebuilding @ http://localhost:3000/_next/static/chunks/node_modules_next_dist_0bc8q4g._.js:1233
[10210001ms] [LOG] [Fast Refresh] done in 51ms @ http://localhost:3000/_next/static/chunks/node_modules_next_dist_0bc8q4g._.js:1233
[10239638ms] [LOG] [Fast Refresh] rebuilding @ http://localhost:3000/_next/static/chunks/node_modules_next_dist_0bc8q4g._.js:1233
[10239669ms] [LOG] [Fast Refresh] done in 46ms @ http://localhost:3000/_next/static/chunks/node_modules_next_dist_0bc8q4g._.js:1233
[10270284ms] [LOG] [Fast Refresh] rebuilding @ http://localhost:3000/_next/static/chunks/node_modules_next_dist_0bc8q4g._.js:1233
[10270301ms] [LOG] [Fast Refresh] done in 42ms @ http://localhost:3000/_next/static/chunks/node_modules_next_dist_0bc8q4g._.js:1233
[10302074ms] [LOG] [Fast Refresh] rebuilding @ http://localhost:3000/_next/static/chunks/node_modules_next_dist_0bc8q4g._.js:1233
[10302117ms] [LOG] [Fast Refresh] done in 154ms @ http://localhost:3000/_next/static/chunks/node_modules_next_dist_0bc8q4g._.js:1233
[10483098ms] [LOG] [Fast Refresh] rebuilding @ http://localhost:3000/_next/static/chunks/node_modules_next_dist_0bc8q4g._.js:1233
[10483119ms] [LOG] [Fast Refresh] done in 39ms @ http://localhost:3000/_next/static/chunks/node_modules_next_dist_0bc8q4g._.js:1233
[10514035ms] [LOG] [Fast Refresh] rebuilding @ http://localhost:3000/_next/static/chunks/node_modules_next_dist_0bc8q4g._.js:1233
[10514062ms] [LOG] [Fast Refresh] done in 74ms @ http://localhost:3000/_next/static/chunks/node_modules_next_dist_0bc8q4g._.js:1233
[10547631ms] [LOG] [Fast Refresh] rebuilding @ http://localhost:3000/_next/static/chunks/node_modules_next_dist_0bc8q4g._.js:1233
[10547704ms] [LOG] [Fast Refresh] done in 128ms @ http://localhost:3000/_next/static/chunks/node_modules_next_dist_0bc8q4g._.js:1233
[10584573ms] [LOG] [Fast Refresh] rebuilding @ http://localhost:3000/_next/static/chunks/node_modules_next_dist_0bc8q4g._.js:1233
[10584597ms] [LOG] [Fast Refresh] done in 51ms @ http://localhost:3000/_next/static/chunks/node_modules_next_dist_0bc8q4g._.js:1233
[10619697ms] [LOG] [Fast Refresh] rebuilding @ http://localhost:3000/_next/static/chunks/node_modules_next_dist_0bc8q4g._.js:1233
[10619731ms] [LOG] [Fast Refresh] done in 38ms @ http://localhost:3000/_next/static/chunks/node_modules_next_dist_0bc8q4g._.js:1233
[10658296ms] [LOG] [Fast Refresh] rebuilding @ http://localhost:3000/_next/static/chunks/node_modules_next_dist_0bc8q4g._.js:1233
[10658325ms] [LOG] [Fast Refresh] done in 45ms @ http://localhost:3000/_next/static/chunks/node_modules_next_dist_0bc8q4g._.js:1233
[10690444ms] [LOG] [Fast Refresh] rebuilding @ http://localhost:3000/_next/static/chunks/node_modules_next_dist_0bc8q4g._.js:1233
[10690476ms] [LOG] [Fast Refresh] done in 40ms @ http://localhost:3000/_next/static/chunks/node_modules_next_dist_0bc8q4g._.js:1233
[10890142ms] [LOG] [Fast Refresh] rebuilding @ http://localhost:3000/_next/static/chunks/node_modules_next_dist_0bc8q4g._.js:1233
[10890166ms] [LOG] [Fast Refresh] done in 48ms @ http://localhost:3000/_next/static/chunks/node_modules_next_dist_0bc8q4g._.js:1233
[10908812ms] [LOG] [Fast Refresh] rebuilding @ http://localhost:3000/_next/static/chunks/node_modules_next_dist_0bc8q4g._.js:1233
[10908842ms] [LOG] [Fast Refresh] done in 43ms @ http://localhost:3000/_next/static/chunks/node_modules_next_dist_0bc8q4g._.js:1233
[10910363ms] [LOG] [Fast Refresh] rebuilding @ http://localhost:3000/_next/static/chunks/node_modules_next_dist_0bc8q4g._.js:1233
[10910385ms] [LOG] [Fast Refresh] done in 43ms @ http://localhost:3000/_next/static/chunks/node_modules_next_dist_0bc8q4g._.js:1233
[10922511ms] [LOG] [Fast Refresh] rebuilding @ http://localhost:3000/_next/static/chunks/node_modules_next_dist_0bc8q4g._.js:1233
[10922771ms] [LOG] [Fast Refresh] done in 365ms @ http://localhost:3000/_next/static/chunks/node_modules_next_dist_0bc8q4g._.js:1233
[10953545ms] [LOG] [Fast Refresh] rebuilding @ http://localhost:3000/_next/static/chunks/node_modules_next_dist_0bc8q4g._.js:1233
[10954777ms] [LOG] [Fast Refresh] done in 1339ms @ http://localhost:3000/_next/static/chunks/node_modules_next_dist_0bc8q4g._.js:1233
[10984358ms] [LOG] [Fast Refresh] rebuilding @ http://localhost:3000/_next/static/chunks/node_modules_next_dist_0bc8q4g._.js:1233
[10984600ms] [LOG] [Fast Refresh] done in 114ms @ http://localhost:3000/_next/static/chunks/node_modules_next_dist_0bc8q4g._.js:1233
[11350185ms] [LOG] [Fast Refresh] rebuilding @ http://localhost:3000/_next/static/chunks/node_modules_next_dist_0bc8q4g._.js:1233
[11350205ms] [LOG] [Fast Refresh] done in 40ms @ http://localhost:3000/_next/static/chunks/node_modules_next_dist_0bc8q4g._.js:1233
[11379516ms] [LOG] [Fast Refresh] rebuilding @ http://localhost:3000/_next/static/chunks/node_modules_next_dist_0bc8q4g._.js:1233
[11379642ms] [LOG] [Fast Refresh] done in 226ms @ http://localhost:3000/_next/static/chunks/node_modules_next_dist_0bc8q4g._.js:1233
[11380138ms] [LOG] [Fast Refresh] rebuilding @ http://localhost:3000/_next/static/chunks/node_modules_next_dist_0bc8q4g._.js:1233
[11380299ms] [LOG] [Fast Refresh] done in 275ms @ http://localhost:3000/_next/static/chunks/node_modules_next_dist_0bc8q4g._.js:1233
[11383529ms] [LOG] [Fast Refresh] rebuilding @ http://localhost:3000/_next/static/chunks/node_modules_next_dist_0bc8q4g._.js:1233
[11383641ms] [LOG] [Fast Refresh] done in 218ms @ http://localhost:3000/_next/static/chunks/node_modules_next_dist_0bc8q4g._.js:1233
[11392829ms] [LOG] [Fast Refresh] rebuilding @ http://localhost:3000/_next/static/chunks/node_modules_next_dist_0bc8q4g._.js:1233
[11392976ms] [LOG] [Fast Refresh] done in 262ms @ http://localhost:3000/_next/static/chunks/node_modules_next_dist_0bc8q4g._.js:1233
[11477259ms] [LOG] [Fast Refresh] rebuilding @ http://localhost:3000/_next/static/chunks/node_modules_next_dist_0bc8q4g._.js:1233
[11477374ms] [LOG] [Fast Refresh] done in 225ms @ http://localhost:3000/_next/static/chunks/node_modules_next_dist_0bc8q4g._.js:1233
[11478660ms] [LOG] [Fast Refresh] rebuilding @ http://localhost:3000/_next/static/chunks/node_modules_next_dist_0bc8q4g._.js:1233
[11478689ms] [LOG] [Fast Refresh] done in 137ms @ http://localhost:3000/_next/static/chunks/node_modules_next_dist_0bc8q4g._.js:1233
[11478874ms] [LOG] [Fast Refresh] rebuilding @ http://localhost:3000/_next/static/chunks/node_modules_next_dist_0bc8q4g._.js:1233
[11478968ms] [LOG] [Fast Refresh] done in 204ms @ http://localhost:3000/_next/static/chunks/node_modules_next_dist_0bc8q4g._.js:1233
[11516451ms] [LOG] [Fast Refresh] rebuilding @ http://localhost:3000/_next/static/chunks/node_modules_next_dist_0bc8q4g._.js:1233
[11516592ms] [LOG] [Fast Refresh] done in 252ms @ http://localhost:3000/_next/static/chunks/node_modules_next_dist_0bc8q4g._.js:1233
[11516977ms] [LOG] [Fast Refresh] rebuilding @ http://localhost:3000/_next/static/chunks/node_modules_next_dist_0bc8q4g._.js:1233
[11517038ms] [LOG] [Fast Refresh] done in 165ms @ http://localhost:3000/_next/static/chunks/node_modules_next_dist_0bc8q4g._.js:1233
[11517225ms] [LOG] [Fast Refresh] rebuilding @ http://localhost:3000/_next/static/chunks/node_modules_next_dist_0bc8q4g._.js:1233
[11517226ms] [LOG] [Fast Refresh] done in 112ms @ http://localhost:3000/_next/static/chunks/node_modules_next_dist_0bc8q4g._.js:1233
[11528582ms] [LOG] [Fast Refresh] rebuilding @ http://localhost:3000/_next/static/chunks/node_modules_next_dist_0bc8q4g._.js:1233
[11528937ms] [LOG] [Fast Refresh] done in 464ms @ http://localhost:3000/_next/static/chunks/node_modules_next_dist_0bc8q4g._.js:1233
[11529216ms] [LOG] [Fast Refresh] rebuilding @ http://localhost:3000/_next/static/chunks/node_modules_next_dist_0bc8q4g._.js:1233
[11529248ms] [LOG] [Fast Refresh] done in 140ms @ http://localhost:3000/_next/static/chunks/node_modules_next_dist_0bc8q4g._.js:1233
[12054376ms] [LOG] [Fast Refresh] rebuilding @ http://localhost:3000/_next/static/chunks/node_modules_next_dist_0bc8q4g._.js:1233
[12054389ms] [LOG] [Fast Refresh] done in 113ms @ http://localhost:3000/_next/static/chunks/node_modules_next_dist_0bc8q4g._.js:1233
[12206066ms] [LOG] [Fast Refresh] rebuilding @ http://localhost:3000/_next/static/chunks/node_modules_next_dist_0bc8q4g._.js:1233
[12206087ms] [LOG] [Fast Refresh] done in 65ms @ http://localhost:3000/_next/static/chunks/node_modules_next_dist_0bc8q4g._.js:1233
[12221168ms] [LOG] [Fast Refresh] rebuilding @ http://localhost:3000/_next/static/chunks/node_modules_next_dist_0bc8q4g._.js:1233
[12221505ms] [LOG] [Fast Refresh] done in 452ms @ http://localhost:3000/_next/static/chunks/node_modules_next_dist_0bc8q4g._.js:1233
[12225314ms] [LOG] [Fast Refresh] rebuilding @ http://localhost:3000/_next/static/chunks/node_modules_next_dist_0bc8q4g._.js:1233
[12225357ms] [LOG] [Fast Refresh] done in 131ms @ http://localhost:3000/_next/static/chunks/node_modules_next_dist_0bc8q4g._.js:1233
[12233095ms] [LOG] [Fast Refresh] rebuilding @ http://localhost:3000/_next/static/chunks/node_modules_next_dist_0bc8q4g._.js:1233
[12233120ms] [LOG] [Fast Refresh] done in 49ms @ http://localhost:3000/_next/static/chunks/node_modules_next_dist_0bc8q4g._.js:1233
[12258664ms] [LOG] [Fast Refresh] rebuilding @ http://localhost:3000/_next/static/chunks/node_modules_next_dist_0bc8q4g._.js:1233
[12258683ms] [LOG] [Fast Refresh] done in 54ms @ http://localhost:3000/_next/static/chunks/node_modules_next_dist_0bc8q4g._.js:1233
[12260419ms] [LOG] [Fast Refresh] rebuilding @ http://localhost:3000/_next/static/chunks/node_modules_next_dist_0bc8q4g._.js:1233
[12260447ms] [LOG] [Fast Refresh] done in 56ms @ http://localhost:3000/_next/static/chunks/node_modules_next_dist_0bc8q4g._.js:1233
[12401528ms] [LOG] [Fast Refresh] rebuilding @ http://localhost:3000/_next/static/chunks/node_modules_next_dist_0bc8q4g._.js:1233
[12407703ms] [LOG] [Fast Refresh] done in 6245ms @ http://localhost:3000/_next/static/chunks/node_modules_next_dist_0bc8q4g._.js:1233
