[      51ms] [ERROR] Failed to load resource: the server responded with a status of 500 (Internal Server Error) @ http://localhost:3000/:0
[      92ms] [INFO] %cDownload the React DevTools for a better development experience: https://reactjs.org/link/react-devtools font-weight:bold @ http://localhost:3000/_next/static/chunks/node_modules_react-dom_cjs_react-dom_development_07i0ttg.js:25055
[     114ms] Error: ./src/components/sections/FamilyTree/PersonCardModal.tsx:141:7
the name `ActionButton` is defined multiple times
  139 | `;
  140 |
> 141 | const ActionButton = styled.button`
      |       ^^^^^^^^^^^^
  142 |     background: ${color('landingCta')};
  143 |     color: ${color('white')};
  144 |     border: none;

Ecmascript file had an error

Import traces:
  Browser:
    ./src/components/sections/FamilyTree/PersonCardModal.tsx
    ./src/components/sections/FamilyTree/FamilyTree.tsx
    ./src/pages/tree.tsx

  SSR:
    ./src/components/sections/FamilyTree/PersonCardModal.tsx
    ./src/components/sections/FamilyTree/FamilyTree.tsx
    ./src/pages/tree.tsx


    at <unknown> (Error: ./src/components/sections/FamilyTree/PersonCardModal.tsx:141:7)
    at Object.getCompilationErrors (file://C:\Users\stani\projects\stammbaum\node_modules\next\dist\server\dev\hot-reloader-turbopack.js:1186:59)
    at DevBundlerService.getCompilationError (file://C:\Users\stani\projects\stammbaum\node_modules\next\dist\server\lib\dev-bundler-service.js:44:55)
    at DevServer.getCompilationError (file://C:\Users\stani\projects\stammbaum\node_modules\next\dist\server\dev\next-dev-server.js:720:42)
    at DevServer.findPageComponents (file://C:\Users\stani\projects\stammbaum\node_modules\next\dist\server\dev\next-dev-server.js:690:43)
    at async DevServer.renderErrorToResponseImpl (file://C:\Users\stani\projects\stammbaum\node_modules\next\dist\server\base-server.js:1753:26)
[     114ms] [LOG] [HMR] connected @ http://localhost:3000/_next/static/chunks/node_modules_next_dist_0bc8q4g._.js:1233
[     118ms] [ERROR] ./src/components/sections/FamilyTree/PersonCardModal.tsx:141:7
the name `ActionButton` is defined multiple times
  139 | `;
  140 |
> 141 | const ActionButton = styled.button`
      |       ^^^^^^^^^^^^
  142 |     background: ${color('landingCta')};
  143 |     color: ${color('white')};
  144 |     border: none;

Ecmascript file had an error

Import traces:
  Browser:
    ./src/components/sections/FamilyTree/PersonCardModal.tsx
    ./src/components/sections/FamilyTree/FamilyTree.tsx
    ./src/pages/tree.tsx

  SSR:
    ./src/components/sections/FamilyTree/PersonCardModal.tsx
    ./src/components/sections/FamilyTree/FamilyTree.tsx
    ./src/pages/tree.tsx @ http://localhost:3000/_next/static/chunks/node_modules_next_dist_0bc8q4g._.js:1952
[     118ms] [ERROR] ./src/components/sections/FamilyTree/PersonCardModal.tsx:135:7
the name `ActionRow` is defined multiple times
  133 | `;
  134 |
> 135 | const ActionRow = styled.div`
      |       ^^^^^^^^^
  136 |     margin-top: 12px;
  137 |     display: flex;
  138 |     gap: 8px;

Ecmascript file had an error

Import traces:
  Browser:
    ./src/components/sections/FamilyTree/PersonCardModal.tsx
    ./src/components/sections/FamilyTree/FamilyTree.tsx
    ./src/pages/tree.tsx

  SSR:
    ./src/components/sections/FamilyTree/PersonCardModal.tsx
    ./src/components/sections/FamilyTree/FamilyTree.tsx
    ./src/pages/tree.tsx @ http://localhost:3000/_next/static/chunks/node_modules_next_dist_0bc8q4g._.js:1952
[     118ms] [ERROR] ./src/components/sections/FamilyTree/PersonCardModal.tsx:45:7
the name `Avatar` is defined multiple times
  43 | `;
  44 |
> 45 | const Avatar = styled.div<{ $photo?: string }>`
     |       ^^^^^^
  46 |     width: 64px;
  47 |     height: 64px;
  48 |     border-radius: 50%;

Ecmascript file had an error

Import traces:
  Browser:
    ./src/components/sections/FamilyTree/PersonCardModal.tsx
    ./src/components/sections/FamilyTree/FamilyTree.tsx
    ./src/pages/tree.tsx

  SSR:
    ./src/components/sections/FamilyTree/PersonCardModal.tsx
    ./src/components/sections/FamilyTree/FamilyTree.tsx
    ./src/pages/tree.tsx @ http://localhost:3000/_next/static/chunks/node_modules_next_dist_0bc8q4g._.js:1952
[     118ms] [ERROR] ./src/components/sections/FamilyTree/TreeSidebar.tsx:14:7
the name `Backdrop` is defined multiple times
  12 | } from './TreeSidebar.styled';
  13 |
> 14 | const Backdrop = styled.div<{ $open: boolean }>`
     |       ^^^^^^^^
  15 |     position: fixed;
  16 |     inset: 0;
  17 |     background: ${color('black', 0.18)};

Ecmascript file had an error

Import traces:
  Browser:
    ./src/components/sections/FamilyTree/TreeSidebar.tsx
    ./src/components/sections/FamilyTree/FamilyTree.tsx
    ./src/pages/tree.tsx

  SSR:
    ./src/components/sections/FamilyTree/TreeSidebar.tsx
    ./src/components/sections/FamilyTree/FamilyTree.tsx
    ./src/pages/tree.tsx @ http://localhost:3000/_next/static/chunks/node_modules_next_dist_0bc8q4g._.js:1952
[     118ms] [ERROR] ./src/components/sections/FamilyTree/TreeSidebar.tsx:53:7
the name `CloseBtn` is defined multiple times
  51 | `;
  52 |
> 53 | const CloseBtn = styled.button`
     |       ^^^^^^^^
  54 |     background: transparent;
  55 |     border: none;
  56 |     color: ${color('textPrimary')};

Ecmascript file had an error

Import traces:
  Browser:
    ./src/components/sections/FamilyTree/TreeSidebar.tsx
    ./src/components/sections/FamilyTree/FamilyTree.tsx
    ./src/pages/tree.tsx

  SSR:
    ./src/components/sections/FamilyTree/TreeSidebar.tsx
    ./src/components/sections/FamilyTree/FamilyTree.tsx
    ./src/pages/tree.tsx @ http://localhost:3000/_next/static/chunks/node_modules_next_dist_0bc8q4g._.js:1952
[     119ms] [ERROR] ./src/components/sections/FamilyTree/TreeSidebar.tsx:148:7
the name `CondensedMenuItem` is defined multiple times
  146 | `;
  147 |
> 148 | const CondensedMenuItem = styled(MenuItem)`
      |       ^^^^^^^^^^^^^^^^^
  149 |     ${font('mobileBody')};
  150 | `;
  151 |

Ecmascript file had an error

Import traces:
  Browser:
    ./src/components/sections/FamilyTree/TreeSidebar.tsx
    ./src/components/sections/FamilyTree/FamilyTree.tsx
    ./src/pages/tree.tsx

  SSR:
    ./src/components/sections/FamilyTree/TreeSidebar.tsx
    ./src/components/sections/FamilyTree/FamilyTree.tsx
    ./src/pages/tree.tsx @ http://localhost:3000/_next/static/chunks/node_modules_next_dist_0bc8q4g._.js:1952
[     119ms] [ERROR] ./src/components/sections/FamilyTree/PersonCardModal.tsx:129:7
the name `Empty` is defined multiple times
  127 | `;
  128 |
> 129 | const Empty = styled.div`
      |       ^^^^^
  130 |     ${font('mobileControl')};
  131 |     color: ${color('textPrimary')};
  132 |     opacity: 0.6;

Ecmascript file had an error

Import traces:
  Browser:
    ./src/components/sections/FamilyTree/PersonCardModal.tsx
    ./src/components/sections/FamilyTree/FamilyTree.tsx
    ./src/pages/tree.tsx

  SSR:
    ./src/components/sections/FamilyTree/PersonCardModal.tsx
    ./src/components/sections/FamilyTree/FamilyTree.tsx
    ./src/pages/tree.tsx @ http://localhost:3000/_next/static/chunks/node_modules_next_dist_0bc8q4g._.js:1952
[     119ms] [ERROR] ./src/components/sections/FamilyTree/PersonCardModal.tsx:61:7
the name `HeroMeta` is defined multiple times
  59 | `;
  60 |
> 61 | const HeroMeta = styled.div`
     |       ^^^^^^^^
  62 |     ${font('mobileControl')};
  63 |     color: ${color('textPrimary')};
  64 |     opacity: 0.75;

Ecmascript file had an error

Import traces:
  Browser:
    ./src/components/sections/FamilyTree/PersonCardModal.tsx
    ./src/components/sections/FamilyTree/FamilyTree.tsx
    ./src/pages/tree.tsx

  SSR:
    ./src/components/sections/FamilyTree/PersonCardModal.tsx
    ./src/components/sections/FamilyTree/FamilyTree.tsx
    ./src/pages/tree.tsx @ http://localhost:3000/_next/static/chunks/node_modules_next_dist_0bc8q4g._.js:1952
[     119ms] [ERROR] ./src/components/sections/FamilyTree/PersonCardModal.tsx:56:7
the name `HeroName` is defined multiple times
  54 | `;
  55 |
> 56 | const HeroName = styled.div`
     |       ^^^^^^^^
  57 |     ${font('mobileHeader')};
  58 |     color: ${color('textPrimary')};
  59 | `;

Ecmascript file had an error

Import traces:
  Browser:
    ./src/components/sections/FamilyTree/PersonCardModal.tsx
    ./src/components/sections/FamilyTree/FamilyTree.tsx
    ./src/pages/tree.tsx

  SSR:
    ./src/components/sections/FamilyTree/PersonCardModal.tsx
    ./src/components/sections/FamilyTree/FamilyTree.tsx
    ./src/pages/tree.tsx @ http://localhost:3000/_next/static/chunks/node_modules_next_dist_0bc8q4g._.js:1952
[     119ms] [ERROR] ./src/components/sections/FamilyTree/PersonCardModal.tsx:38:7
the name `Hero` is defined multiple times
  36 | } from './Modal.styled';
  37 |
> 38 | const Hero = styled.div`
     |       ^^^^
  39 |     display: flex;
  40 |     align-items: center;
  41 |     gap: 14px;

Ecmascript file had an error

Import traces:
  Browser:
    ./src/components/sections/FamilyTree/PersonCardModal.tsx
    ./src/components/sections/FamilyTree/FamilyTree.tsx
    ./src/pages/tree.tsx

  SSR:
    ./src/components/sections/FamilyTree/PersonCardModal.tsx
    ./src/components/sections/FamilyTree/FamilyTree.tsx
    ./src/pages/tree.tsx @ http://localhost:3000/_next/static/chunks/node_modules_next_dist_0bc8q4g._.js:1952
[     119ms] [ERROR] ./src/components/sections/FamilyTree/PersonCardModal.tsx:119:7
the name `ListAvatar` is defined multiple times
  117 | `;
  118 |
> 119 | const ListAvatar = styled.div<{ $photo?: string }>`
      |       ^^^^^^^^^^
  120 |     width: 32px;
  121 |     height: 32px;
  122 |     border-radius: 50%;

Ecmascript file had an error

Import traces:
  Browser:
    ./src/components/sections/FamilyTree/PersonCardModal.tsx
    ./src/components/sections/FamilyTree/FamilyTree.tsx
    ./src/pages/tree.tsx

  SSR:
    ./src/components/sections/FamilyTree/PersonCardModal.tsx
    ./src/components/sections/FamilyTree/FamilyTree.tsx
    ./src/pages/tree.tsx @ http://localhost:3000/_next/static/chunks/node_modules_next_dist_0bc8q4g._.js:1952
[     119ms] [ERROR] ./src/components/sections/FamilyTree/PersonCardModal.tsx:80:7
the name `ListItem` is defined multiple times
  78 | `;
  79 |
> 80 | const ListItem = styled.button`
     |       ^^^^^^^^
  81 |     flex: 1;
  82 |     background: transparent;
  83 |     border: none;

Ecmascript file had an error

Import traces:
  Browser:
    ./src/components/sections/FamilyTree/PersonCardModal.tsx
    ./src/components/sections/FamilyTree/FamilyTree.tsx
    ./src/pages/tree.tsx

  SSR:
    ./src/components/sections/FamilyTree/PersonCardModal.tsx
    ./src/components/sections/FamilyTree/FamilyTree.tsx
    ./src/pages/tree.tsx @ http://localhost:3000/_next/static/chunks/node_modules_next_dist_0bc8q4g._.js:1952
[     119ms] [ERROR] ./src/components/sections/FamilyTree/PersonCardModal.tsx:67:7
the name `ListRow` is defined multiple times
  65 | `;
  66 |
> 67 | const ListRow = styled.div`
     |       ^^^^^^^
  68 |     display: flex;
  69 |     align-items: center;
  70 |     gap: 6px;

Ecmascript file had an error

Import traces:
  Browser:
    ./src/components/sections/FamilyTree/PersonCardModal.tsx
    ./src/components/sections/FamilyTree/FamilyTree.tsx
    ./src/pages/tree.tsx

  SSR:
    ./src/components/sections/FamilyTree/PersonCardModal.tsx
    ./src/components/sections/FamilyTree/FamilyTree.tsx
    ./src/pages/tree.tsx @ http://localhost:3000/_next/static/chunks/node_modules_next_dist_0bc8q4g._.js:1952
[     119ms] [ERROR] ./src/components/sections/FamilyTree/TreeSidebar.tsx:133:7
the name `MenuItem` is defined multiple times
  131 | `;
  132 |
> 133 | const MenuItem = styled.button`
      |       ^^^^^^^^
  134 |     width: 100%;
  135 |     border: 0;
  136 |     background: transparent;

Ecmascript file had an error

Import traces:
  Browser:
    ./src/components/sections/FamilyTree/TreeSidebar.tsx
    ./src/components/sections/FamilyTree/FamilyTree.tsx
    ./src/pages/tree.tsx

  SSR:
    ./src/components/sections/FamilyTree/TreeSidebar.tsx
    ./src/components/sections/FamilyTree/FamilyTree.tsx
    ./src/pages/tree.tsx @ http://localhost:3000/_next/static/chunks/node_modules_next_dist_0bc8q4g._.js:1952
[     119ms] [ERROR] ./src/components/sections/FamilyTree/TreeSidebar.tsx:124:7
the name `Menu` is defined multiple times
  122 | `;
  123 |
> 124 | const Menu = styled.ul`
      |       ^^^^
  125 |     list-style: none;
  126 |     margin: 0;
  127 |     padding: 8px 22px 22px;

Ecmascript file had an error

Import traces:
  Browser:
    ./src/components/sections/FamilyTree/TreeSidebar.tsx
    ./src/components/sections/FamilyTree/FamilyTree.tsx
    ./src/pages/tree.tsx

  SSR:
    ./src/components/sections/FamilyTree/TreeSidebar.tsx
    ./src/components/sections/FamilyTree/FamilyTree.tsx
    ./src/pages/tree.tsx @ http://localhost:3000/_next/static/chunks/node_modules_next_dist_0bc8q4g._.js:1952
[     119ms] [ERROR] ./src/components/sections/FamilyTree/TreeSidebar.tsx:24:7
the name `Panel` is defined multiple times
  22 | `;
  23 |
> 24 | const Panel = styled.aside<{ $open: boolean }>`
     |       ^^^^^
  25 |     position: fixed;
  26 |     top: 0;
  27 |     right: 0;

Ecmascript file had an error

Import traces:
  Browser:
    ./src/components/sections/FamilyTree/TreeSidebar.tsx
    ./src/components/sections/FamilyTree/FamilyTree.tsx
    ./src/pages/tree.tsx

  SSR:
    ./src/components/sections/FamilyTree/TreeSidebar.tsx
    ./src/components/sections/FamilyTree/FamilyTree.tsx
    ./src/pages/tree.tsx @ http://localhost:3000/_next/static/chunks/node_modules_next_dist_0bc8q4g._.js:1952
[     120ms] [ERROR] ./src/components/sections/FamilyTree/PersonCardModal.tsx:95:7
the name `RemoveRelationButton` is defined multiple times
  93 | `;
  94 |
> 95 | const RemoveRelationButton = styled.button`
     |       ^^^^^^^^^^^^^^^^^^^^
  96 |     flex: 0 0 auto;
  97 |     display: inline-flex;
  98 |     align-items: center;

Ecmascript file had an error

Import traces:
  Browser:
    ./src/components/sections/FamilyTree/PersonCardModal.tsx
    ./src/components/sections/FamilyTree/FamilyTree.tsx
    ./src/pages/tree.tsx

  SSR:
    ./src/components/sections/FamilyTree/PersonCardModal.tsx
    ./src/components/sections/FamilyTree/FamilyTree.tsx
    ./src/pages/tree.tsx @ http://localhost:3000/_next/static/chunks/node_modules_next_dist_0bc8q4g._.js:1952
[     120ms] [ERROR] ./src/components/sections/FamilyTree/TreeSidebar.tsx:43:7
the name `TopBar` is defined multiple times
  41 | `;
  42 |
> 43 | const TopBar = styled.div`
     |       ^^^^^^
  44 |     padding: 18px 22px 12px;
  45 |     display: flex;
  46 |     align-items: center;

Ecmascript file had an error

Import traces:
  Browser:
    ./src/components/sections/FamilyTree/TreeSidebar.tsx
    ./src/components/sections/FamilyTree/FamilyTree.tsx
    ./src/pages/tree.tsx

  SSR:
    ./src/components/sections/FamilyTree/TreeSidebar.tsx
    ./src/components/sections/FamilyTree/FamilyTree.tsx
    ./src/pages/tree.tsx @ http://localhost:3000/_next/static/chunks/node_modules_next_dist_0bc8q4g._.js:1952
[     120ms] [ERROR] ./src/components/sections/FamilyTree/TreeSidebar.tsx:74:7
the name `TreeSelect` is defined multiple times
  72 | `;
  73 |
> 74 | const TreeSelect = styled.select`
     |       ^^^^^^^^^^
  75 |     width: 100%;
  76 |     background: ${color('cream')};
  77 |     border: 2px solid ${color('forest')};

Ecmascript file had an error

Import traces:
  Browser:
    ./src/components/sections/FamilyTree/TreeSidebar.tsx
    ./src/components/sections/FamilyTree/FamilyTree.tsx
    ./src/pages/tree.tsx

  SSR:
    ./src/components/sections/FamilyTree/TreeSidebar.tsx
    ./src/components/sections/FamilyTree/FamilyTree.tsx
    ./src/pages/tree.tsx @ http://localhost:3000/_next/static/chunks/node_modules_next_dist_0bc8q4g._.js:1952
[     184ms] [ERROR] ./src/components/sections/FamilyTree/PersonCardModal.tsx:141:7
the name `ActionButton` is defined multiple times
  139 | `;
  140 |
> 141 | const ActionButton = styled.button`
      |       ^^^^^^^^^^^^
  142 |     background: ${color('landingCta')};
  143 |     color: ${color('white')};
  144 |     border: none;

Ecmascript file had an error

Import traces:
  Browser:
    ./src/components/sections/FamilyTree/PersonCardModal.tsx
    ./src/components/sections/FamilyTree/FamilyTree.tsx
    ./src/pages/tree.tsx

  SSR:
    ./src/components/sections/FamilyTree/PersonCardModal.tsx
    ./src/components/sections/FamilyTree/FamilyTree.tsx
    ./src/pages/tree.tsx @ http://localhost:3000/_next/static/chunks/node_modules_next_dist_0bc8q4g._.js:1952
[     184ms] [ERROR] ./src/components/sections/FamilyTree/PersonCardModal.tsx:135:7
the name `ActionRow` is defined multiple times
  133 | `;
  134 |
> 135 | const ActionRow = styled.div`
      |       ^^^^^^^^^
  136 |     margin-top: 12px;
  137 |     display: flex;
  138 |     gap: 8px;

Ecmascript file had an error

Import traces:
  Browser:
    ./src/components/sections/FamilyTree/PersonCardModal.tsx
    ./src/components/sections/FamilyTree/FamilyTree.tsx
    ./src/pages/tree.tsx

  SSR:
    ./src/components/sections/FamilyTree/PersonCardModal.tsx
    ./src/components/sections/FamilyTree/FamilyTree.tsx
    ./src/pages/tree.tsx @ http://localhost:3000/_next/static/chunks/node_modules_next_dist_0bc8q4g._.js:1952
[     184ms] [ERROR] ./src/components/sections/FamilyTree/PersonCardModal.tsx:45:7
the name `Avatar` is defined multiple times
  43 | `;
  44 |
> 45 | const Avatar = styled.div<{ $photo?: string }>`
     |       ^^^^^^
  46 |     width: 64px;
  47 |     height: 64px;
  48 |     border-radius: 50%;

Ecmascript file had an error

Import traces:
  Browser:
    ./src/components/sections/FamilyTree/PersonCardModal.tsx
    ./src/components/sections/FamilyTree/FamilyTree.tsx
    ./src/pages/tree.tsx

  SSR:
    ./src/components/sections/FamilyTree/PersonCardModal.tsx
    ./src/components/sections/FamilyTree/FamilyTree.tsx
    ./src/pages/tree.tsx @ http://localhost:3000/_next/static/chunks/node_modules_next_dist_0bc8q4g._.js:1952
[     184ms] [ERROR] ./src/components/sections/FamilyTree/TreeSidebar.tsx:14:7
the name `Backdrop` is defined multiple times
  12 | } from './TreeSidebar.styled';
  13 |
> 14 | const Backdrop = styled.div<{ $open: boolean }>`
     |       ^^^^^^^^
  15 |     position: fixed;
  16 |     inset: 0;
  17 |     background: ${color('black', 0.18)};

Ecmascript file had an error

Import traces:
  Browser:
    ./src/components/sections/FamilyTree/TreeSidebar.tsx
    ./src/components/sections/FamilyTree/FamilyTree.tsx
    ./src/pages/tree.tsx

  SSR:
    ./src/components/sections/FamilyTree/TreeSidebar.tsx
    ./src/components/sections/FamilyTree/FamilyTree.tsx
    ./src/pages/tree.tsx @ http://localhost:3000/_next/static/chunks/node_modules_next_dist_0bc8q4g._.js:1952
[     184ms] [ERROR] ./src/components/sections/FamilyTree/TreeSidebar.tsx:53:7
the name `CloseBtn` is defined multiple times
  51 | `;
  52 |
> 53 | const CloseBtn = styled.button`
     |       ^^^^^^^^
  54 |     background: transparent;
  55 |     border: none;
  56 |     color: ${color('textPrimary')};

Ecmascript file had an error

Import traces:
  Browser:
    ./src/components/sections/FamilyTree/TreeSidebar.tsx
    ./src/components/sections/FamilyTree/FamilyTree.tsx
    ./src/pages/tree.tsx

  SSR:
    ./src/components/sections/FamilyTree/TreeSidebar.tsx
    ./src/components/sections/FamilyTree/FamilyTree.tsx
    ./src/pages/tree.tsx @ http://localhost:3000/_next/static/chunks/node_modules_next_dist_0bc8q4g._.js:1952
[     185ms] [ERROR] ./src/components/sections/FamilyTree/TreeSidebar.tsx:148:7
the name `CondensedMenuItem` is defined multiple times
  146 | `;
  147 |
> 148 | const CondensedMenuItem = styled(MenuItem)`
      |       ^^^^^^^^^^^^^^^^^
  149 |     ${font('mobileBody')};
  150 | `;
  151 |

Ecmascript file had an error

Import traces:
  Browser:
    ./src/components/sections/FamilyTree/TreeSidebar.tsx
    ./src/components/sections/FamilyTree/FamilyTree.tsx
    ./src/pages/tree.tsx

  SSR:
    ./src/components/sections/FamilyTree/TreeSidebar.tsx
    ./src/components/sections/FamilyTree/FamilyTree.tsx
    ./src/pages/tree.tsx @ http://localhost:3000/_next/static/chunks/node_modules_next_dist_0bc8q4g._.js:1952
[     185ms] [ERROR] ./src/components/sections/FamilyTree/PersonCardModal.tsx:129:7
the name `Empty` is defined multiple times
  127 | `;
  128 |
> 129 | const Empty = styled.div`
      |       ^^^^^
  130 |     ${font('mobileControl')};
  131 |     color: ${color('textPrimary')};
  132 |     opacity: 0.6;

Ecmascript file had an error

Import traces:
  Browser:
    ./src/components/sections/FamilyTree/PersonCardModal.tsx
    ./src/components/sections/FamilyTree/FamilyTree.tsx
    ./src/pages/tree.tsx

  SSR:
    ./src/components/sections/FamilyTree/PersonCardModal.tsx
    ./src/components/sections/FamilyTree/FamilyTree.tsx
    ./src/pages/tree.tsx @ http://localhost:3000/_next/static/chunks/node_modules_next_dist_0bc8q4g._.js:1952
[     185ms] [ERROR] ./src/components/sections/FamilyTree/PersonCardModal.tsx:61:7
the name `HeroMeta` is defined multiple times
  59 | `;
  60 |
> 61 | const HeroMeta = styled.div`
     |       ^^^^^^^^
  62 |     ${font('mobileControl')};
  63 |     color: ${color('textPrimary')};
  64 |     opacity: 0.75;

Ecmascript file had an error

Import traces:
  Browser:
    ./src/components/sections/FamilyTree/PersonCardModal.tsx
    ./src/components/sections/FamilyTree/FamilyTree.tsx
    ./src/pages/tree.tsx

  SSR:
    ./src/components/sections/FamilyTree/PersonCardModal.tsx
    ./src/components/sections/FamilyTree/FamilyTree.tsx
    ./src/pages/tree.tsx @ http://localhost:3000/_next/static/chunks/node_modules_next_dist_0bc8q4g._.js:1952
[     185ms] [ERROR] ./src/components/sections/FamilyTree/PersonCardModal.tsx:56:7
the name `HeroName` is defined multiple times
  54 | `;
  55 |
> 56 | const HeroName = styled.div`
     |       ^^^^^^^^
  57 |     ${font('mobileHeader')};
  58 |     color: ${color('textPrimary')};
  59 | `;

Ecmascript file had an error

Import traces:
  Browser:
    ./src/components/sections/FamilyTree/PersonCardModal.tsx
    ./src/components/sections/FamilyTree/FamilyTree.tsx
    ./src/pages/tree.tsx

  SSR:
    ./src/components/sections/FamilyTree/PersonCardModal.tsx
    ./src/components/sections/FamilyTree/FamilyTree.tsx
    ./src/pages/tree.tsx @ http://localhost:3000/_next/static/chunks/node_modules_next_dist_0bc8q4g._.js:1952
[     185ms] [ERROR] ./src/components/sections/FamilyTree/PersonCardModal.tsx:38:7
the name `Hero` is defined multiple times
  36 | } from './Modal.styled';
  37 |
> 38 | const Hero = styled.div`
     |       ^^^^
  39 |     display: flex;
  40 |     align-items: center;
  41 |     gap: 14px;

Ecmascript file had an error

Import traces:
  Browser:
    ./src/components/sections/FamilyTree/PersonCardModal.tsx
    ./src/components/sections/FamilyTree/FamilyTree.tsx
    ./src/pages/tree.tsx

  SSR:
    ./src/components/sections/FamilyTree/PersonCardModal.tsx
    ./src/components/sections/FamilyTree/FamilyTree.tsx
    ./src/pages/tree.tsx @ http://localhost:3000/_next/static/chunks/node_modules_next_dist_0bc8q4g._.js:1952
[     185ms] [ERROR] ./src/components/sections/FamilyTree/PersonCardModal.tsx:119:7
the name `ListAvatar` is defined multiple times
  117 | `;
  118 |
> 119 | const ListAvatar = styled.div<{ $photo?: string }>`
      |       ^^^^^^^^^^
  120 |     width: 32px;
  121 |     height: 32px;
  122 |     border-radius: 50%;

Ecmascript file had an error

Import traces:
  Browser:
    ./src/components/sections/FamilyTree/PersonCardModal.tsx
    ./src/components/sections/FamilyTree/FamilyTree.tsx
    ./src/pages/tree.tsx

  SSR:
    ./src/components/sections/FamilyTree/PersonCardModal.tsx
    ./src/components/sections/FamilyTree/FamilyTree.tsx
    ./src/pages/tree.tsx @ http://localhost:3000/_next/static/chunks/node_modules_next_dist_0bc8q4g._.js:1952
[     185ms] [ERROR] ./src/components/sections/FamilyTree/PersonCardModal.tsx:80:7
the name `ListItem` is defined multiple times
  78 | `;
  79 |
> 80 | const ListItem = styled.button`
     |       ^^^^^^^^
  81 |     flex: 1;
  82 |     background: transparent;
  83 |     border: none;

Ecmascript file had an error

Import traces:
  Browser:
    ./src/components/sections/FamilyTree/PersonCardModal.tsx
    ./src/components/sections/FamilyTree/FamilyTree.tsx
    ./src/pages/tree.tsx

  SSR:
    ./src/components/sections/FamilyTree/PersonCardModal.tsx
    ./src/components/sections/FamilyTree/FamilyTree.tsx
    ./src/pages/tree.tsx @ http://localhost:3000/_next/static/chunks/node_modules_next_dist_0bc8q4g._.js:1952
[     185ms] [ERROR] ./src/components/sections/FamilyTree/PersonCardModal.tsx:67:7
the name `ListRow` is defined multiple times
  65 | `;
  66 |
> 67 | const ListRow = styled.div`
     |       ^^^^^^^
  68 |     display: flex;
  69 |     align-items: center;
  70 |     gap: 6px;

Ecmascript file had an error

Import traces:
  Browser:
    ./src/components/sections/FamilyTree/PersonCardModal.tsx
    ./src/components/sections/FamilyTree/FamilyTree.tsx
    ./src/pages/tree.tsx

  SSR:
    ./src/components/sections/FamilyTree/PersonCardModal.tsx
    ./src/components/sections/FamilyTree/FamilyTree.tsx
    ./src/pages/tree.tsx @ http://localhost:3000/_next/static/chunks/node_modules_next_dist_0bc8q4g._.js:1952
[     185ms] [ERROR] ./src/components/sections/FamilyTree/TreeSidebar.tsx:133:7
the name `MenuItem` is defined multiple times
  131 | `;
  132 |
> 133 | const MenuItem = styled.button`
      |       ^^^^^^^^
  134 |     width: 100%;
  135 |     border: 0;
  136 |     background: transparent;

Ecmascript file had an error

Import traces:
  Browser:
    ./src/components/sections/FamilyTree/TreeSidebar.tsx
    ./src/components/sections/FamilyTree/FamilyTree.tsx
    ./src/pages/tree.tsx

  SSR:
    ./src/components/sections/FamilyTree/TreeSidebar.tsx
    ./src/components/sections/FamilyTree/FamilyTree.tsx
    ./src/pages/tree.tsx @ http://localhost:3000/_next/static/chunks/node_modules_next_dist_0bc8q4g._.js:1952
[     186ms] [ERROR] ./src/components/sections/FamilyTree/TreeSidebar.tsx:124:7
the name `Menu` is defined multiple times
  122 | `;
  123 |
> 124 | const Menu = styled.ul`
      |       ^^^^
  125 |     list-style: none;
  126 |     margin: 0;
  127 |     padding: 8px 22px 22px;

Ecmascript file had an error

Import traces:
  Browser:
    ./src/components/sections/FamilyTree/TreeSidebar.tsx
    ./src/components/sections/FamilyTree/FamilyTree.tsx
    ./src/pages/tree.tsx

  SSR:
    ./src/components/sections/FamilyTree/TreeSidebar.tsx
    ./src/components/sections/FamilyTree/FamilyTree.tsx
    ./src/pages/tree.tsx @ http://localhost:3000/_next/static/chunks/node_modules_next_dist_0bc8q4g._.js:1952
[     186ms] [ERROR] ./src/components/sections/FamilyTree/TreeSidebar.tsx:24:7
the name `Panel` is defined multiple times
  22 | `;
  23 |
> 24 | const Panel = styled.aside<{ $open: boolean }>`
     |       ^^^^^
  25 |     position: fixed;
  26 |     top: 0;
  27 |     right: 0;

Ecmascript file had an error

Import traces:
  Browser:
    ./src/components/sections/FamilyTree/TreeSidebar.tsx
    ./src/components/sections/FamilyTree/FamilyTree.tsx
    ./src/pages/tree.tsx

  SSR:
    ./src/components/sections/FamilyTree/TreeSidebar.tsx
    ./src/components/sections/FamilyTree/FamilyTree.tsx
    ./src/pages/tree.tsx @ http://localhost:3000/_next/static/chunks/node_modules_next_dist_0bc8q4g._.js:1952
[     186ms] [ERROR] ./src/components/sections/FamilyTree/PersonCardModal.tsx:95:7
the name `RemoveRelationButton` is defined multiple times
  93 | `;
  94 |
> 95 | const RemoveRelationButton = styled.button`
     |       ^^^^^^^^^^^^^^^^^^^^
  96 |     flex: 0 0 auto;
  97 |     display: inline-flex;
  98 |     align-items: center;

Ecmascript file had an error

Import traces:
  Browser:
    ./src/components/sections/FamilyTree/PersonCardModal.tsx
    ./src/components/sections/FamilyTree/FamilyTree.tsx
    ./src/pages/tree.tsx

  SSR:
    ./src/components/sections/FamilyTree/PersonCardModal.tsx
    ./src/components/sections/FamilyTree/FamilyTree.tsx
    ./src/pages/tree.tsx @ http://localhost:3000/_next/static/chunks/node_modules_next_dist_0bc8q4g._.js:1952
[     186ms] [ERROR] ./src/components/sections/FamilyTree/TreeSidebar.tsx:43:7
the name `TopBar` is defined multiple times
  41 | `;
  42 |
> 43 | const TopBar = styled.div`
     |       ^^^^^^
  44 |     padding: 18px 22px 12px;
  45 |     display: flex;
  46 |     align-items: center;

Ecmascript file had an error

Import traces:
  Browser:
    ./src/components/sections/FamilyTree/TreeSidebar.tsx
    ./src/components/sections/FamilyTree/FamilyTree.tsx
    ./src/pages/tree.tsx

  SSR:
    ./src/components/sections/FamilyTree/TreeSidebar.tsx
    ./src/components/sections/FamilyTree/FamilyTree.tsx
    ./src/pages/tree.tsx @ http://localhost:3000/_next/static/chunks/node_modules_next_dist_0bc8q4g._.js:1952
[     186ms] [ERROR] ./src/components/sections/FamilyTree/TreeSidebar.tsx:74:7
the name `TreeSelect` is defined multiple times
  72 | `;
  73 |
> 74 | const TreeSelect = styled.select`
     |       ^^^^^^^^^^
  75 |     width: 100%;
  76 |     background: ${color('cream')};
  77 |     border: 2px solid ${color('forest')};

Ecmascript file had an error

Import traces:
  Browser:
    ./src/components/sections/FamilyTree/TreeSidebar.tsx
    ./src/components/sections/FamilyTree/FamilyTree.tsx
    ./src/pages/tree.tsx

  SSR:
    ./src/components/sections/FamilyTree/TreeSidebar.tsx
    ./src/components/sections/FamilyTree/FamilyTree.tsx
    ./src/pages/tree.tsx @ http://localhost:3000/_next/static/chunks/node_modules_next_dist_0bc8q4g._.js:1952
[     221ms] [LOG] [Fast Refresh] rebuilding @ http://localhost:3000/_next/static/chunks/node_modules_next_dist_0bc8q4g._.js:1233
[     273ms] [ERROR] ./src/components/sections/FamilyTree/PersonCardModal.tsx:141:7
the name `ActionButton` is defined multiple times
  139 | `;
  140 |
> 141 | const ActionButton = styled.button`
      |       ^^^^^^^^^^^^
  142 |     background: ${color('landingCta')};
  143 |     color: ${color('white')};
  144 |     border: none;

Ecmascript file had an error

Import traces:
  Browser:
    ./src/components/sections/FamilyTree/PersonCardModal.tsx
    ./src/components/sections/FamilyTree/FamilyTree.tsx
    ./src/pages/tree.tsx

  SSR:
    ./src/components/sections/FamilyTree/PersonCardModal.tsx
    ./src/components/sections/FamilyTree/FamilyTree.tsx
    ./src/pages/tree.tsx @ http://localhost:3000/_next/static/chunks/node_modules_next_dist_0bc8q4g._.js:1952
[     274ms] [ERROR] ./src/components/sections/FamilyTree/PersonCardModal.tsx:135:7
the name `ActionRow` is defined multiple times
  133 | `;
  134 |
> 135 | const ActionRow = styled.div`
      |       ^^^^^^^^^
  136 |     margin-top: 12px;
  137 |     display: flex;
  138 |     gap: 8px;

Ecmascript file had an error

Import traces:
  Browser:
    ./src/components/sections/FamilyTree/PersonCardModal.tsx
    ./src/components/sections/FamilyTree/FamilyTree.tsx
    ./src/pages/tree.tsx

  SSR:
    ./src/components/sections/FamilyTree/PersonCardModal.tsx
    ./src/components/sections/FamilyTree/FamilyTree.tsx
    ./src/pages/tree.tsx @ http://localhost:3000/_next/static/chunks/node_modules_next_dist_0bc8q4g._.js:1952
[     274ms] [ERROR] ./src/components/sections/FamilyTree/PersonCardModal.tsx:45:7
the name `Avatar` is defined multiple times
  43 | `;
  44 |
> 45 | const Avatar = styled.div<{ $photo?: string }>`
     |       ^^^^^^
  46 |     width: 64px;
  47 |     height: 64px;
  48 |     border-radius: 50%;

Ecmascript file had an error

Import traces:
  Browser:
    ./src/components/sections/FamilyTree/PersonCardModal.tsx
    ./src/components/sections/FamilyTree/FamilyTree.tsx
    ./src/pages/tree.tsx

  SSR:
    ./src/components/sections/FamilyTree/PersonCardModal.tsx
    ./src/components/sections/FamilyTree/FamilyTree.tsx
    ./src/pages/tree.tsx @ http://localhost:3000/_next/static/chunks/node_modules_next_dist_0bc8q4g._.js:1952
[     274ms] [ERROR] ./src/components/sections/FamilyTree/TreeSidebar.tsx:14:7
the name `Backdrop` is defined multiple times
  12 | } from './TreeSidebar.styled';
  13 |
> 14 | const Backdrop = styled.div<{ $open: boolean }>`
     |       ^^^^^^^^
  15 |     position: fixed;
  16 |     inset: 0;
  17 |     background: ${color('black', 0.18)};

Ecmascript file had an error

Import traces:
  Browser:
    ./src/components/sections/FamilyTree/TreeSidebar.tsx
    ./src/components/sections/FamilyTree/FamilyTree.tsx
    ./src/pages/tree.tsx

  SSR:
    ./src/components/sections/FamilyTree/TreeSidebar.tsx
    ./src/components/sections/FamilyTree/FamilyTree.tsx
    ./src/pages/tree.tsx @ http://localhost:3000/_next/static/chunks/node_modules_next_dist_0bc8q4g._.js:1952
[     274ms] [ERROR] ./src/components/sections/FamilyTree/TreeSidebar.tsx:53:7
the name `CloseBtn` is defined multiple times
  51 | `;
  52 |
> 53 | const CloseBtn = styled.button`
     |       ^^^^^^^^
  54 |     background: transparent;
  55 |     border: none;
  56 |     color: ${color('textPrimary')};

Ecmascript file had an error

Import traces:
  Browser:
    ./src/components/sections/FamilyTree/TreeSidebar.tsx
    ./src/components/sections/FamilyTree/FamilyTree.tsx
    ./src/pages/tree.tsx

  SSR:
    ./src/components/sections/FamilyTree/TreeSidebar.tsx
    ./src/components/sections/FamilyTree/FamilyTree.tsx
    ./src/pages/tree.tsx @ http://localhost:3000/_next/static/chunks/node_modules_next_dist_0bc8q4g._.js:1952
[     274ms] [ERROR] ./src/components/sections/FamilyTree/TreeSidebar.tsx:148:7
the name `CondensedMenuItem` is defined multiple times
  146 | `;
  147 |
> 148 | const CondensedMenuItem = styled(MenuItem)`
      |       ^^^^^^^^^^^^^^^^^
  149 |     ${font('mobileBody')};
  150 | `;
  151 |

Ecmascript file had an error

Import traces:
  Browser:
    ./src/components/sections/FamilyTree/TreeSidebar.tsx
    ./src/components/sections/FamilyTree/FamilyTree.tsx
    ./src/pages/tree.tsx

  SSR:
    ./src/components/sections/FamilyTree/TreeSidebar.tsx
    ./src/components/sections/FamilyTree/FamilyTree.tsx
    ./src/pages/tree.tsx @ http://localhost:3000/_next/static/chunks/node_modules_next_dist_0bc8q4g._.js:1952
[     274ms] [ERROR] ./src/components/sections/FamilyTree/PersonCardModal.tsx:129:7
the name `Empty` is defined multiple times
  127 | `;
  128 |
> 129 | const Empty = styled.div`
      |       ^^^^^
  130 |     ${font('mobileControl')};
  131 |     color: ${color('textPrimary')};
  132 |     opacity: 0.6;

Ecmascript file had an error

Import traces:
  Browser:
    ./src/components/sections/FamilyTree/PersonCardModal.tsx
    ./src/components/sections/FamilyTree/FamilyTree.tsx
    ./src/pages/tree.tsx

  SSR:
    ./src/components/sections/FamilyTree/PersonCardModal.tsx
    ./src/components/sections/FamilyTree/FamilyTree.tsx
    ./src/pages/tree.tsx @ http://localhost:3000/_next/static/chunks/node_modules_next_dist_0bc8q4g._.js:1952
[     274ms] [ERROR] ./src/components/sections/FamilyTree/PersonCardModal.tsx:61:7
the name `HeroMeta` is defined multiple times
  59 | `;
  60 |
> 61 | const HeroMeta = styled.div`
     |       ^^^^^^^^
  62 |     ${font('mobileControl')};
  63 |     color: ${color('textPrimary')};
  64 |     opacity: 0.75;

Ecmascript file had an error

Import traces:
  Browser:
    ./src/components/sections/FamilyTree/PersonCardModal.tsx
    ./src/components/sections/FamilyTree/FamilyTree.tsx
    ./src/pages/tree.tsx

  SSR:
    ./src/components/sections/FamilyTree/PersonCardModal.tsx
    ./src/components/sections/FamilyTree/FamilyTree.tsx
    ./src/pages/tree.tsx @ http://localhost:3000/_next/static/chunks/node_modules_next_dist_0bc8q4g._.js:1952
[     274ms] [ERROR] ./src/components/sections/FamilyTree/PersonCardModal.tsx:56:7
the name `HeroName` is defined multiple times
  54 | `;
  55 |
> 56 | const HeroName = styled.div`
     |       ^^^^^^^^
  57 |     ${font('mobileHeader')};
  58 |     color: ${color('textPrimary')};
  59 | `;

Ecmascript file had an error

Import traces:
  Browser:
    ./src/components/sections/FamilyTree/PersonCardModal.tsx
    ./src/components/sections/FamilyTree/FamilyTree.tsx
    ./src/pages/tree.tsx

  SSR:
    ./src/components/sections/FamilyTree/PersonCardModal.tsx
    ./src/components/sections/FamilyTree/FamilyTree.tsx
    ./src/pages/tree.tsx @ http://localhost:3000/_next/static/chunks/node_modules_next_dist_0bc8q4g._.js:1952
[     274ms] [ERROR] ./src/components/sections/FamilyTree/PersonCardModal.tsx:38:7
the name `Hero` is defined multiple times
  36 | } from './Modal.styled';
  37 |
> 38 | const Hero = styled.div`
     |       ^^^^
  39 |     display: flex;
  40 |     align-items: center;
  41 |     gap: 14px;

Ecmascript file had an error

Import traces:
  Browser:
    ./src/components/sections/FamilyTree/PersonCardModal.tsx
    ./src/components/sections/FamilyTree/FamilyTree.tsx
    ./src/pages/tree.tsx

  SSR:
    ./src/components/sections/FamilyTree/PersonCardModal.tsx
    ./src/components/sections/FamilyTree/FamilyTree.tsx
    ./src/pages/tree.tsx @ http://localhost:3000/_next/static/chunks/node_modules_next_dist_0bc8q4g._.js:1952
[     274ms] [ERROR] ./src/components/sections/FamilyTree/PersonCardModal.tsx:119:7
the name `ListAvatar` is defined multiple times
  117 | `;
  118 |
> 119 | const ListAvatar = styled.div<{ $photo?: string }>`
      |       ^^^^^^^^^^
  120 |     width: 32px;
  121 |     height: 32px;
  122 |     border-radius: 50%;

Ecmascript file had an error

Import traces:
  Browser:
    ./src/components/sections/FamilyTree/PersonCardModal.tsx
    ./src/components/sections/FamilyTree/FamilyTree.tsx
    ./src/pages/tree.tsx

  SSR:
    ./src/components/sections/FamilyTree/PersonCardModal.tsx
    ./src/components/sections/FamilyTree/FamilyTree.tsx
    ./src/pages/tree.tsx @ http://localhost:3000/_next/static/chunks/node_modules_next_dist_0bc8q4g._.js:1952
[     275ms] [ERROR] ./src/components/sections/FamilyTree/PersonCardModal.tsx:80:7
the name `ListItem` is defined multiple times
  78 | `;
  79 |
> 80 | const ListItem = styled.button`
     |       ^^^^^^^^
  81 |     flex: 1;
  82 |     background: transparent;
  83 |     border: none;

Ecmascript file had an error

Import traces:
  Browser:
    ./src/components/sections/FamilyTree/PersonCardModal.tsx
    ./src/components/sections/FamilyTree/FamilyTree.tsx
    ./src/pages/tree.tsx

  SSR:
    ./src/components/sections/FamilyTree/PersonCardModal.tsx
    ./src/components/sections/FamilyTree/FamilyTree.tsx
    ./src/pages/tree.tsx @ http://localhost:3000/_next/static/chunks/node_modules_next_dist_0bc8q4g._.js:1952
[     275ms] [ERROR] ./src/components/sections/FamilyTree/PersonCardModal.tsx:67:7
the name `ListRow` is defined multiple times
  65 | `;
  66 |
> 67 | const ListRow = styled.div`
     |       ^^^^^^^
  68 |     display: flex;
  69 |     align-items: center;
  70 |     gap: 6px;

Ecmascript file had an error

Import traces:
  Browser:
    ./src/components/sections/FamilyTree/PersonCardModal.tsx
    ./src/components/sections/FamilyTree/FamilyTree.tsx
    ./src/pages/tree.tsx

  SSR:
    ./src/components/sections/FamilyTree/PersonCardModal.tsx
    ./src/components/sections/FamilyTree/FamilyTree.tsx
    ./src/pages/tree.tsx @ http://localhost:3000/_next/static/chunks/node_modules_next_dist_0bc8q4g._.js:1952
[     275ms] [ERROR] ./src/components/sections/FamilyTree/TreeSidebar.tsx:133:7
the name `MenuItem` is defined multiple times
  131 | `;
  132 |
> 133 | const MenuItem = styled.button`
      |       ^^^^^^^^
  134 |     width: 100%;
  135 |     border: 0;
  136 |     background: transparent;

Ecmascript file had an error

Import traces:
  Browser:
    ./src/components/sections/FamilyTree/TreeSidebar.tsx
    ./src/components/sections/FamilyTree/FamilyTree.tsx
    ./src/pages/tree.tsx

  SSR:
    ./src/components/sections/FamilyTree/TreeSidebar.tsx
    ./src/components/sections/FamilyTree/FamilyTree.tsx
    ./src/pages/tree.tsx @ http://localhost:3000/_next/static/chunks/node_modules_next_dist_0bc8q4g._.js:1952
[     275ms] [ERROR] ./src/components/sections/FamilyTree/TreeSidebar.tsx:124:7
the name `Menu` is defined multiple times
  122 | `;
  123 |
> 124 | const Menu = styled.ul`
      |       ^^^^
  125 |     list-style: none;
  126 |     margin: 0;
  127 |     padding: 8px 22px 22px;

Ecmascript file had an error

Import traces:
  Browser:
    ./src/components/sections/FamilyTree/TreeSidebar.tsx
    ./src/components/sections/FamilyTree/FamilyTree.tsx
    ./src/pages/tree.tsx

  SSR:
    ./src/components/sections/FamilyTree/TreeSidebar.tsx
    ./src/components/sections/FamilyTree/FamilyTree.tsx
    ./src/pages/tree.tsx @ http://localhost:3000/_next/static/chunks/node_modules_next_dist_0bc8q4g._.js:1952
[     275ms] [ERROR] ./src/components/sections/FamilyTree/TreeSidebar.tsx:24:7
the name `Panel` is defined multiple times
  22 | `;
  23 |
> 24 | const Panel = styled.aside<{ $open: boolean }>`
     |       ^^^^^
  25 |     position: fixed;
  26 |     top: 0;
  27 |     right: 0;

Ecmascript file had an error

Import traces:
  Browser:
    ./src/components/sections/FamilyTree/TreeSidebar.tsx
    ./src/components/sections/FamilyTree/FamilyTree.tsx
    ./src/pages/tree.tsx

  SSR:
    ./src/components/sections/FamilyTree/TreeSidebar.tsx
    ./src/components/sections/FamilyTree/FamilyTree.tsx
    ./src/pages/tree.tsx @ http://localhost:3000/_next/static/chunks/node_modules_next_dist_0bc8q4g._.js:1952
[     275ms] [ERROR] ./src/components/sections/FamilyTree/PersonCardModal.tsx:95:7
the name `RemoveRelationButton` is defined multiple times
  93 | `;
  94 |
> 95 | const RemoveRelationButton = styled.button`
     |       ^^^^^^^^^^^^^^^^^^^^
  96 |     flex: 0 0 auto;
  97 |     display: inline-flex;
  98 |     align-items: center;

Ecmascript file had an error

Import traces:
  Browser:
    ./src/components/sections/FamilyTree/PersonCardModal.tsx
    ./src/components/sections/FamilyTree/FamilyTree.tsx
    ./src/pages/tree.tsx

  SSR:
    ./src/components/sections/FamilyTree/PersonCardModal.tsx
    ./src/components/sections/FamilyTree/FamilyTree.tsx
    ./src/pages/tree.tsx @ http://localhost:3000/_next/static/chunks/node_modules_next_dist_0bc8q4g._.js:1952
[     275ms] [ERROR] ./src/components/sections/FamilyTree/TreeSidebar.tsx:43:7
the name `TopBar` is defined multiple times
  41 | `;
  42 |
> 43 | const TopBar = styled.div`
     |       ^^^^^^
  44 |     padding: 18px 22px 12px;
  45 |     display: flex;
  46 |     align-items: center;

Ecmascript file had an error

Import traces:
  Browser:
    ./src/components/sections/FamilyTree/TreeSidebar.tsx
    ./src/components/sections/FamilyTree/FamilyTree.tsx
    ./src/pages/tree.tsx

  SSR:
    ./src/components/sections/FamilyTree/TreeSidebar.tsx
    ./src/components/sections/FamilyTree/FamilyTree.tsx
    ./src/pages/tree.tsx @ http://localhost:3000/_next/static/chunks/node_modules_next_dist_0bc8q4g._.js:1952
[     275ms] [ERROR] ./src/components/sections/FamilyTree/TreeSidebar.tsx:74:7
the name `TreeSelect` is defined multiple times
  72 | `;
  73 |
> 74 | const TreeSelect = styled.select`
     |       ^^^^^^^^^^
  75 |     width: 100%;
  76 |     background: ${color('cream')};
  77 |     border: 2px solid ${color('forest')};

Ecmascript file had an error

Import traces:
  Browser:
    ./src/components/sections/FamilyTree/TreeSidebar.tsx
    ./src/components/sections/FamilyTree/FamilyTree.tsx
    ./src/pages/tree.tsx

  SSR:
    ./src/components/sections/FamilyTree/TreeSidebar.tsx
    ./src/components/sections/FamilyTree/FamilyTree.tsx
    ./src/pages/tree.tsx @ http://localhost:3000/_next/static/chunks/node_modules_next_dist_0bc8q4g._.js:1952
[     334ms] [LOG] [Fast Refresh] rebuilding @ http://localhost:3000/_next/static/chunks/node_modules_next_dist_0bc8q4g._.js:1233
[   28187ms] [ERROR] ./src/components/sections/FamilyTree/PersonCardModal.tsx:141:7
the name `ActionButton` is defined multiple times
  139 | `;
  140 |
> 141 | const ActionButton = styled.button`
      |       ^^^^^^^^^^^^
  142 |     background: ${color('landingCta')};
  143 |     color: ${color('white')};
  144 |     border: none;

Ecmascript file had an error

Import traces:
  Browser:
    ./src/components/sections/FamilyTree/PersonCardModal.tsx
    ./src/components/sections/FamilyTree/FamilyTree.tsx
    ./src/pages/tree.tsx

  SSR:
    ./src/components/sections/FamilyTree/PersonCardModal.tsx
    ./src/components/sections/FamilyTree/FamilyTree.tsx
    ./src/pages/tree.tsx @ http://localhost:3000/_next/static/chunks/node_modules_next_dist_0bc8q4g._.js:1952
[   28187ms] [ERROR] ./src/components/sections/FamilyTree/PersonCardModal.tsx:135:7
the name `ActionRow` is defined multiple times
  133 | `;
  134 |
> 135 | const ActionRow = styled.div`
      |       ^^^^^^^^^
  136 |     margin-top: 12px;
  137 |     display: flex;
  138 |     gap: 8px;

Ecmascript file had an error

Import traces:
  Browser:
    ./src/components/sections/FamilyTree/PersonCardModal.tsx
    ./src/components/sections/FamilyTree/FamilyTree.tsx
    ./src/pages/tree.tsx

  SSR:
    ./src/components/sections/FamilyTree/PersonCardModal.tsx
    ./src/components/sections/FamilyTree/FamilyTree.tsx
    ./src/pages/tree.tsx @ http://localhost:3000/_next/static/chunks/node_modules_next_dist_0bc8q4g._.js:1952
[   28187ms] [ERROR] ./src/components/sections/FamilyTree/PersonCardModal.tsx:45:7
the name `Avatar` is defined multiple times
  43 | `;
  44 |
> 45 | const Avatar = styled.div<{ $photo?: string }>`
     |       ^^^^^^
  46 |     width: 64px;
  47 |     height: 64px;
  48 |     border-radius: 50%;

Ecmascript file had an error

Import traces:
  Browser:
    ./src/components/sections/FamilyTree/PersonCardModal.tsx
    ./src/components/sections/FamilyTree/FamilyTree.tsx
    ./src/pages/tree.tsx

  SSR:
    ./src/components/sections/FamilyTree/PersonCardModal.tsx
    ./src/components/sections/FamilyTree/FamilyTree.tsx
    ./src/pages/tree.tsx @ http://localhost:3000/_next/static/chunks/node_modules_next_dist_0bc8q4g._.js:1952
[   28187ms] [ERROR] ./src/components/sections/FamilyTree/TreeSidebar.tsx:14:7
the name `Backdrop` is defined multiple times
  12 | } from './TreeSidebar.styled';
  13 |
> 14 | const Backdrop = styled.div<{ $open: boolean }>`
     |       ^^^^^^^^
  15 |     position: fixed;
  16 |     inset: 0;
  17 |     background: ${color('black', 0.18)};

Ecmascript file had an error

Import traces:
  Browser:
    ./src/components/sections/FamilyTree/TreeSidebar.tsx
    ./src/components/sections/FamilyTree/FamilyTree.tsx
    ./src/pages/tree.tsx

  SSR:
    ./src/components/sections/FamilyTree/TreeSidebar.tsx
    ./src/components/sections/FamilyTree/FamilyTree.tsx
    ./src/pages/tree.tsx @ http://localhost:3000/_next/static/chunks/node_modules_next_dist_0bc8q4g._.js:1952
[   28188ms] [ERROR] ./src/components/sections/FamilyTree/TreeSidebar.tsx:53:7
the name `CloseBtn` is defined multiple times
  51 | `;
  52 |
> 53 | const CloseBtn = styled.button`
     |       ^^^^^^^^
  54 |     background: transparent;
  55 |     border: none;
  56 |     color: ${color('textPrimary')};

Ecmascript file had an error

Import traces:
  Browser:
    ./src/components/sections/FamilyTree/TreeSidebar.tsx
    ./src/components/sections/FamilyTree/FamilyTree.tsx
    ./src/pages/tree.tsx

  SSR:
    ./src/components/sections/FamilyTree/TreeSidebar.tsx
    ./src/components/sections/FamilyTree/FamilyTree.tsx
    ./src/pages/tree.tsx @ http://localhost:3000/_next/static/chunks/node_modules_next_dist_0bc8q4g._.js:1952
[   28188ms] [ERROR] ./src/components/sections/FamilyTree/TreeSidebar.tsx:148:7
the name `CondensedMenuItem` is defined multiple times
  146 | `;
  147 |
> 148 | const CondensedMenuItem = styled(MenuItem)`
      |       ^^^^^^^^^^^^^^^^^
  149 |     ${font('mobileBody')};
  150 | `;
  151 |

Ecmascript file had an error

Import traces:
  Browser:
    ./src/components/sections/FamilyTree/TreeSidebar.tsx
    ./src/components/sections/FamilyTree/FamilyTree.tsx
    ./src/pages/tree.tsx

  SSR:
    ./src/components/sections/FamilyTree/TreeSidebar.tsx
    ./src/components/sections/FamilyTree/FamilyTree.tsx
    ./src/pages/tree.tsx @ http://localhost:3000/_next/static/chunks/node_modules_next_dist_0bc8q4g._.js:1952
[   28188ms] [ERROR] ./src/components/sections/FamilyTree/PersonCardModal.tsx:129:7
the name `Empty` is defined multiple times
  127 | `;
  128 |
> 129 | const Empty = styled.div`
      |       ^^^^^
  130 |     ${font('mobileControl')};
  131 |     color: ${color('textPrimary')};
  132 |     opacity: 0.6;

Ecmascript file had an error

Import traces:
  Browser:
    ./src/components/sections/FamilyTree/PersonCardModal.tsx
    ./src/components/sections/FamilyTree/FamilyTree.tsx
    ./src/pages/tree.tsx

  SSR:
    ./src/components/sections/FamilyTree/PersonCardModal.tsx
    ./src/components/sections/FamilyTree/FamilyTree.tsx
    ./src/pages/tree.tsx @ http://localhost:3000/_next/static/chunks/node_modules_next_dist_0bc8q4g._.js:1952
[   28188ms] [ERROR] ./src/components/sections/FamilyTree/PersonCardModal.tsx:61:7
the name `HeroMeta` is defined multiple times
  59 | `;
  60 |
> 61 | const HeroMeta = styled.div`
     |       ^^^^^^^^
  62 |     ${font('mobileControl')};
  63 |     color: ${color('textPrimary')};
  64 |     opacity: 0.75;

Ecmascript file had an error

Import traces:
  Browser:
    ./src/components/sections/FamilyTree/PersonCardModal.tsx
    ./src/components/sections/FamilyTree/FamilyTree.tsx
    ./src/pages/tree.tsx

  SSR:
    ./src/components/sections/FamilyTree/PersonCardModal.tsx
    ./src/components/sections/FamilyTree/FamilyTree.tsx
    ./src/pages/tree.tsx @ http://localhost:3000/_next/static/chunks/node_modules_next_dist_0bc8q4g._.js:1952
[   28188ms] [ERROR] ./src/components/sections/FamilyTree/PersonCardModal.tsx:56:7
the name `HeroName` is defined multiple times
  54 | `;
  55 |
> 56 | const HeroName = styled.div`
     |       ^^^^^^^^
  57 |     ${font('mobileHeader')};
  58 |     color: ${color('textPrimary')};
  59 | `;

Ecmascript file had an error

Import traces:
  Browser:
    ./src/components/sections/FamilyTree/PersonCardModal.tsx
    ./src/components/sections/FamilyTree/FamilyTree.tsx
    ./src/pages/tree.tsx

  SSR:
    ./src/components/sections/FamilyTree/PersonCardModal.tsx
    ./src/components/sections/FamilyTree/FamilyTree.tsx
    ./src/pages/tree.tsx @ http://localhost:3000/_next/static/chunks/node_modules_next_dist_0bc8q4g._.js:1952
[   28188ms] [ERROR] ./src/components/sections/FamilyTree/PersonCardModal.tsx:38:7
the name `Hero` is defined multiple times
  36 | } from './Modal.styled';
  37 |
> 38 | const Hero = styled.div`
     |       ^^^^
  39 |     display: flex;
  40 |     align-items: center;
  41 |     gap: 14px;

Ecmascript file had an error

Import traces:
  Browser:
    ./src/components/sections/FamilyTree/PersonCardModal.tsx
    ./src/components/sections/FamilyTree/FamilyTree.tsx
    ./src/pages/tree.tsx

  SSR:
    ./src/components/sections/FamilyTree/PersonCardModal.tsx
    ./src/components/sections/FamilyTree/FamilyTree.tsx
    ./src/pages/tree.tsx @ http://localhost:3000/_next/static/chunks/node_modules_next_dist_0bc8q4g._.js:1952
[   28188ms] [ERROR] ./src/components/sections/FamilyTree/PersonCardModal.tsx:119:7
the name `ListAvatar` is defined multiple times
  117 | `;
  118 |
> 119 | const ListAvatar = styled.div<{ $photo?: string }>`
      |       ^^^^^^^^^^
  120 |     width: 32px;
  121 |     height: 32px;
  122 |     border-radius: 50%;

Ecmascript file had an error

Import traces:
  Browser:
    ./src/components/sections/FamilyTree/PersonCardModal.tsx
    ./src/components/sections/FamilyTree/FamilyTree.tsx
    ./src/pages/tree.tsx

  SSR:
    ./src/components/sections/FamilyTree/PersonCardModal.tsx
    ./src/components/sections/FamilyTree/FamilyTree.tsx
    ./src/pages/tree.tsx @ http://localhost:3000/_next/static/chunks/node_modules_next_dist_0bc8q4g._.js:1952
[   28188ms] [ERROR] ./src/components/sections/FamilyTree/PersonCardModal.tsx:80:7
the name `ListItem` is defined multiple times
  78 | `;
  79 |
> 80 | const ListItem = styled.button`
     |       ^^^^^^^^
  81 |     flex: 1;
  82 |     background: transparent;
  83 |     border: none;

Ecmascript file had an error

Import traces:
  Browser:
    ./src/components/sections/FamilyTree/PersonCardModal.tsx
    ./src/components/sections/FamilyTree/FamilyTree.tsx
    ./src/pages/tree.tsx

  SSR:
    ./src/components/sections/FamilyTree/PersonCardModal.tsx
    ./src/components/sections/FamilyTree/FamilyTree.tsx
    ./src/pages/tree.tsx @ http://localhost:3000/_next/static/chunks/node_modules_next_dist_0bc8q4g._.js:1952
[   28188ms] [ERROR] ./src/components/sections/FamilyTree/PersonCardModal.tsx:67:7
the name `ListRow` is defined multiple times
  65 | `;
  66 |
> 67 | const ListRow = styled.div`
     |       ^^^^^^^
  68 |     display: flex;
  69 |     align-items: center;
  70 |     gap: 6px;

Ecmascript file had an error

Import traces:
  Browser:
    ./src/components/sections/FamilyTree/PersonCardModal.tsx
    ./src/components/sections/FamilyTree/FamilyTree.tsx
    ./src/pages/tree.tsx

  SSR:
    ./src/components/sections/FamilyTree/PersonCardModal.tsx
    ./src/components/sections/FamilyTree/FamilyTree.tsx
    ./src/pages/tree.tsx @ http://localhost:3000/_next/static/chunks/node_modules_next_dist_0bc8q4g._.js:1952
[   28188ms] [ERROR] ./src/components/sections/FamilyTree/TreeSidebar.tsx:133:7
the name `MenuItem` is defined multiple times
  131 | `;
  132 |
> 133 | const MenuItem = styled.button`
      |       ^^^^^^^^
  134 |     width: 100%;
  135 |     border: 0;
  136 |     background: transparent;

Ecmascript file had an error

Import traces:
  Browser:
    ./src/components/sections/FamilyTree/TreeSidebar.tsx
    ./src/components/sections/FamilyTree/FamilyTree.tsx
    ./src/pages/tree.tsx

  SSR:
    ./src/components/sections/FamilyTree/TreeSidebar.tsx
    ./src/components/sections/FamilyTree/FamilyTree.tsx
    ./src/pages/tree.tsx @ http://localhost:3000/_next/static/chunks/node_modules_next_dist_0bc8q4g._.js:1952
[   28188ms] [ERROR] ./src/components/sections/FamilyTree/TreeSidebar.tsx:124:7
the name `Menu` is defined multiple times
  122 | `;
  123 |
> 124 | const Menu = styled.ul`
      |       ^^^^
  125 |     list-style: none;
  126 |     margin: 0;
  127 |     padding: 8px 22px 22px;

Ecmascript file had an error

Import traces:
  Browser:
    ./src/components/sections/FamilyTree/TreeSidebar.tsx
    ./src/components/sections/FamilyTree/FamilyTree.tsx
    ./src/pages/tree.tsx

  SSR:
    ./src/components/sections/FamilyTree/TreeSidebar.tsx
    ./src/components/sections/FamilyTree/FamilyTree.tsx
    ./src/pages/tree.tsx @ http://localhost:3000/_next/static/chunks/node_modules_next_dist_0bc8q4g._.js:1952
[   28189ms] [ERROR] ./src/components/sections/FamilyTree/TreeSidebar.tsx:24:7
the name `Panel` is defined multiple times
  22 | `;
  23 |
> 24 | const Panel = styled.aside<{ $open: boolean }>`
     |       ^^^^^
  25 |     position: fixed;
  26 |     top: 0;
  27 |     right: 0;

Ecmascript file had an error

Import traces:
  Browser:
    ./src/components/sections/FamilyTree/TreeSidebar.tsx
    ./src/components/sections/FamilyTree/FamilyTree.tsx
    ./src/pages/tree.tsx

  SSR:
    ./src/components/sections/FamilyTree/TreeSidebar.tsx
    ./src/components/sections/FamilyTree/FamilyTree.tsx
    ./src/pages/tree.tsx @ http://localhost:3000/_next/static/chunks/node_modules_next_dist_0bc8q4g._.js:1952
[   28189ms] [ERROR] ./src/components/sections/FamilyTree/PersonCardModal.tsx:95:7
the name `RemoveRelationButton` is defined multiple times
  93 | `;
  94 |
> 95 | const RemoveRelationButton = styled.button`
     |       ^^^^^^^^^^^^^^^^^^^^
  96 |     flex: 0 0 auto;
  97 |     display: inline-flex;
  98 |     align-items: center;

Ecmascript file had an error

Import traces:
  Browser:
    ./src/components/sections/FamilyTree/PersonCardModal.tsx
    ./src/components/sections/FamilyTree/FamilyTree.tsx
    ./src/pages/tree.tsx

  SSR:
    ./src/components/sections/FamilyTree/PersonCardModal.tsx
    ./src/components/sections/FamilyTree/FamilyTree.tsx
    ./src/pages/tree.tsx @ http://localhost:3000/_next/static/chunks/node_modules_next_dist_0bc8q4g._.js:1952
[   28189ms] [ERROR] ./src/components/sections/FamilyTree/TreeSidebar.tsx:43:7
the name `TopBar` is defined multiple times
  41 | `;
  42 |
> 43 | const TopBar = styled.div`
     |       ^^^^^^
  44 |     padding: 18px 22px 12px;
  45 |     display: flex;
  46 |     align-items: center;

Ecmascript file had an error

Import traces:
  Browser:
    ./src/components/sections/FamilyTree/TreeSidebar.tsx
    ./src/components/sections/FamilyTree/FamilyTree.tsx
    ./src/pages/tree.tsx

  SSR:
    ./src/components/sections/FamilyTree/TreeSidebar.tsx
    ./src/components/sections/FamilyTree/FamilyTree.tsx
    ./src/pages/tree.tsx @ http://localhost:3000/_next/static/chunks/node_modules_next_dist_0bc8q4g._.js:1952
[   28189ms] [ERROR] ./src/components/sections/FamilyTree/TreeSidebar.tsx:74:7
the name `TreeSelect` is defined multiple times
  72 | `;
  73 |
> 74 | const TreeSelect = styled.select`
     |       ^^^^^^^^^^
  75 |     width: 100%;
  76 |     background: ${color('cream')};
  77 |     border: 2px solid ${color('forest')};

Ecmascript file had an error

Import traces:
  Browser:
    ./src/components/sections/FamilyTree/TreeSidebar.tsx
    ./src/components/sections/FamilyTree/FamilyTree.tsx
    ./src/pages/tree.tsx

  SSR:
    ./src/components/sections/FamilyTree/TreeSidebar.tsx
    ./src/components/sections/FamilyTree/FamilyTree.tsx
    ./src/pages/tree.tsx @ http://localhost:3000/_next/static/chunks/node_modules_next_dist_0bc8q4g._.js:1952
[   28261ms] [LOG] [Fast Refresh] rebuilding @ http://localhost:3000/_next/static/chunks/node_modules_next_dist_0bc8q4g._.js:1233
[   87987ms] [ERROR] ./src/components/sections/FamilyTree/PersonCardModal.tsx:141:7
the name `ActionButton` is defined multiple times
  139 | `;
  140 |
> 141 | const ActionButton = styled.button`
      |       ^^^^^^^^^^^^
  142 |     background: ${color('landingCta')};
  143 |     color: ${color('white')};
  144 |     border: none;

Ecmascript file had an error

Import traces:
  Browser:
    ./src/components/sections/FamilyTree/PersonCardModal.tsx
    ./src/components/sections/FamilyTree/FamilyTree.tsx
    ./src/pages/tree.tsx

  SSR:
    ./src/components/sections/FamilyTree/PersonCardModal.tsx
    ./src/components/sections/FamilyTree/FamilyTree.tsx
    ./src/pages/tree.tsx @ http://localhost:3000/_next/static/chunks/node_modules_next_dist_0bc8q4g._.js:1952
[   87987ms] [ERROR] ./src/components/sections/FamilyTree/PersonCardModal.tsx:135:7
the name `ActionRow` is defined multiple times
  133 | `;
  134 |
> 135 | const ActionRow = styled.div`
      |       ^^^^^^^^^
  136 |     margin-top: 12px;
  137 |     display: flex;
  138 |     gap: 8px;

Ecmascript file had an error

Import traces:
  Browser:
    ./src/components/sections/FamilyTree/PersonCardModal.tsx
    ./src/components/sections/FamilyTree/FamilyTree.tsx
    ./src/pages/tree.tsx

  SSR:
    ./src/components/sections/FamilyTree/PersonCardModal.tsx
    ./src/components/sections/FamilyTree/FamilyTree.tsx
    ./src/pages/tree.tsx @ http://localhost:3000/_next/static/chunks/node_modules_next_dist_0bc8q4g._.js:1952
[   87987ms] [ERROR] ./src/components/sections/FamilyTree/PersonCardModal.tsx:45:7
the name `Avatar` is defined multiple times
  43 | `;
  44 |
> 45 | const Avatar = styled.div<{ $photo?: string }>`
     |       ^^^^^^
  46 |     width: 64px;
  47 |     height: 64px;
  48 |     border-radius: 50%;

Ecmascript file had an error

Import traces:
  Browser:
    ./src/components/sections/FamilyTree/PersonCardModal.tsx
    ./src/components/sections/FamilyTree/FamilyTree.tsx
    ./src/pages/tree.tsx

  SSR:
    ./src/components/sections/FamilyTree/PersonCardModal.tsx
    ./src/components/sections/FamilyTree/FamilyTree.tsx
    ./src/pages/tree.tsx @ http://localhost:3000/_next/static/chunks/node_modules_next_dist_0bc8q4g._.js:1952
[   87987ms] [ERROR] ./src/components/sections/FamilyTree/TreeSidebar.tsx:14:7
the name `Backdrop` is defined multiple times
  12 | } from './TreeSidebar.styled';
  13 |
> 14 | const Backdrop = styled.div<{ $open: boolean }>`
     |       ^^^^^^^^
  15 |     position: fixed;
  16 |     inset: 0;
  17 |     background: ${color('black', 0.18)};

Ecmascript file had an error

Import traces:
  Browser:
    ./src/components/sections/FamilyTree/TreeSidebar.tsx
    ./src/components/sections/FamilyTree/FamilyTree.tsx
    ./src/pages/tree.tsx

  SSR:
    ./src/components/sections/FamilyTree/TreeSidebar.tsx
    ./src/components/sections/FamilyTree/FamilyTree.tsx
    ./src/pages/tree.tsx @ http://localhost:3000/_next/static/chunks/node_modules_next_dist_0bc8q4g._.js:1952
[   87987ms] [ERROR] ./src/components/sections/FamilyTree/TreeSidebar.tsx:53:7
the name `CloseBtn` is defined multiple times
  51 | `;
  52 |
> 53 | const CloseBtn = styled.button`
     |       ^^^^^^^^
  54 |     background: transparent;
  55 |     border: none;
  56 |     color: ${color('textPrimary')};

Ecmascript file had an error

Import traces:
  Browser:
    ./src/components/sections/FamilyTree/TreeSidebar.tsx
    ./src/components/sections/FamilyTree/FamilyTree.tsx
    ./src/pages/tree.tsx

  SSR:
    ./src/components/sections/FamilyTree/TreeSidebar.tsx
    ./src/components/sections/FamilyTree/FamilyTree.tsx
    ./src/pages/tree.tsx @ http://localhost:3000/_next/static/chunks/node_modules_next_dist_0bc8q4g._.js:1952
[   87987ms] [ERROR] ./src/components/sections/FamilyTree/TreeSidebar.tsx:148:7
the name `CondensedMenuItem` is defined multiple times
  146 | `;
  147 |
> 148 | const CondensedMenuItem = styled(MenuItem)`
      |       ^^^^^^^^^^^^^^^^^
  149 |     ${font('mobileBody')};
  150 | `;
  151 |

Ecmascript file had an error

Import traces:
  Browser:
    ./src/components/sections/FamilyTree/TreeSidebar.tsx
    ./src/components/sections/FamilyTree/FamilyTree.tsx
    ./src/pages/tree.tsx

  SSR:
    ./src/components/sections/FamilyTree/TreeSidebar.tsx
    ./src/components/sections/FamilyTree/FamilyTree.tsx
    ./src/pages/tree.tsx @ http://localhost:3000/_next/static/chunks/node_modules_next_dist_0bc8q4g._.js:1952
[   87987ms] [ERROR] ./src/components/sections/FamilyTree/PersonCardModal.tsx:129:7
the name `Empty` is defined multiple times
  127 | `;
  128 |
> 129 | const Empty = styled.div`
      |       ^^^^^
  130 |     ${font('mobileControl')};
  131 |     color: ${color('textPrimary')};
  132 |     opacity: 0.6;

Ecmascript file had an error

Import traces:
  Browser:
    ./src/components/sections/FamilyTree/PersonCardModal.tsx
    ./src/components/sections/FamilyTree/FamilyTree.tsx
    ./src/pages/tree.tsx

  SSR:
    ./src/components/sections/FamilyTree/PersonCardModal.tsx
    ./src/components/sections/FamilyTree/FamilyTree.tsx
    ./src/pages/tree.tsx @ http://localhost:3000/_next/static/chunks/node_modules_next_dist_0bc8q4g._.js:1952
[   87987ms] [ERROR] ./src/components/sections/FamilyTree/PersonCardModal.tsx:61:7
the name `HeroMeta` is defined multiple times
  59 | `;
  60 |
> 61 | const HeroMeta = styled.div`
     |       ^^^^^^^^
  62 |     ${font('mobileControl')};
  63 |     color: ${color('textPrimary')};
  64 |     opacity: 0.75;

Ecmascript file had an error

Import traces:
  Browser:
    ./src/components/sections/FamilyTree/PersonCardModal.tsx
    ./src/components/sections/FamilyTree/FamilyTree.tsx
    ./src/pages/tree.tsx

  SSR:
    ./src/components/sections/FamilyTree/PersonCardModal.tsx
    ./src/components/sections/FamilyTree/FamilyTree.tsx
    ./src/pages/tree.tsx @ http://localhost:3000/_next/static/chunks/node_modules_next_dist_0bc8q4g._.js:1952
[   87987ms] [ERROR] ./src/components/sections/FamilyTree/PersonCardModal.tsx:56:7
the name `HeroName` is defined multiple times
  54 | `;
  55 |
> 56 | const HeroName = styled.div`
     |       ^^^^^^^^
  57 |     ${font('mobileHeader')};
  58 |     color: ${color('textPrimary')};
  59 | `;

Ecmascript file had an error

Import traces:
  Browser:
    ./src/components/sections/FamilyTree/PersonCardModal.tsx
    ./src/components/sections/FamilyTree/FamilyTree.tsx
    ./src/pages/tree.tsx

  SSR:
    ./src/components/sections/FamilyTree/PersonCardModal.tsx
    ./src/components/sections/FamilyTree/FamilyTree.tsx
    ./src/pages/tree.tsx @ http://localhost:3000/_next/static/chunks/node_modules_next_dist_0bc8q4g._.js:1952
[   87987ms] [ERROR] ./src/components/sections/FamilyTree/PersonCardModal.tsx:38:7
the name `Hero` is defined multiple times
  36 | } from './Modal.styled';
  37 |
> 38 | const Hero = styled.div`
     |       ^^^^
  39 |     display: flex;
  40 |     align-items: center;
  41 |     gap: 14px;

Ecmascript file had an error

Import traces:
  Browser:
    ./src/components/sections/FamilyTree/PersonCardModal.tsx
    ./src/components/sections/FamilyTree/FamilyTree.tsx
    ./src/pages/tree.tsx

  SSR:
    ./src/components/sections/FamilyTree/PersonCardModal.tsx
    ./src/components/sections/FamilyTree/FamilyTree.tsx
    ./src/pages/tree.tsx @ http://localhost:3000/_next/static/chunks/node_modules_next_dist_0bc8q4g._.js:1952
[   87988ms] [ERROR] ./src/components/sections/FamilyTree/PersonCardModal.tsx:119:7
the name `ListAvatar` is defined multiple times
  117 | `;
  118 |
> 119 | const ListAvatar = styled.div<{ $photo?: string }>`
      |       ^^^^^^^^^^
  120 |     width: 32px;
  121 |     height: 32px;
  122 |     border-radius: 50%;

Ecmascript file had an error

Import traces:
  Browser:
    ./src/components/sections/FamilyTree/PersonCardModal.tsx
    ./src/components/sections/FamilyTree/FamilyTree.tsx
    ./src/pages/tree.tsx

  SSR:
    ./src/components/sections/FamilyTree/PersonCardModal.tsx
    ./src/components/sections/FamilyTree/FamilyTree.tsx
    ./src/pages/tree.tsx @ http://localhost:3000/_next/static/chunks/node_modules_next_dist_0bc8q4g._.js:1952
[   87988ms] [ERROR] ./src/components/sections/FamilyTree/PersonCardModal.tsx:80:7
the name `ListItem` is defined multiple times
  78 | `;
  79 |
> 80 | const ListItem = styled.button`
     |       ^^^^^^^^
  81 |     flex: 1;
  82 |     background: transparent;
  83 |     border: none;

Ecmascript file had an error

Import traces:
  Browser:
    ./src/components/sections/FamilyTree/PersonCardModal.tsx
    ./src/components/sections/FamilyTree/FamilyTree.tsx
    ./src/pages/tree.tsx

  SSR:
    ./src/components/sections/FamilyTree/PersonCardModal.tsx
    ./src/components/sections/FamilyTree/FamilyTree.tsx
    ./src/pages/tree.tsx @ http://localhost:3000/_next/static/chunks/node_modules_next_dist_0bc8q4g._.js:1952
[   87988ms] [ERROR] ./src/components/sections/FamilyTree/PersonCardModal.tsx:67:7
the name `ListRow` is defined multiple times
  65 | `;
  66 |
> 67 | const ListRow = styled.div`
     |       ^^^^^^^
  68 |     display: flex;
  69 |     align-items: center;
  70 |     gap: 6px;

Ecmascript file had an error

Import traces:
  Browser:
    ./src/components/sections/FamilyTree/PersonCardModal.tsx
    ./src/components/sections/FamilyTree/FamilyTree.tsx
    ./src/pages/tree.tsx

  SSR:
    ./src/components/sections/FamilyTree/PersonCardModal.tsx
    ./src/components/sections/FamilyTree/FamilyTree.tsx
    ./src/pages/tree.tsx @ http://localhost:3000/_next/static/chunks/node_modules_next_dist_0bc8q4g._.js:1952
[   87988ms] [ERROR] ./src/components/sections/FamilyTree/TreeSidebar.tsx:133:7
the name `MenuItem` is defined multiple times
  131 | `;
  132 |
> 133 | const MenuItem = styled.button`
      |       ^^^^^^^^
  134 |     width: 100%;
  135 |     border: 0;
  136 |     background: transparent;

Ecmascript file had an error

Import traces:
  Browser:
    ./src/components/sections/FamilyTree/TreeSidebar.tsx
    ./src/components/sections/FamilyTree/FamilyTree.tsx
    ./src/pages/tree.tsx

  SSR:
    ./src/components/sections/FamilyTree/TreeSidebar.tsx
    ./src/components/sections/FamilyTree/FamilyTree.tsx
    ./src/pages/tree.tsx @ http://localhost:3000/_next/static/chunks/node_modules_next_dist_0bc8q4g._.js:1952
[   87988ms] [ERROR] ./src/components/sections/FamilyTree/TreeSidebar.tsx:124:7
the name `Menu` is defined multiple times
  122 | `;
  123 |
> 124 | const Menu = styled.ul`
      |       ^^^^
  125 |     list-style: none;
  126 |     margin: 0;
  127 |     padding: 8px 22px 22px;

Ecmascript file had an error

Import traces:
  Browser:
    ./src/components/sections/FamilyTree/TreeSidebar.tsx
    ./src/components/sections/FamilyTree/FamilyTree.tsx
    ./src/pages/tree.tsx

  SSR:
    ./src/components/sections/FamilyTree/TreeSidebar.tsx
    ./src/components/sections/FamilyTree/FamilyTree.tsx
    ./src/pages/tree.tsx @ http://localhost:3000/_next/static/chunks/node_modules_next_dist_0bc8q4g._.js:1952
[   87988ms] [ERROR] ./src/components/sections/FamilyTree/TreeSidebar.tsx:24:7
the name `Panel` is defined multiple times
  22 | `;
  23 |
> 24 | const Panel = styled.aside<{ $open: boolean }>`
     |       ^^^^^
  25 |     position: fixed;
  26 |     top: 0;
  27 |     right: 0;

Ecmascript file had an error

Import traces:
  Browser:
    ./src/components/sections/FamilyTree/TreeSidebar.tsx
    ./src/components/sections/FamilyTree/FamilyTree.tsx
    ./src/pages/tree.tsx

  SSR:
    ./src/components/sections/FamilyTree/TreeSidebar.tsx
    ./src/components/sections/FamilyTree/FamilyTree.tsx
    ./src/pages/tree.tsx @ http://localhost:3000/_next/static/chunks/node_modules_next_dist_0bc8q4g._.js:1952
[   87988ms] [ERROR] ./src/components/sections/FamilyTree/PersonCardModal.tsx:95:7
the name `RemoveRelationButton` is defined multiple times
  93 | `;
  94 |
> 95 | const RemoveRelationButton = styled.button`
     |       ^^^^^^^^^^^^^^^^^^^^
  96 |     flex: 0 0 auto;
  97 |     display: inline-flex;
  98 |     align-items: center;

Ecmascript file had an error

Import traces:
  Browser:
    ./src/components/sections/FamilyTree/PersonCardModal.tsx
    ./src/components/sections/FamilyTree/FamilyTree.tsx
    ./src/pages/tree.tsx

  SSR:
    ./src/components/sections/FamilyTree/PersonCardModal.tsx
    ./src/components/sections/FamilyTree/FamilyTree.tsx
    ./src/pages/tree.tsx @ http://localhost:3000/_next/static/chunks/node_modules_next_dist_0bc8q4g._.js:1952
[   87988ms] [ERROR] ./src/components/sections/FamilyTree/TreeSidebar.tsx:43:7
the name `TopBar` is defined multiple times
  41 | `;
  42 |
> 43 | const TopBar = styled.div`
     |       ^^^^^^
  44 |     padding: 18px 22px 12px;
  45 |     display: flex;
  46 |     align-items: center;

Ecmascript file had an error

Import traces:
  Browser:
    ./src/components/sections/FamilyTree/TreeSidebar.tsx
    ./src/components/sections/FamilyTree/FamilyTree.tsx
    ./src/pages/tree.tsx

  SSR:
    ./src/components/sections/FamilyTree/TreeSidebar.tsx
    ./src/components/sections/FamilyTree/FamilyTree.tsx
    ./src/pages/tree.tsx @ http://localhost:3000/_next/static/chunks/node_modules_next_dist_0bc8q4g._.js:1952
[   87988ms] [ERROR] ./src/components/sections/FamilyTree/TreeSidebar.tsx:74:7
the name `TreeSelect` is defined multiple times
  72 | `;
  73 |
> 74 | const TreeSelect = styled.select`
     |       ^^^^^^^^^^
  75 |     width: 100%;
  76 |     background: ${color('cream')};
  77 |     border: 2px solid ${color('forest')};

Ecmascript file had an error

Import traces:
  Browser:
    ./src/components/sections/FamilyTree/TreeSidebar.tsx
    ./src/components/sections/FamilyTree/FamilyTree.tsx
    ./src/pages/tree.tsx

  SSR:
    ./src/components/sections/FamilyTree/TreeSidebar.tsx
    ./src/components/sections/FamilyTree/FamilyTree.tsx
    ./src/pages/tree.tsx @ http://localhost:3000/_next/static/chunks/node_modules_next_dist_0bc8q4g._.js:1952
[   88059ms] [LOG] [Fast Refresh] rebuilding @ http://localhost:3000/_next/static/chunks/node_modules_next_dist_0bc8q4g._.js:1233
[  147992ms] [ERROR] ./src/components/sections/FamilyTree/PersonCardModal.tsx:141:7
the name `ActionButton` is defined multiple times
  139 | `;
  140 |
> 141 | const ActionButton = styled.button`
      |       ^^^^^^^^^^^^
  142 |     background: ${color('landingCta')};
  143 |     color: ${color('white')};
  144 |     border: none;

Ecmascript file had an error

Import traces:
  Browser:
    ./src/components/sections/FamilyTree/PersonCardModal.tsx
    ./src/components/sections/FamilyTree/FamilyTree.tsx
    ./src/pages/tree.tsx

  SSR:
    ./src/components/sections/FamilyTree/PersonCardModal.tsx
    ./src/components/sections/FamilyTree/FamilyTree.tsx
    ./src/pages/tree.tsx @ http://localhost:3000/_next/static/chunks/node_modules_next_dist_0bc8q4g._.js:1952
[  147993ms] [ERROR] ./src/components/sections/FamilyTree/PersonCardModal.tsx:135:7
the name `ActionRow` is defined multiple times
  133 | `;
  134 |
> 135 | const ActionRow = styled.div`
      |       ^^^^^^^^^
  136 |     margin-top: 12px;
  137 |     display: flex;
  138 |     gap: 8px;

Ecmascript file had an error

Import traces:
  Browser:
    ./src/components/sections/FamilyTree/PersonCardModal.tsx
    ./src/components/sections/FamilyTree/FamilyTree.tsx
    ./src/pages/tree.tsx

  SSR:
    ./src/components/sections/FamilyTree/PersonCardModal.tsx
    ./src/components/sections/FamilyTree/FamilyTree.tsx
    ./src/pages/tree.tsx @ http://localhost:3000/_next/static/chunks/node_modules_next_dist_0bc8q4g._.js:1952
[  147993ms] [ERROR] ./src/components/sections/FamilyTree/PersonCardModal.tsx:45:7
the name `Avatar` is defined multiple times
  43 | `;
  44 |
> 45 | const Avatar = styled.div<{ $photo?: string }>`
     |       ^^^^^^
  46 |     width: 64px;
  47 |     height: 64px;
  48 |     border-radius: 50%;

Ecmascript file had an error

Import traces:
  Browser:
    ./src/components/sections/FamilyTree/PersonCardModal.tsx
    ./src/components/sections/FamilyTree/FamilyTree.tsx
    ./src/pages/tree.tsx

  SSR:
    ./src/components/sections/FamilyTree/PersonCardModal.tsx
    ./src/components/sections/FamilyTree/FamilyTree.tsx
    ./src/pages/tree.tsx @ http://localhost:3000/_next/static/chunks/node_modules_next_dist_0bc8q4g._.js:1952
[  147993ms] [ERROR] ./src/components/sections/FamilyTree/TreeSidebar.tsx:14:7
the name `Backdrop` is defined multiple times
  12 | } from './TreeSidebar.styled';
  13 |
> 14 | const Backdrop = styled.div<{ $open: boolean }>`
     |       ^^^^^^^^
  15 |     position: fixed;
  16 |     inset: 0;
  17 |     background: ${color('black', 0.18)};

Ecmascript file had an error

Import traces:
  Browser:
    ./src/components/sections/FamilyTree/TreeSidebar.tsx
    ./src/components/sections/FamilyTree/FamilyTree.tsx
    ./src/pages/tree.tsx

  SSR:
    ./src/components/sections/FamilyTree/TreeSidebar.tsx
    ./src/components/sections/FamilyTree/FamilyTree.tsx
    ./src/pages/tree.tsx @ http://localhost:3000/_next/static/chunks/node_modules_next_dist_0bc8q4g._.js:1952
[  147993ms] [ERROR] ./src/components/sections/FamilyTree/TreeSidebar.tsx:53:7
the name `CloseBtn` is defined multiple times
  51 | `;
  52 |
> 53 | const CloseBtn = styled.button`
     |       ^^^^^^^^
  54 |     background: transparent;
  55 |     border: none;
  56 |     color: ${color('textPrimary')};

Ecmascript file had an error

Import traces:
  Browser:
    ./src/components/sections/FamilyTree/TreeSidebar.tsx
    ./src/components/sections/FamilyTree/FamilyTree.tsx
    ./src/pages/tree.tsx

  SSR:
    ./src/components/sections/FamilyTree/TreeSidebar.tsx
    ./src/components/sections/FamilyTree/FamilyTree.tsx
    ./src/pages/tree.tsx @ http://localhost:3000/_next/static/chunks/node_modules_next_dist_0bc8q4g._.js:1952
[  147994ms] [ERROR] ./src/components/sections/FamilyTree/TreeSidebar.tsx:148:7
the name `CondensedMenuItem` is defined multiple times
  146 | `;
  147 |
> 148 | const CondensedMenuItem = styled(MenuItem)`
      |       ^^^^^^^^^^^^^^^^^
  149 |     ${font('mobileBody')};
  150 | `;
  151 |

Ecmascript file had an error

Import traces:
  Browser:
    ./src/components/sections/FamilyTree/TreeSidebar.tsx
    ./src/components/sections/FamilyTree/FamilyTree.tsx
    ./src/pages/tree.tsx

  SSR:
    ./src/components/sections/FamilyTree/TreeSidebar.tsx
    ./src/components/sections/FamilyTree/FamilyTree.tsx
    ./src/pages/tree.tsx @ http://localhost:3000/_next/static/chunks/node_modules_next_dist_0bc8q4g._.js:1952
[  147994ms] [ERROR] ./src/components/sections/FamilyTree/PersonCardModal.tsx:129:7
the name `Empty` is defined multiple times
  127 | `;
  128 |
> 129 | const Empty = styled.div`
      |       ^^^^^
  130 |     ${font('mobileControl')};
  131 |     color: ${color('textPrimary')};
  132 |     opacity: 0.6;

Ecmascript file had an error

Import traces:
  Browser:
    ./src/components/sections/FamilyTree/PersonCardModal.tsx
    ./src/components/sections/FamilyTree/FamilyTree.tsx
    ./src/pages/tree.tsx

  SSR:
    ./src/components/sections/FamilyTree/PersonCardModal.tsx
    ./src/components/sections/FamilyTree/FamilyTree.tsx
    ./src/pages/tree.tsx @ http://localhost:3000/_next/static/chunks/node_modules_next_dist_0bc8q4g._.js:1952
[  147994ms] [ERROR] ./src/components/sections/FamilyTree/PersonCardModal.tsx:61:7
the name `HeroMeta` is defined multiple times
  59 | `;
  60 |
> 61 | const HeroMeta = styled.div`
     |       ^^^^^^^^
  62 |     ${font('mobileControl')};
  63 |     color: ${color('textPrimary')};
  64 |     opacity: 0.75;

Ecmascript file had an error

Import traces:
  Browser:
    ./src/components/sections/FamilyTree/PersonCardModal.tsx
    ./src/components/sections/FamilyTree/FamilyTree.tsx
    ./src/pages/tree.tsx

  SSR:
    ./src/components/sections/FamilyTree/PersonCardModal.tsx
    ./src/components/sections/FamilyTree/FamilyTree.tsx
    ./src/pages/tree.tsx @ http://localhost:3000/_next/static/chunks/node_modules_next_dist_0bc8q4g._.js:1952
[  147994ms] [ERROR] ./src/components/sections/FamilyTree/PersonCardModal.tsx:56:7
the name `HeroName` is defined multiple times
  54 | `;
  55 |
> 56 | const HeroName = styled.div`
     |       ^^^^^^^^
  57 |     ${font('mobileHeader')};
  58 |     color: ${color('textPrimary')};
  59 | `;

Ecmascript file had an error

Import traces:
  Browser:
    ./src/components/sections/FamilyTree/PersonCardModal.tsx
    ./src/components/sections/FamilyTree/FamilyTree.tsx
    ./src/pages/tree.tsx

  SSR:
    ./src/components/sections/FamilyTree/PersonCardModal.tsx
    ./src/components/sections/FamilyTree/FamilyTree.tsx
    ./src/pages/tree.tsx @ http://localhost:3000/_next/static/chunks/node_modules_next_dist_0bc8q4g._.js:1952
[  147994ms] [ERROR] ./src/components/sections/FamilyTree/PersonCardModal.tsx:38:7
the name `Hero` is defined multiple times
  36 | } from './Modal.styled';
  37 |
> 38 | const Hero = styled.div`
     |       ^^^^
  39 |     display: flex;
  40 |     align-items: center;
  41 |     gap: 14px;

Ecmascript file had an error

Import traces:
  Browser:
    ./src/components/sections/FamilyTree/PersonCardModal.tsx
    ./src/components/sections/FamilyTree/FamilyTree.tsx
    ./src/pages/tree.tsx

  SSR:
    ./src/components/sections/FamilyTree/PersonCardModal.tsx
    ./src/components/sections/FamilyTree/FamilyTree.tsx
    ./src/pages/tree.tsx @ http://localhost:3000/_next/static/chunks/node_modules_next_dist_0bc8q4g._.js:1952
[  147994ms] [ERROR] ./src/components/sections/FamilyTree/PersonCardModal.tsx:119:7
the name `ListAvatar` is defined multiple times
  117 | `;
  118 |
> 119 | const ListAvatar = styled.div<{ $photo?: string }>`
      |       ^^^^^^^^^^
  120 |     width: 32px;
  121 |     height: 32px;
  122 |     border-radius: 50%;

Ecmascript file had an error

Import traces:
  Browser:
    ./src/components/sections/FamilyTree/PersonCardModal.tsx
    ./src/components/sections/FamilyTree/FamilyTree.tsx
    ./src/pages/tree.tsx

  SSR:
    ./src/components/sections/FamilyTree/PersonCardModal.tsx
    ./src/components/sections/FamilyTree/FamilyTree.tsx
    ./src/pages/tree.tsx @ http://localhost:3000/_next/static/chunks/node_modules_next_dist_0bc8q4g._.js:1952
[  147994ms] [ERROR] ./src/components/sections/FamilyTree/PersonCardModal.tsx:80:7
the name `ListItem` is defined multiple times
  78 | `;
  79 |
> 80 | const ListItem = styled.button`
     |       ^^^^^^^^
  81 |     flex: 1;
  82 |     background: transparent;
  83 |     border: none;

Ecmascript file had an error

Import traces:
  Browser:
    ./src/components/sections/FamilyTree/PersonCardModal.tsx
    ./src/components/sections/FamilyTree/FamilyTree.tsx
    ./src/pages/tree.tsx

  SSR:
    ./src/components/sections/FamilyTree/PersonCardModal.tsx
    ./src/components/sections/FamilyTree/FamilyTree.tsx
    ./src/pages/tree.tsx @ http://localhost:3000/_next/static/chunks/node_modules_next_dist_0bc8q4g._.js:1952
[  147994ms] [ERROR] ./src/components/sections/FamilyTree/PersonCardModal.tsx:67:7
the name `ListRow` is defined multiple times
  65 | `;
  66 |
> 67 | const ListRow = styled.div`
     |       ^^^^^^^
  68 |     display: flex;
  69 |     align-items: center;
  70 |     gap: 6px;

Ecmascript file had an error

Import traces:
  Browser:
    ./src/components/sections/FamilyTree/PersonCardModal.tsx
    ./src/components/sections/FamilyTree/FamilyTree.tsx
    ./src/pages/tree.tsx

  SSR:
    ./src/components/sections/FamilyTree/PersonCardModal.tsx
    ./src/components/sections/FamilyTree/FamilyTree.tsx
    ./src/pages/tree.tsx @ http://localhost:3000/_next/static/chunks/node_modules_next_dist_0bc8q4g._.js:1952
[  147994ms] [ERROR] ./src/components/sections/FamilyTree/TreeSidebar.tsx:133:7
the name `MenuItem` is defined multiple times
  131 | `;
  132 |
> 133 | const MenuItem = styled.button`
      |       ^^^^^^^^
  134 |     width: 100%;
  135 |     border: 0;
  136 |     background: transparent;

Ecmascript file had an error

Import traces:
  Browser:
    ./src/components/sections/FamilyTree/TreeSidebar.tsx
    ./src/components/sections/FamilyTree/FamilyTree.tsx
    ./src/pages/tree.tsx

  SSR:
    ./src/components/sections/FamilyTree/TreeSidebar.tsx
    ./src/components/sections/FamilyTree/FamilyTree.tsx
    ./src/pages/tree.tsx @ http://localhost:3000/_next/static/chunks/node_modules_next_dist_0bc8q4g._.js:1952
[  147994ms] [ERROR] ./src/components/sections/FamilyTree/TreeSidebar.tsx:124:7
the name `Menu` is defined multiple times
  122 | `;
  123 |
> 124 | const Menu = styled.ul`
      |       ^^^^
  125 |     list-style: none;
  126 |     margin: 0;
  127 |     padding: 8px 22px 22px;

Ecmascript file had an error

Import traces:
  Browser:
    ./src/components/sections/FamilyTree/TreeSidebar.tsx
    ./src/components/sections/FamilyTree/FamilyTree.tsx
    ./src/pages/tree.tsx

  SSR:
    ./src/components/sections/FamilyTree/TreeSidebar.tsx
    ./src/components/sections/FamilyTree/FamilyTree.tsx
    ./src/pages/tree.tsx @ http://localhost:3000/_next/static/chunks/node_modules_next_dist_0bc8q4g._.js:1952
[  147995ms] [ERROR] ./src/components/sections/FamilyTree/TreeSidebar.tsx:24:7
the name `Panel` is defined multiple times
  22 | `;
  23 |
> 24 | const Panel = styled.aside<{ $open: boolean }>`
     |       ^^^^^
  25 |     position: fixed;
  26 |     top: 0;
  27 |     right: 0;

Ecmascript file had an error

Import traces:
  Browser:
    ./src/components/sections/FamilyTree/TreeSidebar.tsx
    ./src/components/sections/FamilyTree/FamilyTree.tsx
    ./src/pages/tree.tsx

  SSR:
    ./src/components/sections/FamilyTree/TreeSidebar.tsx
    ./src/components/sections/FamilyTree/FamilyTree.tsx
    ./src/pages/tree.tsx @ http://localhost:3000/_next/static/chunks/node_modules_next_dist_0bc8q4g._.js:1952
[  147995ms] [ERROR] ./src/components/sections/FamilyTree/PersonCardModal.tsx:95:7
the name `RemoveRelationButton` is defined multiple times
  93 | `;
  94 |
> 95 | const RemoveRelationButton = styled.button`
     |       ^^^^^^^^^^^^^^^^^^^^
  96 |     flex: 0 0 auto;
  97 |     display: inline-flex;
  98 |     align-items: center;

Ecmascript file had an error

Import traces:
  Browser:
    ./src/components/sections/FamilyTree/PersonCardModal.tsx
    ./src/components/sections/FamilyTree/FamilyTree.tsx
    ./src/pages/tree.tsx

  SSR:
    ./src/components/sections/FamilyTree/PersonCardModal.tsx
    ./src/components/sections/FamilyTree/FamilyTree.tsx
    ./src/pages/tree.tsx @ http://localhost:3000/_next/static/chunks/node_modules_next_dist_0bc8q4g._.js:1952
[  147995ms] [ERROR] ./src/components/sections/FamilyTree/TreeSidebar.tsx:43:7
the name `TopBar` is defined multiple times
  41 | `;
  42 |
> 43 | const TopBar = styled.div`
     |       ^^^^^^
  44 |     padding: 18px 22px 12px;
  45 |     display: flex;
  46 |     align-items: center;

Ecmascript file had an error

Import traces:
  Browser:
    ./src/components/sections/FamilyTree/TreeSidebar.tsx
    ./src/components/sections/FamilyTree/FamilyTree.tsx
    ./src/pages/tree.tsx

  SSR:
    ./src/components/sections/FamilyTree/TreeSidebar.tsx
    ./src/components/sections/FamilyTree/FamilyTree.tsx
    ./src/pages/tree.tsx @ http://localhost:3000/_next/static/chunks/node_modules_next_dist_0bc8q4g._.js:1952
[  147995ms] [ERROR] ./src/components/sections/FamilyTree/TreeSidebar.tsx:74:7
the name `TreeSelect` is defined multiple times
  72 | `;
  73 |
> 74 | const TreeSelect = styled.select`
     |       ^^^^^^^^^^
  75 |     width: 100%;
  76 |     background: ${color('cream')};
  77 |     border: 2px solid ${color('forest')};

Ecmascript file had an error

Import traces:
  Browser:
    ./src/components/sections/FamilyTree/TreeSidebar.tsx
    ./src/components/sections/FamilyTree/FamilyTree.tsx
    ./src/pages/tree.tsx

  SSR:
    ./src/components/sections/FamilyTree/TreeSidebar.tsx
    ./src/components/sections/FamilyTree/FamilyTree.tsx
    ./src/pages/tree.tsx @ http://localhost:3000/_next/static/chunks/node_modules_next_dist_0bc8q4g._.js:1952
[  148081ms] [LOG] [Fast Refresh] rebuilding @ http://localhost:3000/_next/static/chunks/node_modules_next_dist_0bc8q4g._.js:1233
[  207990ms] [ERROR] ./src/components/sections/FamilyTree/PersonCardModal.tsx:141:7
the name `ActionButton` is defined multiple times
  139 | `;
  140 |
> 141 | const ActionButton = styled.button`
      |       ^^^^^^^^^^^^
  142 |     background: ${color('landingCta')};
  143 |     color: ${color('white')};
  144 |     border: none;

Ecmascript file had an error

Import traces:
  Browser:
    ./src/components/sections/FamilyTree/PersonCardModal.tsx
    ./src/components/sections/FamilyTree/FamilyTree.tsx
    ./src/pages/tree.tsx

  SSR:
    ./src/components/sections/FamilyTree/PersonCardModal.tsx
    ./src/components/sections/FamilyTree/FamilyTree.tsx
    ./src/pages/tree.tsx @ http://localhost:3000/_next/static/chunks/node_modules_next_dist_0bc8q4g._.js:1952
[  207990ms] [ERROR] ./src/components/sections/FamilyTree/PersonCardModal.tsx:135:7
the name `ActionRow` is defined multiple times
  133 | `;
  134 |
> 135 | const ActionRow = styled.div`
      |       ^^^^^^^^^
  136 |     margin-top: 12px;
  137 |     display: flex;
  138 |     gap: 8px;

Ecmascript file had an error

Import traces:
  Browser:
    ./src/components/sections/FamilyTree/PersonCardModal.tsx
    ./src/components/sections/FamilyTree/FamilyTree.tsx
    ./src/pages/tree.tsx

  SSR:
    ./src/components/sections/FamilyTree/PersonCardModal.tsx
    ./src/components/sections/FamilyTree/FamilyTree.tsx
    ./src/pages/tree.tsx @ http://localhost:3000/_next/static/chunks/node_modules_next_dist_0bc8q4g._.js:1952
[  207990ms] [ERROR] ./src/components/sections/FamilyTree/PersonCardModal.tsx:45:7
the name `Avatar` is defined multiple times
  43 | `;
  44 |
> 45 | const Avatar = styled.div<{ $photo?: string }>`
     |       ^^^^^^
  46 |     width: 64px;
  47 |     height: 64px;
  48 |     border-radius: 50%;

Ecmascript file had an error

Import traces:
  Browser:
    ./src/components/sections/FamilyTree/PersonCardModal.tsx
    ./src/components/sections/FamilyTree/FamilyTree.tsx
    ./src/pages/tree.tsx

  SSR:
    ./src/components/sections/FamilyTree/PersonCardModal.tsx
    ./src/components/sections/FamilyTree/FamilyTree.tsx
    ./src/pages/tree.tsx @ http://localhost:3000/_next/static/chunks/node_modules_next_dist_0bc8q4g._.js:1952
[  207990ms] [ERROR] ./src/components/sections/FamilyTree/TreeSidebar.tsx:14:7
the name `Backdrop` is defined multiple times
  12 | } from './TreeSidebar.styled';
  13 |
> 14 | const Backdrop = styled.div<{ $open: boolean }>`
     |       ^^^^^^^^
  15 |     position: fixed;
  16 |     inset: 0;
  17 |     background: ${color('black', 0.18)};

Ecmascript file had an error

Import traces:
  Browser:
    ./src/components/sections/FamilyTree/TreeSidebar.tsx
    ./src/components/sections/FamilyTree/FamilyTree.tsx
    ./src/pages/tree.tsx

  SSR:
    ./src/components/sections/FamilyTree/TreeSidebar.tsx
    ./src/components/sections/FamilyTree/FamilyTree.tsx
    ./src/pages/tree.tsx @ http://localhost:3000/_next/static/chunks/node_modules_next_dist_0bc8q4g._.js:1952
[  207990ms] [ERROR] ./src/components/sections/FamilyTree/TreeSidebar.tsx:53:7
the name `CloseBtn` is defined multiple times
  51 | `;
  52 |
> 53 | const CloseBtn = styled.button`
     |       ^^^^^^^^
  54 |     background: transparent;
  55 |     border: none;
  56 |     color: ${color('textPrimary')};

Ecmascript file had an error

Import traces:
  Browser:
    ./src/components/sections/FamilyTree/TreeSidebar.tsx
    ./src/components/sections/FamilyTree/FamilyTree.tsx
    ./src/pages/tree.tsx

  SSR:
    ./src/components/sections/FamilyTree/TreeSidebar.tsx
    ./src/components/sections/FamilyTree/FamilyTree.tsx
    ./src/pages/tree.tsx @ http://localhost:3000/_next/static/chunks/node_modules_next_dist_0bc8q4g._.js:1952
[  207990ms] [ERROR] ./src/components/sections/FamilyTree/TreeSidebar.tsx:148:7
the name `CondensedMenuItem` is defined multiple times
  146 | `;
  147 |
> 148 | const CondensedMenuItem = styled(MenuItem)`
      |       ^^^^^^^^^^^^^^^^^
  149 |     ${font('mobileBody')};
  150 | `;
  151 |

Ecmascript file had an error

Import traces:
  Browser:
    ./src/components/sections/FamilyTree/TreeSidebar.tsx
    ./src/components/sections/FamilyTree/FamilyTree.tsx
    ./src/pages/tree.tsx

  SSR:
    ./src/components/sections/FamilyTree/TreeSidebar.tsx
    ./src/components/sections/FamilyTree/FamilyTree.tsx
    ./src/pages/tree.tsx @ http://localhost:3000/_next/static/chunks/node_modules_next_dist_0bc8q4g._.js:1952
[  207990ms] [ERROR] ./src/components/sections/FamilyTree/PersonCardModal.tsx:129:7
the name `Empty` is defined multiple times
  127 | `;
  128 |
> 129 | const Empty = styled.div`
      |       ^^^^^
  130 |     ${font('mobileControl')};
  131 |     color: ${color('textPrimary')};
  132 |     opacity: 0.6;

Ecmascript file had an error

Import traces:
  Browser:
    ./src/components/sections/FamilyTree/PersonCardModal.tsx
    ./src/components/sections/FamilyTree/FamilyTree.tsx
    ./src/pages/tree.tsx

  SSR:
    ./src/components/sections/FamilyTree/PersonCardModal.tsx
    ./src/components/sections/FamilyTree/FamilyTree.tsx
    ./src/pages/tree.tsx @ http://localhost:3000/_next/static/chunks/node_modules_next_dist_0bc8q4g._.js:1952
[  207991ms] [ERROR] ./src/components/sections/FamilyTree/PersonCardModal.tsx:61:7
the name `HeroMeta` is defined multiple times
  59 | `;
  60 |
> 61 | const HeroMeta = styled.div`
     |       ^^^^^^^^
  62 |     ${font('mobileControl')};
  63 |     color: ${color('textPrimary')};
  64 |     opacity: 0.75;

Ecmascript file had an error

Import traces:
  Browser:
    ./src/components/sections/FamilyTree/PersonCardModal.tsx
    ./src/components/sections/FamilyTree/FamilyTree.tsx
    ./src/pages/tree.tsx

  SSR:
    ./src/components/sections/FamilyTree/PersonCardModal.tsx
    ./src/components/sections/FamilyTree/FamilyTree.tsx
    ./src/pages/tree.tsx @ http://localhost:3000/_next/static/chunks/node_modules_next_dist_0bc8q4g._.js:1952
[  207991ms] [ERROR] ./src/components/sections/FamilyTree/PersonCardModal.tsx:56:7
the name `HeroName` is defined multiple times
  54 | `;
  55 |
> 56 | const HeroName = styled.div`
     |       ^^^^^^^^
  57 |     ${font('mobileHeader')};
  58 |     color: ${color('textPrimary')};
  59 | `;

Ecmascript file had an error

Import traces:
  Browser:
    ./src/components/sections/FamilyTree/PersonCardModal.tsx
    ./src/components/sections/FamilyTree/FamilyTree.tsx
    ./src/pages/tree.tsx

  SSR:
    ./src/components/sections/FamilyTree/PersonCardModal.tsx
    ./src/components/sections/FamilyTree/FamilyTree.tsx
    ./src/pages/tree.tsx @ http://localhost:3000/_next/static/chunks/node_modules_next_dist_0bc8q4g._.js:1952
[  207991ms] [ERROR] ./src/components/sections/FamilyTree/PersonCardModal.tsx:38:7
the name `Hero` is defined multiple times
  36 | } from './Modal.styled';
  37 |
> 38 | const Hero = styled.div`
     |       ^^^^
  39 |     display: flex;
  40 |     align-items: center;
  41 |     gap: 14px;

Ecmascript file had an error

Import traces:
  Browser:
    ./src/components/sections/FamilyTree/PersonCardModal.tsx
    ./src/components/sections/FamilyTree/FamilyTree.tsx
    ./src/pages/tree.tsx

  SSR:
    ./src/components/sections/FamilyTree/PersonCardModal.tsx
    ./src/components/sections/FamilyTree/FamilyTree.tsx
    ./src/pages/tree.tsx @ http://localhost:3000/_next/static/chunks/node_modules_next_dist_0bc8q4g._.js:1952
[  207991ms] [ERROR] ./src/components/sections/FamilyTree/PersonCardModal.tsx:119:7
the name `ListAvatar` is defined multiple times
  117 | `;
  118 |
> 119 | const ListAvatar = styled.div<{ $photo?: string }>`
      |       ^^^^^^^^^^
  120 |     width: 32px;
  121 |     height: 32px;
  122 |     border-radius: 50%;

Ecmascript file had an error

Import traces:
  Browser:
    ./src/components/sections/FamilyTree/PersonCardModal.tsx
    ./src/components/sections/FamilyTree/FamilyTree.tsx
    ./src/pages/tree.tsx

  SSR:
    ./src/components/sections/FamilyTree/PersonCardModal.tsx
    ./src/components/sections/FamilyTree/FamilyTree.tsx
    ./src/pages/tree.tsx @ http://localhost:3000/_next/static/chunks/node_modules_next_dist_0bc8q4g._.js:1952
[  207991ms] [ERROR] ./src/components/sections/FamilyTree/PersonCardModal.tsx:80:7
the name `ListItem` is defined multiple times
  78 | `;
  79 |
> 80 | const ListItem = styled.button`
     |       ^^^^^^^^
  81 |     flex: 1;
  82 |     background: transparent;
  83 |     border: none;

Ecmascript file had an error

Import traces:
  Browser:
    ./src/components/sections/FamilyTree/PersonCardModal.tsx
    ./src/components/sections/FamilyTree/FamilyTree.tsx
    ./src/pages/tree.tsx

  SSR:
    ./src/components/sections/FamilyTree/PersonCardModal.tsx
    ./src/components/sections/FamilyTree/FamilyTree.tsx
    ./src/pages/tree.tsx @ http://localhost:3000/_next/static/chunks/node_modules_next_dist_0bc8q4g._.js:1952
[  207991ms] [ERROR] ./src/components/sections/FamilyTree/PersonCardModal.tsx:67:7
the name `ListRow` is defined multiple times
  65 | `;
  66 |
> 67 | const ListRow = styled.div`
     |       ^^^^^^^
  68 |     display: flex;
  69 |     align-items: center;
  70 |     gap: 6px;

Ecmascript file had an error

Import traces:
  Browser:
    ./src/components/sections/FamilyTree/PersonCardModal.tsx
    ./src/components/sections/FamilyTree/FamilyTree.tsx
    ./src/pages/tree.tsx

  SSR:
    ./src/components/sections/FamilyTree/PersonCardModal.tsx
    ./src/components/sections/FamilyTree/FamilyTree.tsx
    ./src/pages/tree.tsx @ http://localhost:3000/_next/static/chunks/node_modules_next_dist_0bc8q4g._.js:1952
[  207991ms] [ERROR] ./src/components/sections/FamilyTree/TreeSidebar.tsx:133:7
the name `MenuItem` is defined multiple times
  131 | `;
  132 |
> 133 | const MenuItem = styled.button`
      |       ^^^^^^^^
  134 |     width: 100%;
  135 |     border: 0;
  136 |     background: transparent;

Ecmascript file had an error

Import traces:
  Browser:
    ./src/components/sections/FamilyTree/TreeSidebar.tsx
    ./src/components/sections/FamilyTree/FamilyTree.tsx
    ./src/pages/tree.tsx

  SSR:
    ./src/components/sections/FamilyTree/TreeSidebar.tsx
    ./src/components/sections/FamilyTree/FamilyTree.tsx
    ./src/pages/tree.tsx @ http://localhost:3000/_next/static/chunks/node_modules_next_dist_0bc8q4g._.js:1952
[  207991ms] [ERROR] ./src/components/sections/FamilyTree/TreeSidebar.tsx:124:7
the name `Menu` is defined multiple times
  122 | `;
  123 |
> 124 | const Menu = styled.ul`
      |       ^^^^
  125 |     list-style: none;
  126 |     margin: 0;
  127 |     padding: 8px 22px 22px;

Ecmascript file had an error

Import traces:
  Browser:
    ./src/components/sections/FamilyTree/TreeSidebar.tsx
    ./src/components/sections/FamilyTree/FamilyTree.tsx
    ./src/pages/tree.tsx

  SSR:
    ./src/components/sections/FamilyTree/TreeSidebar.tsx
    ./src/components/sections/FamilyTree/FamilyTree.tsx
    ./src/pages/tree.tsx @ http://localhost:3000/_next/static/chunks/node_modules_next_dist_0bc8q4g._.js:1952
[  207991ms] [ERROR] ./src/components/sections/FamilyTree/TreeSidebar.tsx:24:7
the name `Panel` is defined multiple times
  22 | `;
  23 |
> 24 | const Panel = styled.aside<{ $open: boolean }>`
     |       ^^^^^
  25 |     position: fixed;
  26 |     top: 0;
  27 |     right: 0;

Ecmascript file had an error

Import traces:
  Browser:
    ./src/components/sections/FamilyTree/TreeSidebar.tsx
    ./src/components/sections/FamilyTree/FamilyTree.tsx
    ./src/pages/tree.tsx

  SSR:
    ./src/components/sections/FamilyTree/TreeSidebar.tsx
    ./src/components/sections/FamilyTree/FamilyTree.tsx
    ./src/pages/tree.tsx @ http://localhost:3000/_next/static/chunks/node_modules_next_dist_0bc8q4g._.js:1952
[  207991ms] [ERROR] ./src/components/sections/FamilyTree/PersonCardModal.tsx:95:7
the name `RemoveRelationButton` is defined multiple times
  93 | `;
  94 |
> 95 | const RemoveRelationButton = styled.button`
     |       ^^^^^^^^^^^^^^^^^^^^
  96 |     flex: 0 0 auto;
  97 |     display: inline-flex;
  98 |     align-items: center;

Ecmascript file had an error

Import traces:
  Browser:
    ./src/components/sections/FamilyTree/PersonCardModal.tsx
    ./src/components/sections/FamilyTree/FamilyTree.tsx
    ./src/pages/tree.tsx

  SSR:
    ./src/components/sections/FamilyTree/PersonCardModal.tsx
    ./src/components/sections/FamilyTree/FamilyTree.tsx
    ./src/pages/tree.tsx @ http://localhost:3000/_next/static/chunks/node_modules_next_dist_0bc8q4g._.js:1952
[  207991ms] [ERROR] ./src/components/sections/FamilyTree/TreeSidebar.tsx:43:7
the name `TopBar` is defined multiple times
  41 | `;
  42 |
> 43 | const TopBar = styled.div`
     |       ^^^^^^
  44 |     padding: 18px 22px 12px;
  45 |     display: flex;
  46 |     align-items: center;

Ecmascript file had an error

Import traces:
  Browser:
    ./src/components/sections/FamilyTree/TreeSidebar.tsx
    ./src/components/sections/FamilyTree/FamilyTree.tsx
    ./src/pages/tree.tsx

  SSR:
    ./src/components/sections/FamilyTree/TreeSidebar.tsx
    ./src/components/sections/FamilyTree/FamilyTree.tsx
    ./src/pages/tree.tsx @ http://localhost:3000/_next/static/chunks/node_modules_next_dist_0bc8q4g._.js:1952
[  207991ms] [ERROR] ./src/components/sections/FamilyTree/TreeSidebar.tsx:74:7
the name `TreeSelect` is defined multiple times
  72 | `;
  73 |
> 74 | const TreeSelect = styled.select`
     |       ^^^^^^^^^^
  75 |     width: 100%;
  76 |     background: ${color('cream')};
  77 |     border: 2px solid ${color('forest')};

Ecmascript file had an error

Import traces:
  Browser:
    ./src/components/sections/FamilyTree/TreeSidebar.tsx
    ./src/components/sections/FamilyTree/FamilyTree.tsx
    ./src/pages/tree.tsx

  SSR:
    ./src/components/sections/FamilyTree/TreeSidebar.tsx
    ./src/components/sections/FamilyTree/FamilyTree.tsx
    ./src/pages/tree.tsx @ http://localhost:3000/_next/static/chunks/node_modules_next_dist_0bc8q4g._.js:1952
[  208063ms] [LOG] [Fast Refresh] rebuilding @ http://localhost:3000/_next/static/chunks/node_modules_next_dist_0bc8q4g._.js:1233
[  215000ms] [ERROR] ./src/components/sections/FamilyTree/PersonCardModal.tsx:141:7
the name `ActionButton` is defined multiple times
  139 | `;
  140 |
> 141 | const ActionButton = styled.button`
      |       ^^^^^^^^^^^^
  142 |     background: ${color('landingCta')};
  143 |     color: ${color('white')};
  144 |     border: none;

Ecmascript file had an error

Import traces:
  Browser:
    ./src/components/sections/FamilyTree/PersonCardModal.tsx
    ./src/components/sections/FamilyTree/FamilyTree.tsx
    ./src/pages/tree.tsx

  SSR:
    ./src/components/sections/FamilyTree/PersonCardModal.tsx
    ./src/components/sections/FamilyTree/FamilyTree.tsx
    ./src/pages/tree.tsx @ http://localhost:3000/_next/static/chunks/node_modules_next_dist_0bc8q4g._.js:1952
[  215001ms] [ERROR] ./src/components/sections/FamilyTree/PersonCardModal.tsx:135:7
the name `ActionRow` is defined multiple times
  133 | `;
  134 |
> 135 | const ActionRow = styled.div`
      |       ^^^^^^^^^
  136 |     margin-top: 12px;
  137 |     display: flex;
  138 |     gap: 8px;

Ecmascript file had an error

Import traces:
  Browser:
    ./src/components/sections/FamilyTree/PersonCardModal.tsx
    ./src/components/sections/FamilyTree/FamilyTree.tsx
    ./src/pages/tree.tsx

  SSR:
    ./src/components/sections/FamilyTree/PersonCardModal.tsx
    ./src/components/sections/FamilyTree/FamilyTree.tsx
    ./src/pages/tree.tsx @ http://localhost:3000/_next/static/chunks/node_modules_next_dist_0bc8q4g._.js:1952
[  215001ms] [ERROR] ./src/components/sections/FamilyTree/PersonCardModal.tsx:45:7
the name `Avatar` is defined multiple times
  43 | `;
  44 |
> 45 | const Avatar = styled.div<{ $photo?: string }>`
     |       ^^^^^^
  46 |     width: 64px;
  47 |     height: 64px;
  48 |     border-radius: 50%;

Ecmascript file had an error

Import traces:
  Browser:
    ./src/components/sections/FamilyTree/PersonCardModal.tsx
    ./src/components/sections/FamilyTree/FamilyTree.tsx
    ./src/pages/tree.tsx

  SSR:
    ./src/components/sections/FamilyTree/PersonCardModal.tsx
    ./src/components/sections/FamilyTree/FamilyTree.tsx
    ./src/pages/tree.tsx @ http://localhost:3000/_next/static/chunks/node_modules_next_dist_0bc8q4g._.js:1952
[  215001ms] [ERROR] ./src/components/sections/FamilyTree/TreeSidebar.tsx:14:7
the name `Backdrop` is defined multiple times
  12 | } from './TreeSidebar.styled';
  13 |
> 14 | const Backdrop = styled.div<{ $open: boolean }>`
     |       ^^^^^^^^
  15 |     position: fixed;
  16 |     inset: 0;
  17 |     background: ${color('black', 0.18)};

Ecmascript file had an error

Import traces:
  Browser:
    ./src/components/sections/FamilyTree/TreeSidebar.tsx
    ./src/components/sections/FamilyTree/FamilyTree.tsx
    ./src/pages/tree.tsx

  SSR:
    ./src/components/sections/FamilyTree/TreeSidebar.tsx
    ./src/components/sections/FamilyTree/FamilyTree.tsx
    ./src/pages/tree.tsx @ http://localhost:3000/_next/static/chunks/node_modules_next_dist_0bc8q4g._.js:1952
[  215001ms] [ERROR] ./src/components/sections/FamilyTree/TreeSidebar.tsx:53:7
the name `CloseBtn` is defined multiple times
  51 | `;
  52 |
> 53 | const CloseBtn = styled.button`
     |       ^^^^^^^^
  54 |     background: transparent;
  55 |     border: none;
  56 |     color: ${color('textPrimary')};

Ecmascript file had an error

Import traces:
  Browser:
    ./src/components/sections/FamilyTree/TreeSidebar.tsx
    ./src/components/sections/FamilyTree/FamilyTree.tsx
    ./src/pages/tree.tsx

  SSR:
    ./src/components/sections/FamilyTree/TreeSidebar.tsx
    ./src/components/sections/FamilyTree/FamilyTree.tsx
    ./src/pages/tree.tsx @ http://localhost:3000/_next/static/chunks/node_modules_next_dist_0bc8q4g._.js:1952
[  215001ms] [ERROR] ./src/components/sections/FamilyTree/TreeSidebar.tsx:148:7
the name `CondensedMenuItem` is defined multiple times
  146 | `;
  147 |
> 148 | const CondensedMenuItem = styled(MenuItem)`
      |       ^^^^^^^^^^^^^^^^^
  149 |     ${font('mobileBody')};
  150 | `;
  151 |

Ecmascript file had an error

Import traces:
  Browser:
    ./src/components/sections/FamilyTree/TreeSidebar.tsx
    ./src/components/sections/FamilyTree/FamilyTree.tsx
    ./src/pages/tree.tsx

  SSR:
    ./src/components/sections/FamilyTree/TreeSidebar.tsx
    ./src/components/sections/FamilyTree/FamilyTree.tsx
    ./src/pages/tree.tsx @ http://localhost:3000/_next/static/chunks/node_modules_next_dist_0bc8q4g._.js:1952
[  215001ms] [ERROR] ./src/components/sections/FamilyTree/PersonCardModal.tsx:129:7
the name `Empty` is defined multiple times
  127 | `;
  128 |
> 129 | const Empty = styled.div`
      |       ^^^^^
  130 |     ${font('mobileControl')};
  131 |     color: ${color('textPrimary')};
  132 |     opacity: 0.6;

Ecmascript file had an error

Import traces:
  Browser:
    ./src/components/sections/FamilyTree/PersonCardModal.tsx
    ./src/components/sections/FamilyTree/FamilyTree.tsx
    ./src/pages/tree.tsx

  SSR:
    ./src/components/sections/FamilyTree/PersonCardModal.tsx
    ./src/components/sections/FamilyTree/FamilyTree.tsx
    ./src/pages/tree.tsx @ http://localhost:3000/_next/static/chunks/node_modules_next_dist_0bc8q4g._.js:1952
[  215001ms] [ERROR] ./src/components/sections/FamilyTree/PersonCardModal.tsx:61:7
the name `HeroMeta` is defined multiple times
  59 | `;
  60 |
> 61 | const HeroMeta = styled.div`
     |       ^^^^^^^^
  62 |     ${font('mobileControl')};
  63 |     color: ${color('textPrimary')};
  64 |     opacity: 0.75;

Ecmascript file had an error

Import traces:
  Browser:
    ./src/components/sections/FamilyTree/PersonCardModal.tsx
    ./src/components/sections/FamilyTree/FamilyTree.tsx
    ./src/pages/tree.tsx

  SSR:
    ./src/components/sections/FamilyTree/PersonCardModal.tsx
    ./src/components/sections/FamilyTree/FamilyTree.tsx
    ./src/pages/tree.tsx @ http://localhost:3000/_next/static/chunks/node_modules_next_dist_0bc8q4g._.js:1952
[  215001ms] [ERROR] ./src/components/sections/FamilyTree/PersonCardModal.tsx:56:7
the name `HeroName` is defined multiple times
  54 | `;
  55 |
> 56 | const HeroName = styled.div`
     |       ^^^^^^^^
  57 |     ${font('mobileHeader')};
  58 |     color: ${color('textPrimary')};
  59 | `;

Ecmascript file had an error

Import traces:
  Browser:
    ./src/components/sections/FamilyTree/PersonCardModal.tsx
    ./src/components/sections/FamilyTree/FamilyTree.tsx
    ./src/pages/tree.tsx

  SSR:
    ./src/components/sections/FamilyTree/PersonCardModal.tsx
    ./src/components/sections/FamilyTree/FamilyTree.tsx
    ./src/pages/tree.tsx @ http://localhost:3000/_next/static/chunks/node_modules_next_dist_0bc8q4g._.js:1952
[  215001ms] [ERROR] ./src/components/sections/FamilyTree/PersonCardModal.tsx:38:7
the name `Hero` is defined multiple times
  36 | } from './Modal.styled';
  37 |
> 38 | const Hero = styled.div`
     |       ^^^^
  39 |     display: flex;
  40 |     align-items: center;
  41 |     gap: 14px;

Ecmascript file had an error

Import traces:
  Browser:
    ./src/components/sections/FamilyTree/PersonCardModal.tsx
    ./src/components/sections/FamilyTree/FamilyTree.tsx
    ./src/pages/tree.tsx

  SSR:
    ./src/components/sections/FamilyTree/PersonCardModal.tsx
    ./src/components/sections/FamilyTree/FamilyTree.tsx
    ./src/pages/tree.tsx @ http://localhost:3000/_next/static/chunks/node_modules_next_dist_0bc8q4g._.js:1952
[  215001ms] [ERROR] ./src/components/sections/FamilyTree/PersonCardModal.tsx:119:7
the name `ListAvatar` is defined multiple times
  117 | `;
  118 |
> 119 | const ListAvatar = styled.div<{ $photo?: string }>`
      |       ^^^^^^^^^^
  120 |     width: 32px;
  121 |     height: 32px;
  122 |     border-radius: 50%;

Ecmascript file had an error

Import traces:
  Browser:
    ./src/components/sections/FamilyTree/PersonCardModal.tsx
    ./src/components/sections/FamilyTree/FamilyTree.tsx
    ./src/pages/tree.tsx

  SSR:
    ./src/components/sections/FamilyTree/PersonCardModal.tsx
    ./src/components/sections/FamilyTree/FamilyTree.tsx
    ./src/pages/tree.tsx @ http://localhost:3000/_next/static/chunks/node_modules_next_dist_0bc8q4g._.js:1952
[  215001ms] [ERROR] ./src/components/sections/FamilyTree/PersonCardModal.tsx:80:7
the name `ListItem` is defined multiple times
  78 | `;
  79 |
> 80 | const ListItem = styled.button`
     |       ^^^^^^^^
  81 |     flex: 1;
  82 |     background: transparent;
  83 |     border: none;

Ecmascript file had an error

Import traces:
  Browser:
    ./src/components/sections/FamilyTree/PersonCardModal.tsx
    ./src/components/sections/FamilyTree/FamilyTree.tsx
    ./src/pages/tree.tsx

  SSR:
    ./src/components/sections/FamilyTree/PersonCardModal.tsx
    ./src/components/sections/FamilyTree/FamilyTree.tsx
    ./src/pages/tree.tsx @ http://localhost:3000/_next/static/chunks/node_modules_next_dist_0bc8q4g._.js:1952
[  215001ms] [ERROR] ./src/components/sections/FamilyTree/PersonCardModal.tsx:67:7
the name `ListRow` is defined multiple times
  65 | `;
  66 |
> 67 | const ListRow = styled.div`
     |       ^^^^^^^
  68 |     display: flex;
  69 |     align-items: center;
  70 |     gap: 6px;

Ecmascript file had an error

Import traces:
  Browser:
    ./src/components/sections/FamilyTree/PersonCardModal.tsx
    ./src/components/sections/FamilyTree/FamilyTree.tsx
    ./src/pages/tree.tsx

  SSR:
    ./src/components/sections/FamilyTree/PersonCardModal.tsx
    ./src/components/sections/FamilyTree/FamilyTree.tsx
    ./src/pages/tree.tsx @ http://localhost:3000/_next/static/chunks/node_modules_next_dist_0bc8q4g._.js:1952
[  215002ms] [ERROR] ./src/components/sections/FamilyTree/TreeSidebar.tsx:133:7
the name `MenuItem` is defined multiple times
  131 | `;
  132 |
> 133 | const MenuItem = styled.button`
      |       ^^^^^^^^
  134 |     width: 100%;
  135 |     border: 0;
  136 |     background: transparent;

Ecmascript file had an error

Import traces:
  Browser:
    ./src/components/sections/FamilyTree/TreeSidebar.tsx
    ./src/components/sections/FamilyTree/FamilyTree.tsx
    ./src/pages/tree.tsx

  SSR:
    ./src/components/sections/FamilyTree/TreeSidebar.tsx
    ./src/components/sections/FamilyTree/FamilyTree.tsx
    ./src/pages/tree.tsx @ http://localhost:3000/_next/static/chunks/node_modules_next_dist_0bc8q4g._.js:1952
[  215002ms] [ERROR] ./src/components/sections/FamilyTree/TreeSidebar.tsx:124:7
the name `Menu` is defined multiple times
  122 | `;
  123 |
> 124 | const Menu = styled.ul`
      |       ^^^^
  125 |     list-style: none;
  126 |     margin: 0;
  127 |     padding: 8px 22px 22px;

Ecmascript file had an error

Import traces:
  Browser:
    ./src/components/sections/FamilyTree/TreeSidebar.tsx
    ./src/components/sections/FamilyTree/FamilyTree.tsx
    ./src/pages/tree.tsx

  SSR:
    ./src/components/sections/FamilyTree/TreeSidebar.tsx
    ./src/components/sections/FamilyTree/FamilyTree.tsx
    ./src/pages/tree.tsx @ http://localhost:3000/_next/static/chunks/node_modules_next_dist_0bc8q4g._.js:1952
[  215002ms] [ERROR] ./src/components/sections/FamilyTree/TreeSidebar.tsx:24:7
the name `Panel` is defined multiple times
  22 | `;
  23 |
> 24 | const Panel = styled.aside<{ $open: boolean }>`
     |       ^^^^^
  25 |     position: fixed;
  26 |     top: 0;
  27 |     right: 0;

Ecmascript file had an error

Import traces:
  Browser:
    ./src/components/sections/FamilyTree/TreeSidebar.tsx
    ./src/components/sections/FamilyTree/FamilyTree.tsx
    ./src/pages/tree.tsx

  SSR:
    ./src/components/sections/FamilyTree/TreeSidebar.tsx
    ./src/components/sections/FamilyTree/FamilyTree.tsx
    ./src/pages/tree.tsx @ http://localhost:3000/_next/static/chunks/node_modules_next_dist_0bc8q4g._.js:1952
[  215002ms] [ERROR] ./src/components/sections/FamilyTree/PersonCardModal.tsx:95:7
the name `RemoveRelationButton` is defined multiple times
  93 | `;
  94 |
> 95 | const RemoveRelationButton = styled.button`
     |       ^^^^^^^^^^^^^^^^^^^^
  96 |     flex: 0 0 auto;
  97 |     display: inline-flex;
  98 |     align-items: center;

Ecmascript file had an error

Import traces:
  Browser:
    ./src/components/sections/FamilyTree/PersonCardModal.tsx
    ./src/components/sections/FamilyTree/FamilyTree.tsx
    ./src/pages/tree.tsx

  SSR:
    ./src/components/sections/FamilyTree/PersonCardModal.tsx
    ./src/components/sections/FamilyTree/FamilyTree.tsx
    ./src/pages/tree.tsx @ http://localhost:3000/_next/static/chunks/node_modules_next_dist_0bc8q4g._.js:1952
[  215002ms] [ERROR] ./src/components/sections/FamilyTree/TreeSidebar.tsx:43:7
the name `TopBar` is defined multiple times
  41 | `;
  42 |
> 43 | const TopBar = styled.div`
     |       ^^^^^^
  44 |     padding: 18px 22px 12px;
  45 |     display: flex;
  46 |     align-items: center;

Ecmascript file had an error

Import traces:
  Browser:
    ./src/components/sections/FamilyTree/TreeSidebar.tsx
    ./src/components/sections/FamilyTree/FamilyTree.tsx
    ./src/pages/tree.tsx

  SSR:
    ./src/components/sections/FamilyTree/TreeSidebar.tsx
    ./src/components/sections/FamilyTree/FamilyTree.tsx
    ./src/pages/tree.tsx @ http://localhost:3000/_next/static/chunks/node_modules_next_dist_0bc8q4g._.js:1952
[  215002ms] [ERROR] ./src/components/sections/FamilyTree/TreeSidebar.tsx:74:7
the name `TreeSelect` is defined multiple times
  72 | `;
  73 |
> 74 | const TreeSelect = styled.select`
     |       ^^^^^^^^^^
  75 |     width: 100%;
  76 |     background: ${color('cream')};
  77 |     border: 2px solid ${color('forest')};

Ecmascript file had an error

Import traces:
  Browser:
    ./src/components/sections/FamilyTree/TreeSidebar.tsx
    ./src/components/sections/FamilyTree/FamilyTree.tsx
    ./src/pages/tree.tsx

  SSR:
    ./src/components/sections/FamilyTree/TreeSidebar.tsx
    ./src/components/sections/FamilyTree/FamilyTree.tsx
    ./src/pages/tree.tsx @ http://localhost:3000/_next/static/chunks/node_modules_next_dist_0bc8q4g._.js:1952
[  215060ms] [LOG] [Fast Refresh] rebuilding @ http://localhost:3000/_next/static/chunks/node_modules_next_dist_0bc8q4g._.js:1233
[  267982ms] [ERROR] ./src/components/sections/FamilyTree/PersonCardModal.tsx:141:7
the name `ActionButton` is defined multiple times
  139 | `;
  140 |
> 141 | const ActionButton = styled.button`
      |       ^^^^^^^^^^^^
  142 |     background: ${color('landingCta')};
  143 |     color: ${color('white')};
  144 |     border: none;

Ecmascript file had an error

Import traces:
  Browser:
    ./src/components/sections/FamilyTree/PersonCardModal.tsx
    ./src/components/sections/FamilyTree/FamilyTree.tsx
    ./src/pages/tree.tsx

  SSR:
    ./src/components/sections/FamilyTree/PersonCardModal.tsx
    ./src/components/sections/FamilyTree/FamilyTree.tsx
    ./src/pages/tree.tsx @ http://localhost:3000/_next/static/chunks/node_modules_next_dist_0bc8q4g._.js:1952
[  267983ms] [ERROR] ./src/components/sections/FamilyTree/PersonCardModal.tsx:135:7
the name `ActionRow` is defined multiple times
  133 | `;
  134 |
> 135 | const ActionRow = styled.div`
      |       ^^^^^^^^^
  136 |     margin-top: 12px;
  137 |     display: flex;
  138 |     gap: 8px;

Ecmascript file had an error

Import traces:
  Browser:
    ./src/components/sections/FamilyTree/PersonCardModal.tsx
    ./src/components/sections/FamilyTree/FamilyTree.tsx
    ./src/pages/tree.tsx

  SSR:
    ./src/components/sections/FamilyTree/PersonCardModal.tsx
    ./src/components/sections/FamilyTree/FamilyTree.tsx
    ./src/pages/tree.tsx @ http://localhost:3000/_next/static/chunks/node_modules_next_dist_0bc8q4g._.js:1952
[  267983ms] [ERROR] ./src/components/sections/FamilyTree/PersonCardModal.tsx:45:7
the name `Avatar` is defined multiple times
  43 | `;
  44 |
> 45 | const Avatar = styled.div<{ $photo?: string }>`
     |       ^^^^^^
  46 |     width: 64px;
  47 |     height: 64px;
  48 |     border-radius: 50%;

Ecmascript file had an error

Import traces:
  Browser:
    ./src/components/sections/FamilyTree/PersonCardModal.tsx
    ./src/components/sections/FamilyTree/FamilyTree.tsx
    ./src/pages/tree.tsx

  SSR:
    ./src/components/sections/FamilyTree/PersonCardModal.tsx
    ./src/components/sections/FamilyTree/FamilyTree.tsx
    ./src/pages/tree.tsx @ http://localhost:3000/_next/static/chunks/node_modules_next_dist_0bc8q4g._.js:1952
[  267983ms] [ERROR] ./src/components/sections/FamilyTree/TreeSidebar.tsx:14:7
the name `Backdrop` is defined multiple times
  12 | } from './TreeSidebar.styled';
  13 |
> 14 | const Backdrop = styled.div<{ $open: boolean }>`
     |       ^^^^^^^^
  15 |     position: fixed;
  16 |     inset: 0;
  17 |     background: ${color('black', 0.18)};

Ecmascript file had an error

Import traces:
  Browser:
    ./src/components/sections/FamilyTree/TreeSidebar.tsx
    ./src/components/sections/FamilyTree/FamilyTree.tsx
    ./src/pages/tree.tsx

  SSR:
    ./src/components/sections/FamilyTree/TreeSidebar.tsx
    ./src/components/sections/FamilyTree/FamilyTree.tsx
    ./src/pages/tree.tsx @ http://localhost:3000/_next/static/chunks/node_modules_next_dist_0bc8q4g._.js:1952
[  267983ms] [ERROR] ./src/components/sections/FamilyTree/TreeSidebar.tsx:53:7
the name `CloseBtn` is defined multiple times
  51 | `;
  52 |
> 53 | const CloseBtn = styled.button`
     |       ^^^^^^^^
  54 |     background: transparent;
  55 |     border: none;
  56 |     color: ${color('textPrimary')};

Ecmascript file had an error

Import traces:
  Browser:
    ./src/components/sections/FamilyTree/TreeSidebar.tsx
    ./src/components/sections/FamilyTree/FamilyTree.tsx
    ./src/pages/tree.tsx

  SSR:
    ./src/components/sections/FamilyTree/TreeSidebar.tsx
    ./src/components/sections/FamilyTree/FamilyTree.tsx
    ./src/pages/tree.tsx @ http://localhost:3000/_next/static/chunks/node_modules_next_dist_0bc8q4g._.js:1952
[  267983ms] [ERROR] ./src/components/sections/FamilyTree/TreeSidebar.tsx:148:7
the name `CondensedMenuItem` is defined multiple times
  146 | `;
  147 |
> 148 | const CondensedMenuItem = styled(MenuItem)`
      |       ^^^^^^^^^^^^^^^^^
  149 |     ${font('mobileBody')};
  150 | `;
  151 |

Ecmascript file had an error

Import traces:
  Browser:
    ./src/components/sections/FamilyTree/TreeSidebar.tsx
    ./src/components/sections/FamilyTree/FamilyTree.tsx
    ./src/pages/tree.tsx

  SSR:
    ./src/components/sections/FamilyTree/TreeSidebar.tsx
    ./src/components/sections/FamilyTree/FamilyTree.tsx
    ./src/pages/tree.tsx @ http://localhost:3000/_next/static/chunks/node_modules_next_dist_0bc8q4g._.js:1952
[  267983ms] [ERROR] ./src/components/sections/FamilyTree/PersonCardModal.tsx:129:7
the name `Empty` is defined multiple times
  127 | `;
  128 |
> 129 | const Empty = styled.div`
      |       ^^^^^
  130 |     ${font('mobileControl')};
  131 |     color: ${color('textPrimary')};
  132 |     opacity: 0.6;

Ecmascript file had an error

Import traces:
  Browser:
    ./src/components/sections/FamilyTree/PersonCardModal.tsx
    ./src/components/sections/FamilyTree/FamilyTree.tsx
    ./src/pages/tree.tsx

  SSR:
    ./src/components/sections/FamilyTree/PersonCardModal.tsx
    ./src/components/sections/FamilyTree/FamilyTree.tsx
    ./src/pages/tree.tsx @ http://localhost:3000/_next/static/chunks/node_modules_next_dist_0bc8q4g._.js:1952
[  267983ms] [ERROR] ./src/components/sections/FamilyTree/PersonCardModal.tsx:61:7
the name `HeroMeta` is defined multiple times
  59 | `;
  60 |
> 61 | const HeroMeta = styled.div`
     |       ^^^^^^^^
  62 |     ${font('mobileControl')};
  63 |     color: ${color('textPrimary')};
  64 |     opacity: 0.75;

Ecmascript file had an error

Import traces:
  Browser:
    ./src/components/sections/FamilyTree/PersonCardModal.tsx
    ./src/components/sections/FamilyTree/FamilyTree.tsx
    ./src/pages/tree.tsx

  SSR:
    ./src/components/sections/FamilyTree/PersonCardModal.tsx
    ./src/components/sections/FamilyTree/FamilyTree.tsx
    ./src/pages/tree.tsx @ http://localhost:3000/_next/static/chunks/node_modules_next_dist_0bc8q4g._.js:1952
[  267983ms] [ERROR] ./src/components/sections/FamilyTree/PersonCardModal.tsx:56:7
the name `HeroName` is defined multiple times
  54 | `;
  55 |
> 56 | const HeroName = styled.div`
     |       ^^^^^^^^
  57 |     ${font('mobileHeader')};
  58 |     color: ${color('textPrimary')};
  59 | `;

Ecmascript file had an error

Import traces:
  Browser:
    ./src/components/sections/FamilyTree/PersonCardModal.tsx
    ./src/components/sections/FamilyTree/FamilyTree.tsx
    ./src/pages/tree.tsx

  SSR:
    ./src/components/sections/FamilyTree/PersonCardModal.tsx
    ./src/components/sections/FamilyTree/FamilyTree.tsx
    ./src/pages/tree.tsx @ http://localhost:3000/_next/static/chunks/node_modules_next_dist_0bc8q4g._.js:1952
[  267983ms] [ERROR] ./src/components/sections/FamilyTree/PersonCardModal.tsx:38:7
the name `Hero` is defined multiple times
  36 | } from './Modal.styled';
  37 |
> 38 | const Hero = styled.div`
     |       ^^^^
  39 |     display: flex;
  40 |     align-items: center;
  41 |     gap: 14px;

Ecmascript file had an error

Import traces:
  Browser:
    ./src/components/sections/FamilyTree/PersonCardModal.tsx
    ./src/components/sections/FamilyTree/FamilyTree.tsx
    ./src/pages/tree.tsx

  SSR:
    ./src/components/sections/FamilyTree/PersonCardModal.tsx
    ./src/components/sections/FamilyTree/FamilyTree.tsx
    ./src/pages/tree.tsx @ http://localhost:3000/_next/static/chunks/node_modules_next_dist_0bc8q4g._.js:1952
[  267983ms] [ERROR] ./src/components/sections/FamilyTree/PersonCardModal.tsx:119:7
the name `ListAvatar` is defined multiple times
  117 | `;
  118 |
> 119 | const ListAvatar = styled.div<{ $photo?: string }>`
      |       ^^^^^^^^^^
  120 |     width: 32px;
  121 |     height: 32px;
  122 |     border-radius: 50%;

Ecmascript file had an error

Import traces:
  Browser:
    ./src/components/sections/FamilyTree/PersonCardModal.tsx
    ./src/components/sections/FamilyTree/FamilyTree.tsx
    ./src/pages/tree.tsx

  SSR:
    ./src/components/sections/FamilyTree/PersonCardModal.tsx
    ./src/components/sections/FamilyTree/FamilyTree.tsx
    ./src/pages/tree.tsx @ http://localhost:3000/_next/static/chunks/node_modules_next_dist_0bc8q4g._.js:1952
[  267983ms] [ERROR] ./src/components/sections/FamilyTree/PersonCardModal.tsx:80:7
the name `ListItem` is defined multiple times
  78 | `;
  79 |
> 80 | const ListItem = styled.button`
     |       ^^^^^^^^
  81 |     flex: 1;
  82 |     background: transparent;
  83 |     border: none;

Ecmascript file had an error

Import traces:
  Browser:
    ./src/components/sections/FamilyTree/PersonCardModal.tsx
    ./src/components/sections/FamilyTree/FamilyTree.tsx
    ./src/pages/tree.tsx

  SSR:
    ./src/components/sections/FamilyTree/PersonCardModal.tsx
    ./src/components/sections/FamilyTree/FamilyTree.tsx
    ./src/pages/tree.tsx @ http://localhost:3000/_next/static/chunks/node_modules_next_dist_0bc8q4g._.js:1952
[  267983ms] [ERROR] ./src/components/sections/FamilyTree/PersonCardModal.tsx:67:7
the name `ListRow` is defined multiple times
  65 | `;
  66 |
> 67 | const ListRow = styled.div`
     |       ^^^^^^^
  68 |     display: flex;
  69 |     align-items: center;
  70 |     gap: 6px;

Ecmascript file had an error

Import traces:
  Browser:
    ./src/components/sections/FamilyTree/PersonCardModal.tsx
    ./src/components/sections/FamilyTree/FamilyTree.tsx
    ./src/pages/tree.tsx

  SSR:
    ./src/components/sections/FamilyTree/PersonCardModal.tsx
    ./src/components/sections/FamilyTree/FamilyTree.tsx
    ./src/pages/tree.tsx @ http://localhost:3000/_next/static/chunks/node_modules_next_dist_0bc8q4g._.js:1952
[  267983ms] [ERROR] ./src/components/sections/FamilyTree/TreeSidebar.tsx:133:7
the name `MenuItem` is defined multiple times
  131 | `;
  132 |
> 133 | const MenuItem = styled.button`
      |       ^^^^^^^^
  134 |     width: 100%;
  135 |     border: 0;
  136 |     background: transparent;

Ecmascript file had an error

Import traces:
  Browser:
    ./src/components/sections/FamilyTree/TreeSidebar.tsx
    ./src/components/sections/FamilyTree/FamilyTree.tsx
    ./src/pages/tree.tsx

  SSR:
    ./src/components/sections/FamilyTree/TreeSidebar.tsx
    ./src/components/sections/FamilyTree/FamilyTree.tsx
    ./src/pages/tree.tsx @ http://localhost:3000/_next/static/chunks/node_modules_next_dist_0bc8q4g._.js:1952
[  267983ms] [ERROR] ./src/components/sections/FamilyTree/TreeSidebar.tsx:124:7
the name `Menu` is defined multiple times
  122 | `;
  123 |
> 124 | const Menu = styled.ul`
      |       ^^^^
  125 |     list-style: none;
  126 |     margin: 0;
  127 |     padding: 8px 22px 22px;

Ecmascript file had an error

Import traces:
  Browser:
    ./src/components/sections/FamilyTree/TreeSidebar.tsx
    ./src/components/sections/FamilyTree/FamilyTree.tsx
    ./src/pages/tree.tsx

  SSR:
    ./src/components/sections/FamilyTree/TreeSidebar.tsx
    ./src/components/sections/FamilyTree/FamilyTree.tsx
    ./src/pages/tree.tsx @ http://localhost:3000/_next/static/chunks/node_modules_next_dist_0bc8q4g._.js:1952
[  267983ms] [ERROR] ./src/components/sections/FamilyTree/TreeSidebar.tsx:24:7
the name `Panel` is defined multiple times
  22 | `;
  23 |
> 24 | const Panel = styled.aside<{ $open: boolean }>`
     |       ^^^^^
  25 |     position: fixed;
  26 |     top: 0;
  27 |     right: 0;

Ecmascript file had an error

Import traces:
  Browser:
    ./src/components/sections/FamilyTree/TreeSidebar.tsx
    ./src/components/sections/FamilyTree/FamilyTree.tsx
    ./src/pages/tree.tsx

  SSR:
    ./src/components/sections/FamilyTree/TreeSidebar.tsx
    ./src/components/sections/FamilyTree/FamilyTree.tsx
    ./src/pages/tree.tsx @ http://localhost:3000/_next/static/chunks/node_modules_next_dist_0bc8q4g._.js:1952
[  267984ms] [ERROR] ./src/components/sections/FamilyTree/PersonCardModal.tsx:95:7
the name `RemoveRelationButton` is defined multiple times
  93 | `;
  94 |
> 95 | const RemoveRelationButton = styled.button`
     |       ^^^^^^^^^^^^^^^^^^^^
  96 |     flex: 0 0 auto;
  97 |     display: inline-flex;
  98 |     align-items: center;

Ecmascript file had an error

Import traces:
  Browser:
    ./src/components/sections/FamilyTree/PersonCardModal.tsx
    ./src/components/sections/FamilyTree/FamilyTree.tsx
    ./src/pages/tree.tsx

  SSR:
    ./src/components/sections/FamilyTree/PersonCardModal.tsx
    ./src/components/sections/FamilyTree/FamilyTree.tsx
    ./src/pages/tree.tsx @ http://localhost:3000/_next/static/chunks/node_modules_next_dist_0bc8q4g._.js:1952
[  267984ms] [ERROR] ./src/components/sections/FamilyTree/TreeSidebar.tsx:43:7
the name `TopBar` is defined multiple times
  41 | `;
  42 |
> 43 | const TopBar = styled.div`
     |       ^^^^^^
  44 |     padding: 18px 22px 12px;
  45 |     display: flex;
  46 |     align-items: center;

Ecmascript file had an error

Import traces:
  Browser:
    ./src/components/sections/FamilyTree/TreeSidebar.tsx
    ./src/components/sections/FamilyTree/FamilyTree.tsx
    ./src/pages/tree.tsx

  SSR:
    ./src/components/sections/FamilyTree/TreeSidebar.tsx
    ./src/components/sections/FamilyTree/FamilyTree.tsx
    ./src/pages/tree.tsx @ http://localhost:3000/_next/static/chunks/node_modules_next_dist_0bc8q4g._.js:1952
[  267984ms] [ERROR] ./src/components/sections/FamilyTree/TreeSidebar.tsx:74:7
the name `TreeSelect` is defined multiple times
  72 | `;
  73 |
> 74 | const TreeSelect = styled.select`
     |       ^^^^^^^^^^
  75 |     width: 100%;
  76 |     background: ${color('cream')};
  77 |     border: 2px solid ${color('forest')};

Ecmascript file had an error

Import traces:
  Browser:
    ./src/components/sections/FamilyTree/TreeSidebar.tsx
    ./src/components/sections/FamilyTree/FamilyTree.tsx
    ./src/pages/tree.tsx

  SSR:
    ./src/components/sections/FamilyTree/TreeSidebar.tsx
    ./src/components/sections/FamilyTree/FamilyTree.tsx
    ./src/pages/tree.tsx @ http://localhost:3000/_next/static/chunks/node_modules_next_dist_0bc8q4g._.js:1952
[  268043ms] [LOG] [Fast Refresh] rebuilding @ http://localhost:3000/_next/static/chunks/node_modules_next_dist_0bc8q4g._.js:1233
[  275018ms] [ERROR] ./src/components/sections/FamilyTree/PersonCardModal.tsx:141:7
the name `ActionButton` is defined multiple times
  139 | `;
  140 |
> 141 | const ActionButton = styled.button`
      |       ^^^^^^^^^^^^
  142 |     background: ${color('landingCta')};
  143 |     color: ${color('white')};
  144 |     border: none;

Ecmascript file had an error

Import traces:
  Browser:
    ./src/components/sections/FamilyTree/PersonCardModal.tsx
    ./src/components/sections/FamilyTree/FamilyTree.tsx
    ./src/pages/tree.tsx

  SSR:
    ./src/components/sections/FamilyTree/PersonCardModal.tsx
    ./src/components/sections/FamilyTree/FamilyTree.tsx
    ./src/pages/tree.tsx @ http://localhost:3000/_next/static/chunks/node_modules_next_dist_0bc8q4g._.js:1952
[  275020ms] [ERROR] ./src/components/sections/FamilyTree/PersonCardModal.tsx:135:7
the name `ActionRow` is defined multiple times
  133 | `;
  134 |
> 135 | const ActionRow = styled.div`
      |       ^^^^^^^^^
  136 |     margin-top: 12px;
  137 |     display: flex;
  138 |     gap: 8px;

Ecmascript file had an error

Import traces:
  Browser:
    ./src/components/sections/FamilyTree/PersonCardModal.tsx
    ./src/components/sections/FamilyTree/FamilyTree.tsx
    ./src/pages/tree.tsx

  SSR:
    ./src/components/sections/FamilyTree/PersonCardModal.tsx
    ./src/components/sections/FamilyTree/FamilyTree.tsx
    ./src/pages/tree.tsx @ http://localhost:3000/_next/static/chunks/node_modules_next_dist_0bc8q4g._.js:1952
[  275020ms] [ERROR] ./src/components/sections/FamilyTree/PersonCardModal.tsx:45:7
the name `Avatar` is defined multiple times
  43 | `;
  44 |
> 45 | const Avatar = styled.div<{ $photo?: string }>`
     |       ^^^^^^
  46 |     width: 64px;
  47 |     height: 64px;
  48 |     border-radius: 50%;

Ecmascript file had an error

Import traces:
  Browser:
    ./src/components/sections/FamilyTree/PersonCardModal.tsx
    ./src/components/sections/FamilyTree/FamilyTree.tsx
    ./src/pages/tree.tsx

  SSR:
    ./src/components/sections/FamilyTree/PersonCardModal.tsx
    ./src/components/sections/FamilyTree/FamilyTree.tsx
    ./src/pages/tree.tsx @ http://localhost:3000/_next/static/chunks/node_modules_next_dist_0bc8q4g._.js:1952
[  275020ms] [ERROR] ./src/components/sections/FamilyTree/TreeSidebar.tsx:14:7
the name `Backdrop` is defined multiple times
  12 | } from './TreeSidebar.styled';
  13 |
> 14 | const Backdrop = styled.div<{ $open: boolean }>`
     |       ^^^^^^^^
  15 |     position: fixed;
  16 |     inset: 0;
  17 |     background: ${color('black', 0.18)};

Ecmascript file had an error

Import traces:
  Browser:
    ./src/components/sections/FamilyTree/TreeSidebar.tsx
    ./src/components/sections/FamilyTree/FamilyTree.tsx
    ./src/pages/tree.tsx

  SSR:
    ./src/components/sections/FamilyTree/TreeSidebar.tsx
    ./src/components/sections/FamilyTree/FamilyTree.tsx
    ./src/pages/tree.tsx @ http://localhost:3000/_next/static/chunks/node_modules_next_dist_0bc8q4g._.js:1952
[  275021ms] [ERROR] ./src/components/sections/FamilyTree/TreeSidebar.tsx:53:7
the name `CloseBtn` is defined multiple times
  51 | `;
  52 |
> 53 | const CloseBtn = styled.button`
     |       ^^^^^^^^
  54 |     background: transparent;
  55 |     border: none;
  56 |     color: ${color('textPrimary')};

Ecmascript file had an error

Import traces:
  Browser:
    ./src/components/sections/FamilyTree/TreeSidebar.tsx
    ./src/components/sections/FamilyTree/FamilyTree.tsx
    ./src/pages/tree.tsx

  SSR:
    ./src/components/sections/FamilyTree/TreeSidebar.tsx
    ./src/components/sections/FamilyTree/FamilyTree.tsx
    ./src/pages/tree.tsx @ http://localhost:3000/_next/static/chunks/node_modules_next_dist_0bc8q4g._.js:1952
[  275021ms] [ERROR] ./src/components/sections/FamilyTree/TreeSidebar.tsx:148:7
the name `CondensedMenuItem` is defined multiple times
  146 | `;
  147 |
> 148 | const CondensedMenuItem = styled(MenuItem)`
      |       ^^^^^^^^^^^^^^^^^
  149 |     ${font('mobileBody')};
  150 | `;
  151 |

Ecmascript file had an error

Import traces:
  Browser:
    ./src/components/sections/FamilyTree/TreeSidebar.tsx
    ./src/components/sections/FamilyTree/FamilyTree.tsx
    ./src/pages/tree.tsx

  SSR:
    ./src/components/sections/FamilyTree/TreeSidebar.tsx
    ./src/components/sections/FamilyTree/FamilyTree.tsx
    ./src/pages/tree.tsx @ http://localhost:3000/_next/static/chunks/node_modules_next_dist_0bc8q4g._.js:1952
[  275022ms] [ERROR] ./src/components/sections/FamilyTree/PersonCardModal.tsx:129:7
the name `Empty` is defined multiple times
  127 | `;
  128 |
> 129 | const Empty = styled.div`
      |       ^^^^^
  130 |     ${font('mobileControl')};
  131 |     color: ${color('textPrimary')};
  132 |     opacity: 0.6;

Ecmascript file had an error

Import traces:
  Browser:
    ./src/components/sections/FamilyTree/PersonCardModal.tsx
    ./src/components/sections/FamilyTree/FamilyTree.tsx
    ./src/pages/tree.tsx

  SSR:
    ./src/components/sections/FamilyTree/PersonCardModal.tsx
    ./src/components/sections/FamilyTree/FamilyTree.tsx
    ./src/pages/tree.tsx @ http://localhost:3000/_next/static/chunks/node_modules_next_dist_0bc8q4g._.js:1952
[  275022ms] [ERROR] ./src/components/sections/FamilyTree/PersonCardModal.tsx:61:7
the name `HeroMeta` is defined multiple times
  59 | `;
  60 |
> 61 | const HeroMeta = styled.div`
     |       ^^^^^^^^
  62 |     ${font('mobileControl')};
  63 |     color: ${color('textPrimary')};
  64 |     opacity: 0.75;

Ecmascript file had an error

Import traces:
  Browser:
    ./src/components/sections/FamilyTree/PersonCardModal.tsx
    ./src/components/sections/FamilyTree/FamilyTree.tsx
    ./src/pages/tree.tsx

  SSR:
    ./src/components/sections/FamilyTree/PersonCardModal.tsx
    ./src/components/sections/FamilyTree/FamilyTree.tsx
    ./src/pages/tree.tsx @ http://localhost:3000/_next/static/chunks/node_modules_next_dist_0bc8q4g._.js:1952
[  275022ms] [ERROR] ./src/components/sections/FamilyTree/PersonCardModal.tsx:56:7
the name `HeroName` is defined multiple times
  54 | `;
  55 |
> 56 | const HeroName = styled.div`
     |       ^^^^^^^^
  57 |     ${font('mobileHeader')};
  58 |     color: ${color('textPrimary')};
  59 | `;

Ecmascript file had an error

Import traces:
  Browser:
    ./src/components/sections/FamilyTree/PersonCardModal.tsx
    ./src/components/sections/FamilyTree/FamilyTree.tsx
    ./src/pages/tree.tsx

  SSR:
    ./src/components/sections/FamilyTree/PersonCardModal.tsx
    ./src/components/sections/FamilyTree/FamilyTree.tsx
    ./src/pages/tree.tsx @ http://localhost:3000/_next/static/chunks/node_modules_next_dist_0bc8q4g._.js:1952
[  275022ms] [ERROR] ./src/components/sections/FamilyTree/PersonCardModal.tsx:38:7
the name `Hero` is defined multiple times
  36 | } from './Modal.styled';
  37 |
> 38 | const Hero = styled.div`
     |       ^^^^
  39 |     display: flex;
  40 |     align-items: center;
  41 |     gap: 14px;

Ecmascript file had an error

Import traces:
  Browser:
    ./src/components/sections/FamilyTree/PersonCardModal.tsx
    ./src/components/sections/FamilyTree/FamilyTree.tsx
    ./src/pages/tree.tsx

  SSR:
    ./src/components/sections/FamilyTree/PersonCardModal.tsx
    ./src/components/sections/FamilyTree/FamilyTree.tsx
    ./src/pages/tree.tsx @ http://localhost:3000/_next/static/chunks/node_modules_next_dist_0bc8q4g._.js:1952
[  275022ms] [ERROR] ./src/components/sections/FamilyTree/PersonCardModal.tsx:119:7
the name `ListAvatar` is defined multiple times
  117 | `;
  118 |
> 119 | const ListAvatar = styled.div<{ $photo?: string }>`
      |       ^^^^^^^^^^
  120 |     width: 32px;
  121 |     height: 32px;
  122 |     border-radius: 50%;

Ecmascript file had an error

Import traces:
  Browser:
    ./src/components/sections/FamilyTree/PersonCardModal.tsx
    ./src/components/sections/FamilyTree/FamilyTree.tsx
    ./src/pages/tree.tsx

  SSR:
    ./src/components/sections/FamilyTree/PersonCardModal.tsx
    ./src/components/sections/FamilyTree/FamilyTree.tsx
    ./src/pages/tree.tsx @ http://localhost:3000/_next/static/chunks/node_modules_next_dist_0bc8q4g._.js:1952
[  275023ms] [ERROR] ./src/components/sections/FamilyTree/PersonCardModal.tsx:80:7
the name `ListItem` is defined multiple times
  78 | `;
  79 |
> 80 | const ListItem = styled.button`
     |       ^^^^^^^^
  81 |     flex: 1;
  82 |     background: transparent;
  83 |     border: none;

Ecmascript file had an error

Import traces:
  Browser:
    ./src/components/sections/FamilyTree/PersonCardModal.tsx
    ./src/components/sections/FamilyTree/FamilyTree.tsx
    ./src/pages/tree.tsx

  SSR:
    ./src/components/sections/FamilyTree/PersonCardModal.tsx
    ./src/components/sections/FamilyTree/FamilyTree.tsx
    ./src/pages/tree.tsx @ http://localhost:3000/_next/static/chunks/node_modules_next_dist_0bc8q4g._.js:1952
[  275023ms] [ERROR] ./src/components/sections/FamilyTree/PersonCardModal.tsx:67:7
the name `ListRow` is defined multiple times
  65 | `;
  66 |
> 67 | const ListRow = styled.div`
     |       ^^^^^^^
  68 |     display: flex;
  69 |     align-items: center;
  70 |     gap: 6px;

Ecmascript file had an error

Import traces:
  Browser:
    ./src/components/sections/FamilyTree/PersonCardModal.tsx
    ./src/components/sections/FamilyTree/FamilyTree.tsx
    ./src/pages/tree.tsx

  SSR:
    ./src/components/sections/FamilyTree/PersonCardModal.tsx
    ./src/components/sections/FamilyTree/FamilyTree.tsx
    ./src/pages/tree.tsx @ http://localhost:3000/_next/static/chunks/node_modules_next_dist_0bc8q4g._.js:1952
[  275023ms] [ERROR] ./src/components/sections/FamilyTree/TreeSidebar.tsx:133:7
the name `MenuItem` is defined multiple times
  131 | `;
  132 |
> 133 | const MenuItem = styled.button`
      |       ^^^^^^^^
  134 |     width: 100%;
  135 |     border: 0;
  136 |     background: transparent;

Ecmascript file had an error

Import traces:
  Browser:
    ./src/components/sections/FamilyTree/TreeSidebar.tsx
    ./src/components/sections/FamilyTree/FamilyTree.tsx
    ./src/pages/tree.tsx

  SSR:
    ./src/components/sections/FamilyTree/TreeSidebar.tsx
    ./src/components/sections/FamilyTree/FamilyTree.tsx
    ./src/pages/tree.tsx @ http://localhost:3000/_next/static/chunks/node_modules_next_dist_0bc8q4g._.js:1952
[  275023ms] [ERROR] ./src/components/sections/FamilyTree/TreeSidebar.tsx:124:7
the name `Menu` is defined multiple times
  122 | `;
  123 |
> 124 | const Menu = styled.ul`
      |       ^^^^
  125 |     list-style: none;
  126 |     margin: 0;
  127 |     padding: 8px 22px 22px;

Ecmascript file had an error

Import traces:
  Browser:
    ./src/components/sections/FamilyTree/TreeSidebar.tsx
    ./src/components/sections/FamilyTree/FamilyTree.tsx
    ./src/pages/tree.tsx

  SSR:
    ./src/components/sections/FamilyTree/TreeSidebar.tsx
    ./src/components/sections/FamilyTree/FamilyTree.tsx
    ./src/pages/tree.tsx @ http://localhost:3000/_next/static/chunks/node_modules_next_dist_0bc8q4g._.js:1952
[  275023ms] [ERROR] ./src/components/sections/FamilyTree/TreeSidebar.tsx:24:7
the name `Panel` is defined multiple times
  22 | `;
  23 |
> 24 | const Panel = styled.aside<{ $open: boolean }>`
     |       ^^^^^
  25 |     position: fixed;
  26 |     top: 0;
  27 |     right: 0;

Ecmascript file had an error

Import traces:
  Browser:
    ./src/components/sections/FamilyTree/TreeSidebar.tsx
    ./src/components/sections/FamilyTree/FamilyTree.tsx
    ./src/pages/tree.tsx

  SSR:
    ./src/components/sections/FamilyTree/TreeSidebar.tsx
    ./src/components/sections/FamilyTree/FamilyTree.tsx
    ./src/pages/tree.tsx @ http://localhost:3000/_next/static/chunks/node_modules_next_dist_0bc8q4g._.js:1952
[  275023ms] [ERROR] ./src/components/sections/FamilyTree/PersonCardModal.tsx:95:7
the name `RemoveRelationButton` is defined multiple times
  93 | `;
  94 |
> 95 | const RemoveRelationButton = styled.button`
     |       ^^^^^^^^^^^^^^^^^^^^
  96 |     flex: 0 0 auto;
  97 |     display: inline-flex;
  98 |     align-items: center;

Ecmascript file had an error

Import traces:
  Browser:
    ./src/components/sections/FamilyTree/PersonCardModal.tsx
    ./src/components/sections/FamilyTree/FamilyTree.tsx
    ./src/pages/tree.tsx

  SSR:
    ./src/components/sections/FamilyTree/PersonCardModal.tsx
    ./src/components/sections/FamilyTree/FamilyTree.tsx
    ./src/pages/tree.tsx @ http://localhost:3000/_next/static/chunks/node_modules_next_dist_0bc8q4g._.js:1952
[  275024ms] [ERROR] ./src/components/sections/FamilyTree/TreeSidebar.tsx:43:7
the name `TopBar` is defined multiple times
  41 | `;
  42 |
> 43 | const TopBar = styled.div`
     |       ^^^^^^
  44 |     padding: 18px 22px 12px;
  45 |     display: flex;
  46 |     align-items: center;

Ecmascript file had an error

Import traces:
  Browser:
    ./src/components/sections/FamilyTree/TreeSidebar.tsx
    ./src/components/sections/FamilyTree/FamilyTree.tsx
    ./src/pages/tree.tsx

  SSR:
    ./src/components/sections/FamilyTree/TreeSidebar.tsx
    ./src/components/sections/FamilyTree/FamilyTree.tsx
    ./src/pages/tree.tsx @ http://localhost:3000/_next/static/chunks/node_modules_next_dist_0bc8q4g._.js:1952
[  275024ms] [ERROR] ./src/components/sections/FamilyTree/TreeSidebar.tsx:74:7
the name `TreeSelect` is defined multiple times
  72 | `;
  73 |
> 74 | const TreeSelect = styled.select`
     |       ^^^^^^^^^^
  75 |     width: 100%;
  76 |     background: ${color('cream')};
  77 |     border: 2px solid ${color('forest')};

Ecmascript file had an error

Import traces:
  Browser:
    ./src/components/sections/FamilyTree/TreeSidebar.tsx
    ./src/components/sections/FamilyTree/FamilyTree.tsx
    ./src/pages/tree.tsx

  SSR:
    ./src/components/sections/FamilyTree/TreeSidebar.tsx
    ./src/components/sections/FamilyTree/FamilyTree.tsx
    ./src/pages/tree.tsx @ http://localhost:3000/_next/static/chunks/node_modules_next_dist_0bc8q4g._.js:1952
[  275064ms] [LOG] [Fast Refresh] rebuilding @ http://localhost:3000/_next/static/chunks/node_modules_next_dist_0bc8q4g._.js:1233
[  327998ms] [ERROR] ./src/components/sections/FamilyTree/PersonCardModal.tsx:141:7
the name `ActionButton` is defined multiple times
  139 | `;
  140 |
> 141 | const ActionButton = styled.button`
      |       ^^^^^^^^^^^^
  142 |     background: ${color('landingCta')};
  143 |     color: ${color('white')};
  144 |     border: none;

Ecmascript file had an error

Import traces:
  Browser:
    ./src/components/sections/FamilyTree/PersonCardModal.tsx
    ./src/components/sections/FamilyTree/FamilyTree.tsx
    ./src/pages/tree.tsx

  SSR:
    ./src/components/sections/FamilyTree/PersonCardModal.tsx
    ./src/components/sections/FamilyTree/FamilyTree.tsx
    ./src/pages/tree.tsx @ http://localhost:3000/_next/static/chunks/node_modules_next_dist_0bc8q4g._.js:1952
[  327998ms] [ERROR] ./src/components/sections/FamilyTree/PersonCardModal.tsx:135:7
the name `ActionRow` is defined multiple times
  133 | `;
  134 |
> 135 | const ActionRow = styled.div`
      |       ^^^^^^^^^
  136 |     margin-top: 12px;
  137 |     display: flex;
  138 |     gap: 8px;

Ecmascript file had an error

Import traces:
  Browser:
    ./src/components/sections/FamilyTree/PersonCardModal.tsx
    ./src/components/sections/FamilyTree/FamilyTree.tsx
    ./src/pages/tree.tsx

  SSR:
    ./src/components/sections/FamilyTree/PersonCardModal.tsx
    ./src/components/sections/FamilyTree/FamilyTree.tsx
    ./src/pages/tree.tsx @ http://localhost:3000/_next/static/chunks/node_modules_next_dist_0bc8q4g._.js:1952
[  327999ms] [ERROR] ./src/components/sections/FamilyTree/PersonCardModal.tsx:45:7
the name `Avatar` is defined multiple times
  43 | `;
  44 |
> 45 | const Avatar = styled.div<{ $photo?: string }>`
     |       ^^^^^^
  46 |     width: 64px;
  47 |     height: 64px;
  48 |     border-radius: 50%;

Ecmascript file had an error

Import traces:
  Browser:
    ./src/components/sections/FamilyTree/PersonCardModal.tsx
    ./src/components/sections/FamilyTree/FamilyTree.tsx
    ./src/pages/tree.tsx

  SSR:
    ./src/components/sections/FamilyTree/PersonCardModal.tsx
    ./src/components/sections/FamilyTree/FamilyTree.tsx
    ./src/pages/tree.tsx @ http://localhost:3000/_next/static/chunks/node_modules_next_dist_0bc8q4g._.js:1952
[  327999ms] [ERROR] ./src/components/sections/FamilyTree/TreeSidebar.tsx:14:7
the name `Backdrop` is defined multiple times
  12 | } from './TreeSidebar.styled';
  13 |
> 14 | const Backdrop = styled.div<{ $open: boolean }>`
     |       ^^^^^^^^
  15 |     position: fixed;
  16 |     inset: 0;
  17 |     background: ${color('black', 0.18)};

Ecmascript file had an error

Import traces:
  Browser:
    ./src/components/sections/FamilyTree/TreeSidebar.tsx
    ./src/components/sections/FamilyTree/FamilyTree.tsx
    ./src/pages/tree.tsx

  SSR:
    ./src/components/sections/FamilyTree/TreeSidebar.tsx
    ./src/components/sections/FamilyTree/FamilyTree.tsx
    ./src/pages/tree.tsx @ http://localhost:3000/_next/static/chunks/node_modules_next_dist_0bc8q4g._.js:1952
[  327999ms] [ERROR] ./src/components/sections/FamilyTree/TreeSidebar.tsx:53:7
the name `CloseBtn` is defined multiple times
  51 | `;
  52 |
> 53 | const CloseBtn = styled.button`
     |       ^^^^^^^^
  54 |     background: transparent;
  55 |     border: none;
  56 |     color: ${color('textPrimary')};

Ecmascript file had an error

Import traces:
  Browser:
    ./src/components/sections/FamilyTree/TreeSidebar.tsx
    ./src/components/sections/FamilyTree/FamilyTree.tsx
    ./src/pages/tree.tsx

  SSR:
    ./src/components/sections/FamilyTree/TreeSidebar.tsx
    ./src/components/sections/FamilyTree/FamilyTree.tsx
    ./src/pages/tree.tsx @ http://localhost:3000/_next/static/chunks/node_modules_next_dist_0bc8q4g._.js:1952
[  328000ms] [ERROR] ./src/components/sections/FamilyTree/TreeSidebar.tsx:148:7
the name `CondensedMenuItem` is defined multiple times
  146 | `;
  147 |
> 148 | const CondensedMenuItem = styled(MenuItem)`
      |       ^^^^^^^^^^^^^^^^^
  149 |     ${font('mobileBody')};
  150 | `;
  151 |

Ecmascript file had an error

Import traces:
  Browser:
    ./src/components/sections/FamilyTree/TreeSidebar.tsx
    ./src/components/sections/FamilyTree/FamilyTree.tsx
    ./src/pages/tree.tsx

  SSR:
    ./src/components/sections/FamilyTree/TreeSidebar.tsx
    ./src/components/sections/FamilyTree/FamilyTree.tsx
    ./src/pages/tree.tsx @ http://localhost:3000/_next/static/chunks/node_modules_next_dist_0bc8q4g._.js:1952
[  328000ms] [ERROR] ./src/components/sections/FamilyTree/PersonCardModal.tsx:129:7
the name `Empty` is defined multiple times
  127 | `;
  128 |
> 129 | const Empty = styled.div`
      |       ^^^^^
  130 |     ${font('mobileControl')};
  131 |     color: ${color('textPrimary')};
  132 |     opacity: 0.6;

Ecmascript file had an error

Import traces:
  Browser:
    ./src/components/sections/FamilyTree/PersonCardModal.tsx
    ./src/components/sections/FamilyTree/FamilyTree.tsx
    ./src/pages/tree.tsx

  SSR:
    ./src/components/sections/FamilyTree/PersonCardModal.tsx
    ./src/components/sections/FamilyTree/FamilyTree.tsx
    ./src/pages/tree.tsx @ http://localhost:3000/_next/static/chunks/node_modules_next_dist_0bc8q4g._.js:1952
[  328000ms] [ERROR] ./src/components/sections/FamilyTree/PersonCardModal.tsx:61:7
the name `HeroMeta` is defined multiple times
  59 | `;
  60 |
> 61 | const HeroMeta = styled.div`
     |       ^^^^^^^^
  62 |     ${font('mobileControl')};
  63 |     color: ${color('textPrimary')};
  64 |     opacity: 0.75;

Ecmascript file had an error

Import traces:
  Browser:
    ./src/components/sections/FamilyTree/PersonCardModal.tsx
    ./src/components/sections/FamilyTree/FamilyTree.tsx
    ./src/pages/tree.tsx

  SSR:
    ./src/components/sections/FamilyTree/PersonCardModal.tsx
    ./src/components/sections/FamilyTree/FamilyTree.tsx
    ./src/pages/tree.tsx @ http://localhost:3000/_next/static/chunks/node_modules_next_dist_0bc8q4g._.js:1952
[  328000ms] [ERROR] ./src/components/sections/FamilyTree/PersonCardModal.tsx:56:7
the name `HeroName` is defined multiple times
  54 | `;
  55 |
> 56 | const HeroName = styled.div`
     |       ^^^^^^^^
  57 |     ${font('mobileHeader')};
  58 |     color: ${color('textPrimary')};
  59 | `;

Ecmascript file had an error

Import traces:
  Browser:
    ./src/components/sections/FamilyTree/PersonCardModal.tsx
    ./src/components/sections/FamilyTree/FamilyTree.tsx
    ./src/pages/tree.tsx

  SSR:
    ./src/components/sections/FamilyTree/PersonCardModal.tsx
    ./src/components/sections/FamilyTree/FamilyTree.tsx
    ./src/pages/tree.tsx @ http://localhost:3000/_next/static/chunks/node_modules_next_dist_0bc8q4g._.js:1952
[  328001ms] [ERROR] ./src/components/sections/FamilyTree/PersonCardModal.tsx:38:7
the name `Hero` is defined multiple times
  36 | } from './Modal.styled';
  37 |
> 38 | const Hero = styled.div`
     |       ^^^^
  39 |     display: flex;
  40 |     align-items: center;
  41 |     gap: 14px;

Ecmascript file had an error

Import traces:
  Browser:
    ./src/components/sections/FamilyTree/PersonCardModal.tsx
    ./src/components/sections/FamilyTree/FamilyTree.tsx
    ./src/pages/tree.tsx

  SSR:
    ./src/components/sections/FamilyTree/PersonCardModal.tsx
    ./src/components/sections/FamilyTree/FamilyTree.tsx
    ./src/pages/tree.tsx @ http://localhost:3000/_next/static/chunks/node_modules_next_dist_0bc8q4g._.js:1952
[  328001ms] [ERROR] ./src/components/sections/FamilyTree/PersonCardModal.tsx:119:7
the name `ListAvatar` is defined multiple times
  117 | `;
  118 |
> 119 | const ListAvatar = styled.div<{ $photo?: string }>`
      |       ^^^^^^^^^^
  120 |     width: 32px;
  121 |     height: 32px;
  122 |     border-radius: 50%;

Ecmascript file had an error

Import traces:
  Browser:
    ./src/components/sections/FamilyTree/PersonCardModal.tsx
    ./src/components/sections/FamilyTree/FamilyTree.tsx
    ./src/pages/tree.tsx

  SSR:
    ./src/components/sections/FamilyTree/PersonCardModal.tsx
    ./src/components/sections/FamilyTree/FamilyTree.tsx
    ./src/pages/tree.tsx @ http://localhost:3000/_next/static/chunks/node_modules_next_dist_0bc8q4g._.js:1952
[  328001ms] [ERROR] ./src/components/sections/FamilyTree/PersonCardModal.tsx:80:7
the name `ListItem` is defined multiple times
  78 | `;
  79 |
> 80 | const ListItem = styled.button`
     |       ^^^^^^^^
  81 |     flex: 1;
  82 |     background: transparent;
  83 |     border: none;

Ecmascript file had an error

Import traces:
  Browser:
    ./src/components/sections/FamilyTree/PersonCardModal.tsx
    ./src/components/sections/FamilyTree/FamilyTree.tsx
    ./src/pages/tree.tsx

  SSR:
    ./src/components/sections/FamilyTree/PersonCardModal.tsx
    ./src/components/sections/FamilyTree/FamilyTree.tsx
    ./src/pages/tree.tsx @ http://localhost:3000/_next/static/chunks/node_modules_next_dist_0bc8q4g._.js:1952
[  328001ms] [ERROR] ./src/components/sections/FamilyTree/PersonCardModal.tsx:67:7
the name `ListRow` is defined multiple times
  65 | `;
  66 |
> 67 | const ListRow = styled.div`
     |       ^^^^^^^
  68 |     display: flex;
  69 |     align-items: center;
  70 |     gap: 6px;

Ecmascript file had an error

Import traces:
  Browser:
    ./src/components/sections/FamilyTree/PersonCardModal.tsx
    ./src/components/sections/FamilyTree/FamilyTree.tsx
    ./src/pages/tree.tsx

  SSR:
    ./src/components/sections/FamilyTree/PersonCardModal.tsx
    ./src/components/sections/FamilyTree/FamilyTree.tsx
    ./src/pages/tree.tsx @ http://localhost:3000/_next/static/chunks/node_modules_next_dist_0bc8q4g._.js:1952
[  328001ms] [ERROR] ./src/components/sections/FamilyTree/TreeSidebar.tsx:133:7
the name `MenuItem` is defined multiple times
  131 | `;
  132 |
> 133 | const MenuItem = styled.button`
      |       ^^^^^^^^
  134 |     width: 100%;
  135 |     border: 0;
  136 |     background: transparent;

Ecmascript file had an error

Import traces:
  Browser:
    ./src/components/sections/FamilyTree/TreeSidebar.tsx
    ./src/components/sections/FamilyTree/FamilyTree.tsx
    ./src/pages/tree.tsx

  SSR:
    ./src/components/sections/FamilyTree/TreeSidebar.tsx
    ./src/components/sections/FamilyTree/FamilyTree.tsx
    ./src/pages/tree.tsx @ http://localhost:3000/_next/static/chunks/node_modules_next_dist_0bc8q4g._.js:1952
[  328002ms] [ERROR] ./src/components/sections/FamilyTree/TreeSidebar.tsx:124:7
the name `Menu` is defined multiple times
  122 | `;
  123 |
> 124 | const Menu = styled.ul`
      |       ^^^^
  125 |     list-style: none;
  126 |     margin: 0;
  127 |     padding: 8px 22px 22px;

Ecmascript file had an error

Import traces:
  Browser:
    ./src/components/sections/FamilyTree/TreeSidebar.tsx
    ./src/components/sections/FamilyTree/FamilyTree.tsx
    ./src/pages/tree.tsx

  SSR:
    ./src/components/sections/FamilyTree/TreeSidebar.tsx
    ./src/components/sections/FamilyTree/FamilyTree.tsx
    ./src/pages/tree.tsx @ http://localhost:3000/_next/static/chunks/node_modules_next_dist_0bc8q4g._.js:1952
[  328002ms] [ERROR] ./src/components/sections/FamilyTree/TreeSidebar.tsx:24:7
the name `Panel` is defined multiple times
  22 | `;
  23 |
> 24 | const Panel = styled.aside<{ $open: boolean }>`
     |       ^^^^^
  25 |     position: fixed;
  26 |     top: 0;
  27 |     right: 0;

Ecmascript file had an error

Import traces:
  Browser:
    ./src/components/sections/FamilyTree/TreeSidebar.tsx
    ./src/components/sections/FamilyTree/FamilyTree.tsx
    ./src/pages/tree.tsx

  SSR:
    ./src/components/sections/FamilyTree/TreeSidebar.tsx
    ./src/components/sections/FamilyTree/FamilyTree.tsx
    ./src/pages/tree.tsx @ http://localhost:3000/_next/static/chunks/node_modules_next_dist_0bc8q4g._.js:1952
[  328002ms] [ERROR] ./src/components/sections/FamilyTree/PersonCardModal.tsx:95:7
the name `RemoveRelationButton` is defined multiple times
  93 | `;
  94 |
> 95 | const RemoveRelationButton = styled.button`
     |       ^^^^^^^^^^^^^^^^^^^^
  96 |     flex: 0 0 auto;
  97 |     display: inline-flex;
  98 |     align-items: center;

Ecmascript file had an error

Import traces:
  Browser:
    ./src/components/sections/FamilyTree/PersonCardModal.tsx
    ./src/components/sections/FamilyTree/FamilyTree.tsx
    ./src/pages/tree.tsx

  SSR:
    ./src/components/sections/FamilyTree/PersonCardModal.tsx
    ./src/components/sections/FamilyTree/FamilyTree.tsx
    ./src/pages/tree.tsx @ http://localhost:3000/_next/static/chunks/node_modules_next_dist_0bc8q4g._.js:1952
[  328002ms] [ERROR] ./src/components/sections/FamilyTree/TreeSidebar.tsx:43:7
the name `TopBar` is defined multiple times
  41 | `;
  42 |
> 43 | const TopBar = styled.div`
     |       ^^^^^^
  44 |     padding: 18px 22px 12px;
  45 |     display: flex;
  46 |     align-items: center;

Ecmascript file had an error

Import traces:
  Browser:
    ./src/components/sections/FamilyTree/TreeSidebar.tsx
    ./src/components/sections/FamilyTree/FamilyTree.tsx
    ./src/pages/tree.tsx

  SSR:
    ./src/components/sections/FamilyTree/TreeSidebar.tsx
    ./src/components/sections/FamilyTree/FamilyTree.tsx
    ./src/pages/tree.tsx @ http://localhost:3000/_next/static/chunks/node_modules_next_dist_0bc8q4g._.js:1952
[  328003ms] [ERROR] ./src/components/sections/FamilyTree/TreeSidebar.tsx:74:7
the name `TreeSelect` is defined multiple times
  72 | `;
  73 |
> 74 | const TreeSelect = styled.select`
     |       ^^^^^^^^^^
  75 |     width: 100%;
  76 |     background: ${color('cream')};
  77 |     border: 2px solid ${color('forest')};

Ecmascript file had an error

Import traces:
  Browser:
    ./src/components/sections/FamilyTree/TreeSidebar.tsx
    ./src/components/sections/FamilyTree/FamilyTree.tsx
    ./src/pages/tree.tsx

  SSR:
    ./src/components/sections/FamilyTree/TreeSidebar.tsx
    ./src/components/sections/FamilyTree/FamilyTree.tsx
    ./src/pages/tree.tsx @ http://localhost:3000/_next/static/chunks/node_modules_next_dist_0bc8q4g._.js:1952
[  328058ms] [LOG] [Fast Refresh] rebuilding @ http://localhost:3000/_next/static/chunks/node_modules_next_dist_0bc8q4g._.js:1233
[  334998ms] [ERROR] ./src/components/sections/FamilyTree/PersonCardModal.tsx:141:7
the name `ActionButton` is defined multiple times
  139 | `;
  140 |
> 141 | const ActionButton = styled.button`
      |       ^^^^^^^^^^^^
  142 |     background: ${color('landingCta')};
  143 |     color: ${color('white')};
  144 |     border: none;

Ecmascript file had an error

Import traces:
  Browser:
    ./src/components/sections/FamilyTree/PersonCardModal.tsx
    ./src/components/sections/FamilyTree/FamilyTree.tsx
    ./src/pages/tree.tsx

  SSR:
    ./src/components/sections/FamilyTree/PersonCardModal.tsx
    ./src/components/sections/FamilyTree/FamilyTree.tsx
    ./src/pages/tree.tsx @ http://localhost:3000/_next/static/chunks/node_modules_next_dist_0bc8q4g._.js:1952
[  334998ms] [ERROR] ./src/components/sections/FamilyTree/PersonCardModal.tsx:135:7
the name `ActionRow` is defined multiple times
  133 | `;
  134 |
> 135 | const ActionRow = styled.div`
      |       ^^^^^^^^^
  136 |     margin-top: 12px;
  137 |     display: flex;
  138 |     gap: 8px;

Ecmascript file had an error

Import traces:
  Browser:
    ./src/components/sections/FamilyTree/PersonCardModal.tsx
    ./src/components/sections/FamilyTree/FamilyTree.tsx
    ./src/pages/tree.tsx

  SSR:
    ./src/components/sections/FamilyTree/PersonCardModal.tsx
    ./src/components/sections/FamilyTree/FamilyTree.tsx
    ./src/pages/tree.tsx @ http://localhost:3000/_next/static/chunks/node_modules_next_dist_0bc8q4g._.js:1952
[  334998ms] [ERROR] ./src/components/sections/FamilyTree/PersonCardModal.tsx:45:7
the name `Avatar` is defined multiple times
  43 | `;
  44 |
> 45 | const Avatar = styled.div<{ $photo?: string }>`
     |       ^^^^^^
  46 |     width: 64px;
  47 |     height: 64px;
  48 |     border-radius: 50%;

Ecmascript file had an error

Import traces:
  Browser:
    ./src/components/sections/FamilyTree/PersonCardModal.tsx
    ./src/components/sections/FamilyTree/FamilyTree.tsx
    ./src/pages/tree.tsx

  SSR:
    ./src/components/sections/FamilyTree/PersonCardModal.tsx
    ./src/components/sections/FamilyTree/FamilyTree.tsx
    ./src/pages/tree.tsx @ http://localhost:3000/_next/static/chunks/node_modules_next_dist_0bc8q4g._.js:1952
[  334998ms] [ERROR] ./src/components/sections/FamilyTree/TreeSidebar.tsx:14:7
the name `Backdrop` is defined multiple times
  12 | } from './TreeSidebar.styled';
  13 |
> 14 | const Backdrop = styled.div<{ $open: boolean }>`
     |       ^^^^^^^^
  15 |     position: fixed;
  16 |     inset: 0;
  17 |     background: ${color('black', 0.18)};

Ecmascript file had an error

Import traces:
  Browser:
    ./src/components/sections/FamilyTree/TreeSidebar.tsx
    ./src/components/sections/FamilyTree/FamilyTree.tsx
    ./src/pages/tree.tsx

  SSR:
    ./src/components/sections/FamilyTree/TreeSidebar.tsx
    ./src/components/sections/FamilyTree/FamilyTree.tsx
    ./src/pages/tree.tsx @ http://localhost:3000/_next/static/chunks/node_modules_next_dist_0bc8q4g._.js:1952
[  334998ms] [ERROR] ./src/components/sections/FamilyTree/TreeSidebar.tsx:53:7
the name `CloseBtn` is defined multiple times
  51 | `;
  52 |
> 53 | const CloseBtn = styled.button`
     |       ^^^^^^^^
  54 |     background: transparent;
  55 |     border: none;
  56 |     color: ${color('textPrimary')};

Ecmascript file had an error

Import traces:
  Browser:
    ./src/components/sections/FamilyTree/TreeSidebar.tsx
    ./src/components/sections/FamilyTree/FamilyTree.tsx
    ./src/pages/tree.tsx

  SSR:
    ./src/components/sections/FamilyTree/TreeSidebar.tsx
    ./src/components/sections/FamilyTree/FamilyTree.tsx
    ./src/pages/tree.tsx @ http://localhost:3000/_next/static/chunks/node_modules_next_dist_0bc8q4g._.js:1952
[  334998ms] [ERROR] ./src/components/sections/FamilyTree/TreeSidebar.tsx:148:7
the name `CondensedMenuItem` is defined multiple times
  146 | `;
  147 |
> 148 | const CondensedMenuItem = styled(MenuItem)`
      |       ^^^^^^^^^^^^^^^^^
  149 |     ${font('mobileBody')};
  150 | `;
  151 |

Ecmascript file had an error

Import traces:
  Browser:
    ./src/components/sections/FamilyTree/TreeSidebar.tsx
    ./src/components/sections/FamilyTree/FamilyTree.tsx
    ./src/pages/tree.tsx

  SSR:
    ./src/components/sections/FamilyTree/TreeSidebar.tsx
    ./src/components/sections/FamilyTree/FamilyTree.tsx
    ./src/pages/tree.tsx @ http://localhost:3000/_next/static/chunks/node_modules_next_dist_0bc8q4g._.js:1952
[  334999ms] [ERROR] ./src/components/sections/FamilyTree/PersonCardModal.tsx:129:7
the name `Empty` is defined multiple times
  127 | `;
  128 |
> 129 | const Empty = styled.div`
      |       ^^^^^
  130 |     ${font('mobileControl')};
  131 |     color: ${color('textPrimary')};
  132 |     opacity: 0.6;

Ecmascript file had an error

Import traces:
  Browser:
    ./src/components/sections/FamilyTree/PersonCardModal.tsx
    ./src/components/sections/FamilyTree/FamilyTree.tsx
    ./src/pages/tree.tsx

  SSR:
    ./src/components/sections/FamilyTree/PersonCardModal.tsx
    ./src/components/sections/FamilyTree/FamilyTree.tsx
    ./src/pages/tree.tsx @ http://localhost:3000/_next/static/chunks/node_modules_next_dist_0bc8q4g._.js:1952
[  334999ms] [ERROR] ./src/components/sections/FamilyTree/PersonCardModal.tsx:61:7
the name `HeroMeta` is defined multiple times
  59 | `;
  60 |
> 61 | const HeroMeta = styled.div`
     |       ^^^^^^^^
  62 |     ${font('mobileControl')};
  63 |     color: ${color('textPrimary')};
  64 |     opacity: 0.75;

Ecmascript file had an error

Import traces:
  Browser:
    ./src/components/sections/FamilyTree/PersonCardModal.tsx
    ./src/components/sections/FamilyTree/FamilyTree.tsx
    ./src/pages/tree.tsx

  SSR:
    ./src/components/sections/FamilyTree/PersonCardModal.tsx
    ./src/components/sections/FamilyTree/FamilyTree.tsx
    ./src/pages/tree.tsx @ http://localhost:3000/_next/static/chunks/node_modules_next_dist_0bc8q4g._.js:1952
[  334999ms] [ERROR] ./src/components/sections/FamilyTree/PersonCardModal.tsx:56:7
the name `HeroName` is defined multiple times
  54 | `;
  55 |
> 56 | const HeroName = styled.div`
     |       ^^^^^^^^
  57 |     ${font('mobileHeader')};
  58 |     color: ${color('textPrimary')};
  59 | `;

Ecmascript file had an error

Import traces:
  Browser:
    ./src/components/sections/FamilyTree/PersonCardModal.tsx
    ./src/components/sections/FamilyTree/FamilyTree.tsx
    ./src/pages/tree.tsx

  SSR:
    ./src/components/sections/FamilyTree/PersonCardModal.tsx
    ./src/components/sections/FamilyTree/FamilyTree.tsx
    ./src/pages/tree.tsx @ http://localhost:3000/_next/static/chunks/node_modules_next_dist_0bc8q4g._.js:1952
[  334999ms] [ERROR] ./src/components/sections/FamilyTree/PersonCardModal.tsx:38:7
the name `Hero` is defined multiple times
  36 | } from './Modal.styled';
  37 |
> 38 | const Hero = styled.div`
     |       ^^^^
  39 |     display: flex;
  40 |     align-items: center;
  41 |     gap: 14px;

Ecmascript file had an error

Import traces:
  Browser:
    ./src/components/sections/FamilyTree/PersonCardModal.tsx
    ./src/components/sections/FamilyTree/FamilyTree.tsx
    ./src/pages/tree.tsx

  SSR:
    ./src/components/sections/FamilyTree/PersonCardModal.tsx
    ./src/components/sections/FamilyTree/FamilyTree.tsx
    ./src/pages/tree.tsx @ http://localhost:3000/_next/static/chunks/node_modules_next_dist_0bc8q4g._.js:1952
[  334999ms] [ERROR] ./src/components/sections/FamilyTree/PersonCardModal.tsx:119:7
the name `ListAvatar` is defined multiple times
  117 | `;
  118 |
> 119 | const ListAvatar = styled.div<{ $photo?: string }>`
      |       ^^^^^^^^^^
  120 |     width: 32px;
  121 |     height: 32px;
  122 |     border-radius: 50%;

Ecmascript file had an error

Import traces:
  Browser:
    ./src/components/sections/FamilyTree/PersonCardModal.tsx
    ./src/components/sections/FamilyTree/FamilyTree.tsx
    ./src/pages/tree.tsx

  SSR:
    ./src/components/sections/FamilyTree/PersonCardModal.tsx
    ./src/components/sections/FamilyTree/FamilyTree.tsx
    ./src/pages/tree.tsx @ http://localhost:3000/_next/static/chunks/node_modules_next_dist_0bc8q4g._.js:1952
[  334999ms] [ERROR] ./src/components/sections/FamilyTree/PersonCardModal.tsx:80:7
the name `ListItem` is defined multiple times
  78 | `;
  79 |
> 80 | const ListItem = styled.button`
     |       ^^^^^^^^
  81 |     flex: 1;
  82 |     background: transparent;
  83 |     border: none;

Ecmascript file had an error

Import traces:
  Browser:
    ./src/components/sections/FamilyTree/PersonCardModal.tsx
    ./src/components/sections/FamilyTree/FamilyTree.tsx
    ./src/pages/tree.tsx

  SSR:
    ./src/components/sections/FamilyTree/PersonCardModal.tsx
    ./src/components/sections/FamilyTree/FamilyTree.tsx
    ./src/pages/tree.tsx @ http://localhost:3000/_next/static/chunks/node_modules_next_dist_0bc8q4g._.js:1952
[  334999ms] [ERROR] ./src/components/sections/FamilyTree/PersonCardModal.tsx:67:7
the name `ListRow` is defined multiple times
  65 | `;
  66 |
> 67 | const ListRow = styled.div`
     |       ^^^^^^^
  68 |     display: flex;
  69 |     align-items: center;
  70 |     gap: 6px;

Ecmascript file had an error

Import traces:
  Browser:
    ./src/components/sections/FamilyTree/PersonCardModal.tsx
    ./src/components/sections/FamilyTree/FamilyTree.tsx
    ./src/pages/tree.tsx

  SSR:
    ./src/components/sections/FamilyTree/PersonCardModal.tsx
    ./src/components/sections/FamilyTree/FamilyTree.tsx
    ./src/pages/tree.tsx @ http://localhost:3000/_next/static/chunks/node_modules_next_dist_0bc8q4g._.js:1952
[  334999ms] [ERROR] ./src/components/sections/FamilyTree/TreeSidebar.tsx:133:7
the name `MenuItem` is defined multiple times
  131 | `;
  132 |
> 133 | const MenuItem = styled.button`
      |       ^^^^^^^^
  134 |     width: 100%;
  135 |     border: 0;
  136 |     background: transparent;

Ecmascript file had an error

Import traces:
  Browser:
    ./src/components/sections/FamilyTree/TreeSidebar.tsx
    ./src/components/sections/FamilyTree/FamilyTree.tsx
    ./src/pages/tree.tsx

  SSR:
    ./src/components/sections/FamilyTree/TreeSidebar.tsx
    ./src/components/sections/FamilyTree/FamilyTree.tsx
    ./src/pages/tree.tsx @ http://localhost:3000/_next/static/chunks/node_modules_next_dist_0bc8q4g._.js:1952
[  334999ms] [ERROR] ./src/components/sections/FamilyTree/TreeSidebar.tsx:124:7
the name `Menu` is defined multiple times
  122 | `;
  123 |
> 124 | const Menu = styled.ul`
      |       ^^^^
  125 |     list-style: none;
  126 |     margin: 0;
  127 |     padding: 8px 22px 22px;

Ecmascript file had an error

Import traces:
  Browser:
    ./src/components/sections/FamilyTree/TreeSidebar.tsx
    ./src/components/sections/FamilyTree/FamilyTree.tsx
    ./src/pages/tree.tsx

  SSR:
    ./src/components/sections/FamilyTree/TreeSidebar.tsx
    ./src/components/sections/FamilyTree/FamilyTree.tsx
    ./src/pages/tree.tsx @ http://localhost:3000/_next/static/chunks/node_modules_next_dist_0bc8q4g._.js:1952
[  334999ms] [ERROR] ./src/components/sections/FamilyTree/TreeSidebar.tsx:24:7
the name `Panel` is defined multiple times
  22 | `;
  23 |
> 24 | const Panel = styled.aside<{ $open: boolean }>`
     |       ^^^^^
  25 |     position: fixed;
  26 |     top: 0;
  27 |     right: 0;

Ecmascript file had an error

Import traces:
  Browser:
    ./src/components/sections/FamilyTree/TreeSidebar.tsx
    ./src/components/sections/FamilyTree/FamilyTree.tsx
    ./src/pages/tree.tsx

  SSR:
    ./src/components/sections/FamilyTree/TreeSidebar.tsx
    ./src/components/sections/FamilyTree/FamilyTree.tsx
    ./src/pages/tree.tsx @ http://localhost:3000/_next/static/chunks/node_modules_next_dist_0bc8q4g._.js:1952
[  334999ms] [ERROR] ./src/components/sections/FamilyTree/PersonCardModal.tsx:95:7
the name `RemoveRelationButton` is defined multiple times
  93 | `;
  94 |
> 95 | const RemoveRelationButton = styled.button`
     |       ^^^^^^^^^^^^^^^^^^^^
  96 |     flex: 0 0 auto;
  97 |     display: inline-flex;
  98 |     align-items: center;

Ecmascript file had an error

Import traces:
  Browser:
    ./src/components/sections/FamilyTree/PersonCardModal.tsx
    ./src/components/sections/FamilyTree/FamilyTree.tsx
    ./src/pages/tree.tsx

  SSR:
    ./src/components/sections/FamilyTree/PersonCardModal.tsx
    ./src/components/sections/FamilyTree/FamilyTree.tsx
    ./src/pages/tree.tsx @ http://localhost:3000/_next/static/chunks/node_modules_next_dist_0bc8q4g._.js:1952
[  334999ms] [ERROR] ./src/components/sections/FamilyTree/TreeSidebar.tsx:43:7
the name `TopBar` is defined multiple times
  41 | `;
  42 |
> 43 | const TopBar = styled.div`
     |       ^^^^^^
  44 |     padding: 18px 22px 12px;
  45 |     display: flex;
  46 |     align-items: center;

Ecmascript file had an error

Import traces:
  Browser:
    ./src/components/sections/FamilyTree/TreeSidebar.tsx
    ./src/components/sections/FamilyTree/FamilyTree.tsx
    ./src/pages/tree.tsx

  SSR:
    ./src/components/sections/FamilyTree/TreeSidebar.tsx
    ./src/components/sections/FamilyTree/FamilyTree.tsx
    ./src/pages/tree.tsx @ http://localhost:3000/_next/static/chunks/node_modules_next_dist_0bc8q4g._.js:1952
[  334999ms] [ERROR] ./src/components/sections/FamilyTree/TreeSidebar.tsx:74:7
the name `TreeSelect` is defined multiple times
  72 | `;
  73 |
> 74 | const TreeSelect = styled.select`
     |       ^^^^^^^^^^
  75 |     width: 100%;
  76 |     background: ${color('cream')};
  77 |     border: 2px solid ${color('forest')};

Ecmascript file had an error

Import traces:
  Browser:
    ./src/components/sections/FamilyTree/TreeSidebar.tsx
    ./src/components/sections/FamilyTree/FamilyTree.tsx
    ./src/pages/tree.tsx

  SSR:
    ./src/components/sections/FamilyTree/TreeSidebar.tsx
    ./src/components/sections/FamilyTree/FamilyTree.tsx
    ./src/pages/tree.tsx @ http://localhost:3000/_next/static/chunks/node_modules_next_dist_0bc8q4g._.js:1952
[  335060ms] [LOG] [Fast Refresh] rebuilding @ http://localhost:3000/_next/static/chunks/node_modules_next_dist_0bc8q4g._.js:1233
[  388022ms] [ERROR] ./src/components/sections/FamilyTree/PersonCardModal.tsx:141:7
the name `ActionButton` is defined multiple times
  139 | `;
  140 |
> 141 | const ActionButton = styled.button`
      |       ^^^^^^^^^^^^
  142 |     background: ${color('landingCta')};
  143 |     color: ${color('white')};
  144 |     border: none;

Ecmascript file had an error

Import traces:
  Browser:
    ./src/components/sections/FamilyTree/PersonCardModal.tsx
    ./src/components/sections/FamilyTree/FamilyTree.tsx
    ./src/pages/tree.tsx

  SSR:
    ./src/components/sections/FamilyTree/PersonCardModal.tsx
    ./src/components/sections/FamilyTree/FamilyTree.tsx
    ./src/pages/tree.tsx @ http://localhost:3000/_next/static/chunks/node_modules_next_dist_0bc8q4g._.js:1952
[  388022ms] [ERROR] ./src/components/sections/FamilyTree/PersonCardModal.tsx:135:7
the name `ActionRow` is defined multiple times
  133 | `;
  134 |
> 135 | const ActionRow = styled.div`
      |       ^^^^^^^^^
  136 |     margin-top: 12px;
  137 |     display: flex;
  138 |     gap: 8px;

Ecmascript file had an error

Import traces:
  Browser:
    ./src/components/sections/FamilyTree/PersonCardModal.tsx
    ./src/components/sections/FamilyTree/FamilyTree.tsx
    ./src/pages/tree.tsx

  SSR:
    ./src/components/sections/FamilyTree/PersonCardModal.tsx
    ./src/components/sections/FamilyTree/FamilyTree.tsx
    ./src/pages/tree.tsx @ http://localhost:3000/_next/static/chunks/node_modules_next_dist_0bc8q4g._.js:1952
[  388022ms] [ERROR] ./src/components/sections/FamilyTree/PersonCardModal.tsx:45:7
the name `Avatar` is defined multiple times
  43 | `;
  44 |
> 45 | const Avatar = styled.div<{ $photo?: string }>`
     |       ^^^^^^
  46 |     width: 64px;
  47 |     height: 64px;
  48 |     border-radius: 50%;

Ecmascript file had an error

Import traces:
  Browser:
    ./src/components/sections/FamilyTree/PersonCardModal.tsx
    ./src/components/sections/FamilyTree/FamilyTree.tsx
    ./src/pages/tree.tsx

  SSR:
    ./src/components/sections/FamilyTree/PersonCardModal.tsx
    ./src/components/sections/FamilyTree/FamilyTree.tsx
    ./src/pages/tree.tsx @ http://localhost:3000/_next/static/chunks/node_modules_next_dist_0bc8q4g._.js:1952
[  388023ms] [ERROR] ./src/components/sections/FamilyTree/TreeSidebar.tsx:14:7
the name `Backdrop` is defined multiple times
  12 | } from './TreeSidebar.styled';
  13 |
> 14 | const Backdrop = styled.div<{ $open: boolean }>`
     |       ^^^^^^^^
  15 |     position: fixed;
  16 |     inset: 0;
  17 |     background: ${color('black', 0.18)};

Ecmascript file had an error

Import traces:
  Browser:
    ./src/components/sections/FamilyTree/TreeSidebar.tsx
    ./src/components/sections/FamilyTree/FamilyTree.tsx
    ./src/pages/tree.tsx

  SSR:
    ./src/components/sections/FamilyTree/TreeSidebar.tsx
    ./src/components/sections/FamilyTree/FamilyTree.tsx
    ./src/pages/tree.tsx @ http://localhost:3000/_next/static/chunks/node_modules_next_dist_0bc8q4g._.js:1952
[  388023ms] [ERROR] ./src/components/sections/FamilyTree/TreeSidebar.tsx:53:7
the name `CloseBtn` is defined multiple times
  51 | `;
  52 |
> 53 | const CloseBtn = styled.button`
     |       ^^^^^^^^
  54 |     background: transparent;
  55 |     border: none;
  56 |     color: ${color('textPrimary')};

Ecmascript file had an error

Import traces:
  Browser:
    ./src/components/sections/FamilyTree/TreeSidebar.tsx
    ./src/components/sections/FamilyTree/FamilyTree.tsx
    ./src/pages/tree.tsx

  SSR:
    ./src/components/sections/FamilyTree/TreeSidebar.tsx
    ./src/components/sections/FamilyTree/FamilyTree.tsx
    ./src/pages/tree.tsx @ http://localhost:3000/_next/static/chunks/node_modules_next_dist_0bc8q4g._.js:1952
[  388023ms] [ERROR] ./src/components/sections/FamilyTree/TreeSidebar.tsx:148:7
the name `CondensedMenuItem` is defined multiple times
  146 | `;
  147 |
> 148 | const CondensedMenuItem = styled(MenuItem)`
      |       ^^^^^^^^^^^^^^^^^
  149 |     ${font('mobileBody')};
  150 | `;
  151 |

Ecmascript file had an error

Import traces:
  Browser:
    ./src/components/sections/FamilyTree/TreeSidebar.tsx
    ./src/components/sections/FamilyTree/FamilyTree.tsx
    ./src/pages/tree.tsx

  SSR:
    ./src/components/sections/FamilyTree/TreeSidebar.tsx
    ./src/components/sections/FamilyTree/FamilyTree.tsx
    ./src/pages/tree.tsx @ http://localhost:3000/_next/static/chunks/node_modules_next_dist_0bc8q4g._.js:1952
[  388023ms] [ERROR] ./src/components/sections/FamilyTree/PersonCardModal.tsx:129:7
the name `Empty` is defined multiple times
  127 | `;
  128 |
> 129 | const Empty = styled.div`
      |       ^^^^^
  130 |     ${font('mobileControl')};
  131 |     color: ${color('textPrimary')};
  132 |     opacity: 0.6;

Ecmascript file had an error

Import traces:
  Browser:
    ./src/components/sections/FamilyTree/PersonCardModal.tsx
    ./src/components/sections/FamilyTree/FamilyTree.tsx
    ./src/pages/tree.tsx

  SSR:
    ./src/components/sections/FamilyTree/PersonCardModal.tsx
    ./src/components/sections/FamilyTree/FamilyTree.tsx
    ./src/pages/tree.tsx @ http://localhost:3000/_next/static/chunks/node_modules_next_dist_0bc8q4g._.js:1952
[  388023ms] [ERROR] ./src/components/sections/FamilyTree/PersonCardModal.tsx:61:7
the name `HeroMeta` is defined multiple times
  59 | `;
  60 |
> 61 | const HeroMeta = styled.div`
     |       ^^^^^^^^
  62 |     ${font('mobileControl')};
  63 |     color: ${color('textPrimary')};
  64 |     opacity: 0.75;

Ecmascript file had an error

Import traces:
  Browser:
    ./src/components/sections/FamilyTree/PersonCardModal.tsx
    ./src/components/sections/FamilyTree/FamilyTree.tsx
    ./src/pages/tree.tsx

  SSR:
    ./src/components/sections/FamilyTree/PersonCardModal.tsx
    ./src/components/sections/FamilyTree/FamilyTree.tsx
    ./src/pages/tree.tsx @ http://localhost:3000/_next/static/chunks/node_modules_next_dist_0bc8q4g._.js:1952
[  388023ms] [ERROR] ./src/components/sections/FamilyTree/PersonCardModal.tsx:56:7
the name `HeroName` is defined multiple times
  54 | `;
  55 |
> 56 | const HeroName = styled.div`
     |       ^^^^^^^^
  57 |     ${font('mobileHeader')};
  58 |     color: ${color('textPrimary')};
  59 | `;

Ecmascript file had an error

Import traces:
  Browser:
    ./src/components/sections/FamilyTree/PersonCardModal.tsx
    ./src/components/sections/FamilyTree/FamilyTree.tsx
    ./src/pages/tree.tsx

  SSR:
    ./src/components/sections/FamilyTree/PersonCardModal.tsx
    ./src/components/sections/FamilyTree/FamilyTree.tsx
    ./src/pages/tree.tsx @ http://localhost:3000/_next/static/chunks/node_modules_next_dist_0bc8q4g._.js:1952
[  388023ms] [ERROR] ./src/components/sections/FamilyTree/PersonCardModal.tsx:38:7
the name `Hero` is defined multiple times
  36 | } from './Modal.styled';
  37 |
> 38 | const Hero = styled.div`
     |       ^^^^
  39 |     display: flex;
  40 |     align-items: center;
  41 |     gap: 14px;

Ecmascript file had an error

Import traces:
  Browser:
    ./src/components/sections/FamilyTree/PersonCardModal.tsx
    ./src/components/sections/FamilyTree/FamilyTree.tsx
    ./src/pages/tree.tsx

  SSR:
    ./src/components/sections/FamilyTree/PersonCardModal.tsx
    ./src/components/sections/FamilyTree/FamilyTree.tsx
    ./src/pages/tree.tsx @ http://localhost:3000/_next/static/chunks/node_modules_next_dist_0bc8q4g._.js:1952
[  388023ms] [ERROR] ./src/components/sections/FamilyTree/PersonCardModal.tsx:119:7
the name `ListAvatar` is defined multiple times
  117 | `;
  118 |
> 119 | const ListAvatar = styled.div<{ $photo?: string }>`
      |       ^^^^^^^^^^
  120 |     width: 32px;
  121 |     height: 32px;
  122 |     border-radius: 50%;

Ecmascript file had an error

Import traces:
  Browser:
    ./src/components/sections/FamilyTree/PersonCardModal.tsx
    ./src/components/sections/FamilyTree/FamilyTree.tsx
    ./src/pages/tree.tsx

  SSR:
    ./src/components/sections/FamilyTree/PersonCardModal.tsx
    ./src/components/sections/FamilyTree/FamilyTree.tsx
    ./src/pages/tree.tsx @ http://localhost:3000/_next/static/chunks/node_modules_next_dist_0bc8q4g._.js:1952
[  388023ms] [ERROR] ./src/components/sections/FamilyTree/PersonCardModal.tsx:80:7
the name `ListItem` is defined multiple times
  78 | `;
  79 |
> 80 | const ListItem = styled.button`
     |       ^^^^^^^^
  81 |     flex: 1;
  82 |     background: transparent;
  83 |     border: none;

Ecmascript file had an error

Import traces:
  Browser:
    ./src/components/sections/FamilyTree/PersonCardModal.tsx
    ./src/components/sections/FamilyTree/FamilyTree.tsx
    ./src/pages/tree.tsx

  SSR:
    ./src/components/sections/FamilyTree/PersonCardModal.tsx
    ./src/components/sections/FamilyTree/FamilyTree.tsx
    ./src/pages/tree.tsx @ http://localhost:3000/_next/static/chunks/node_modules_next_dist_0bc8q4g._.js:1952
[  388023ms] [ERROR] ./src/components/sections/FamilyTree/PersonCardModal.tsx:67:7
the name `ListRow` is defined multiple times
  65 | `;
  66 |
> 67 | const ListRow = styled.div`
     |       ^^^^^^^
  68 |     display: flex;
  69 |     align-items: center;
  70 |     gap: 6px;

Ecmascript file had an error

Import traces:
  Browser:
    ./src/components/sections/FamilyTree/PersonCardModal.tsx
    ./src/components/sections/FamilyTree/FamilyTree.tsx
    ./src/pages/tree.tsx

  SSR:
    ./src/components/sections/FamilyTree/PersonCardModal.tsx
    ./src/components/sections/FamilyTree/FamilyTree.tsx
    ./src/pages/tree.tsx @ http://localhost:3000/_next/static/chunks/node_modules_next_dist_0bc8q4g._.js:1952
[  388023ms] [ERROR] ./src/components/sections/FamilyTree/TreeSidebar.tsx:133:7
the name `MenuItem` is defined multiple times
  131 | `;
  132 |
> 133 | const MenuItem = styled.button`
      |       ^^^^^^^^
  134 |     width: 100%;
  135 |     border: 0;
  136 |     background: transparent;

Ecmascript file had an error

Import traces:
  Browser:
    ./src/components/sections/FamilyTree/TreeSidebar.tsx
    ./src/components/sections/FamilyTree/FamilyTree.tsx
    ./src/pages/tree.tsx

  SSR:
    ./src/components/sections/FamilyTree/TreeSidebar.tsx
    ./src/components/sections/FamilyTree/FamilyTree.tsx
    ./src/pages/tree.tsx @ http://localhost:3000/_next/static/chunks/node_modules_next_dist_0bc8q4g._.js:1952
[  388023ms] [ERROR] ./src/components/sections/FamilyTree/TreeSidebar.tsx:124:7
the name `Menu` is defined multiple times
  122 | `;
  123 |
> 124 | const Menu = styled.ul`
      |       ^^^^
  125 |     list-style: none;
  126 |     margin: 0;
  127 |     padding: 8px 22px 22px;

Ecmascript file had an error

Import traces:
  Browser:
    ./src/components/sections/FamilyTree/TreeSidebar.tsx
    ./src/components/sections/FamilyTree/FamilyTree.tsx
    ./src/pages/tree.tsx

  SSR:
    ./src/components/sections/FamilyTree/TreeSidebar.tsx
    ./src/components/sections/FamilyTree/FamilyTree.tsx
    ./src/pages/tree.tsx @ http://localhost:3000/_next/static/chunks/node_modules_next_dist_0bc8q4g._.js:1952
[  388023ms] [ERROR] ./src/components/sections/FamilyTree/TreeSidebar.tsx:24:7
the name `Panel` is defined multiple times
  22 | `;
  23 |
> 24 | const Panel = styled.aside<{ $open: boolean }>`
     |       ^^^^^
  25 |     position: fixed;
  26 |     top: 0;
  27 |     right: 0;

Ecmascript file had an error

Import traces:
  Browser:
    ./src/components/sections/FamilyTree/TreeSidebar.tsx
    ./src/components/sections/FamilyTree/FamilyTree.tsx
    ./src/pages/tree.tsx

  SSR:
    ./src/components/sections/FamilyTree/TreeSidebar.tsx
    ./src/components/sections/FamilyTree/FamilyTree.tsx
    ./src/pages/tree.tsx @ http://localhost:3000/_next/static/chunks/node_modules_next_dist_0bc8q4g._.js:1952
[  388023ms] [ERROR] ./src/components/sections/FamilyTree/PersonCardModal.tsx:95:7
the name `RemoveRelationButton` is defined multiple times
  93 | `;
  94 |
> 95 | const RemoveRelationButton = styled.button`
     |       ^^^^^^^^^^^^^^^^^^^^
  96 |     flex: 0 0 auto;
  97 |     display: inline-flex;
  98 |     align-items: center;

Ecmascript file had an error

Import traces:
  Browser:
    ./src/components/sections/FamilyTree/PersonCardModal.tsx
    ./src/components/sections/FamilyTree/FamilyTree.tsx
    ./src/pages/tree.tsx

  SSR:
    ./src/components/sections/FamilyTree/PersonCardModal.tsx
    ./src/components/sections/FamilyTree/FamilyTree.tsx
    ./src/pages/tree.tsx @ http://localhost:3000/_next/static/chunks/node_modules_next_dist_0bc8q4g._.js:1952
[  388023ms] [ERROR] ./src/components/sections/FamilyTree/TreeSidebar.tsx:43:7
the name `TopBar` is defined multiple times
  41 | `;
  42 |
> 43 | const TopBar = styled.div`
     |       ^^^^^^
  44 |     padding: 18px 22px 12px;
  45 |     display: flex;
  46 |     align-items: center;

Ecmascript file had an error

Import traces:
  Browser:
    ./src/components/sections/FamilyTree/TreeSidebar.tsx
    ./src/components/sections/FamilyTree/FamilyTree.tsx
    ./src/pages/tree.tsx

  SSR:
    ./src/components/sections/FamilyTree/TreeSidebar.tsx
    ./src/components/sections/FamilyTree/FamilyTree.tsx
    ./src/pages/tree.tsx @ http://localhost:3000/_next/static/chunks/node_modules_next_dist_0bc8q4g._.js:1952
[  388024ms] [ERROR] ./src/components/sections/FamilyTree/TreeSidebar.tsx:74:7
the name `TreeSelect` is defined multiple times
  72 | `;
  73 |
> 74 | const TreeSelect = styled.select`
     |       ^^^^^^^^^^
  75 |     width: 100%;
  76 |     background: ${color('cream')};
  77 |     border: 2px solid ${color('forest')};

Ecmascript file had an error

Import traces:
  Browser:
    ./src/components/sections/FamilyTree/TreeSidebar.tsx
    ./src/components/sections/FamilyTree/FamilyTree.tsx
    ./src/pages/tree.tsx

  SSR:
    ./src/components/sections/FamilyTree/TreeSidebar.tsx
    ./src/components/sections/FamilyTree/FamilyTree.tsx
    ./src/pages/tree.tsx @ http://localhost:3000/_next/static/chunks/node_modules_next_dist_0bc8q4g._.js:1952
[  388098ms] [LOG] [Fast Refresh] rebuilding @ http://localhost:3000/_next/static/chunks/node_modules_next_dist_0bc8q4g._.js:1233
[  394985ms] [ERROR] ./src/components/sections/FamilyTree/PersonCardModal.tsx:141:7
the name `ActionButton` is defined multiple times
  139 | `;
  140 |
> 141 | const ActionButton = styled.button`
      |       ^^^^^^^^^^^^
  142 |     background: ${color('landingCta')};
  143 |     color: ${color('white')};
  144 |     border: none;

Ecmascript file had an error

Import traces:
  Browser:
    ./src/components/sections/FamilyTree/PersonCardModal.tsx
    ./src/components/sections/FamilyTree/FamilyTree.tsx
    ./src/pages/tree.tsx

  SSR:
    ./src/components/sections/FamilyTree/PersonCardModal.tsx
    ./src/components/sections/FamilyTree/FamilyTree.tsx
    ./src/pages/tree.tsx @ http://localhost:3000/_next/static/chunks/node_modules_next_dist_0bc8q4g._.js:1952
[  394986ms] [ERROR] ./src/components/sections/FamilyTree/PersonCardModal.tsx:135:7
the name `ActionRow` is defined multiple times
  133 | `;
  134 |
> 135 | const ActionRow = styled.div`
      |       ^^^^^^^^^
  136 |     margin-top: 12px;
  137 |     display: flex;
  138 |     gap: 8px;

Ecmascript file had an error

Import traces:
  Browser:
    ./src/components/sections/FamilyTree/PersonCardModal.tsx
    ./src/components/sections/FamilyTree/FamilyTree.tsx
    ./src/pages/tree.tsx

  SSR:
    ./src/components/sections/FamilyTree/PersonCardModal.tsx
    ./src/components/sections/FamilyTree/FamilyTree.tsx
    ./src/pages/tree.tsx @ http://localhost:3000/_next/static/chunks/node_modules_next_dist_0bc8q4g._.js:1952
[  394986ms] [ERROR] ./src/components/sections/FamilyTree/PersonCardModal.tsx:45:7
the name `Avatar` is defined multiple times
  43 | `;
  44 |
> 45 | const Avatar = styled.div<{ $photo?: string }>`
     |       ^^^^^^
  46 |     width: 64px;
  47 |     height: 64px;
  48 |     border-radius: 50%;

Ecmascript file had an error

Import traces:
  Browser:
    ./src/components/sections/FamilyTree/PersonCardModal.tsx
    ./src/components/sections/FamilyTree/FamilyTree.tsx
    ./src/pages/tree.tsx

  SSR:
    ./src/components/sections/FamilyTree/PersonCardModal.tsx
    ./src/components/sections/FamilyTree/FamilyTree.tsx
    ./src/pages/tree.tsx @ http://localhost:3000/_next/static/chunks/node_modules_next_dist_0bc8q4g._.js:1952
[  394986ms] [ERROR] ./src/components/sections/FamilyTree/TreeSidebar.tsx:14:7
the name `Backdrop` is defined multiple times
  12 | } from './TreeSidebar.styled';
  13 |
> 14 | const Backdrop = styled.div<{ $open: boolean }>`
     |       ^^^^^^^^
  15 |     position: fixed;
  16 |     inset: 0;
  17 |     background: ${color('black', 0.18)};

Ecmascript file had an error

Import traces:
  Browser:
    ./src/components/sections/FamilyTree/TreeSidebar.tsx
    ./src/components/sections/FamilyTree/FamilyTree.tsx
    ./src/pages/tree.tsx

  SSR:
    ./src/components/sections/FamilyTree/TreeSidebar.tsx
    ./src/components/sections/FamilyTree/FamilyTree.tsx
    ./src/pages/tree.tsx @ http://localhost:3000/_next/static/chunks/node_modules_next_dist_0bc8q4g._.js:1952
[  394986ms] [ERROR] ./src/components/sections/FamilyTree/TreeSidebar.tsx:53:7
the name `CloseBtn` is defined multiple times
  51 | `;
  52 |
> 53 | const CloseBtn = styled.button`
     |       ^^^^^^^^
  54 |     background: transparent;
  55 |     border: none;
  56 |     color: ${color('textPrimary')};

Ecmascript file had an error

Import traces:
  Browser:
    ./src/components/sections/FamilyTree/TreeSidebar.tsx
    ./src/components/sections/FamilyTree/FamilyTree.tsx
    ./src/pages/tree.tsx

  SSR:
    ./src/components/sections/FamilyTree/TreeSidebar.tsx
    ./src/components/sections/FamilyTree/FamilyTree.tsx
    ./src/pages/tree.tsx @ http://localhost:3000/_next/static/chunks/node_modules_next_dist_0bc8q4g._.js:1952
[  394986ms] [ERROR] ./src/components/sections/FamilyTree/TreeSidebar.tsx:148:7
the name `CondensedMenuItem` is defined multiple times
  146 | `;
  147 |
> 148 | const CondensedMenuItem = styled(MenuItem)`
      |       ^^^^^^^^^^^^^^^^^
  149 |     ${font('mobileBody')};
  150 | `;
  151 |

Ecmascript file had an error

Import traces:
  Browser:
    ./src/components/sections/FamilyTree/TreeSidebar.tsx
    ./src/components/sections/FamilyTree/FamilyTree.tsx
    ./src/pages/tree.tsx

  SSR:
    ./src/components/sections/FamilyTree/TreeSidebar.tsx
    ./src/components/sections/FamilyTree/FamilyTree.tsx
    ./src/pages/tree.tsx @ http://localhost:3000/_next/static/chunks/node_modules_next_dist_0bc8q4g._.js:1952
[  394986ms] [ERROR] ./src/components/sections/FamilyTree/PersonCardModal.tsx:129:7
the name `Empty` is defined multiple times
  127 | `;
  128 |
> 129 | const Empty = styled.div`
      |       ^^^^^
  130 |     ${font('mobileControl')};
  131 |     color: ${color('textPrimary')};
  132 |     opacity: 0.6;

Ecmascript file had an error

Import traces:
  Browser:
    ./src/components/sections/FamilyTree/PersonCardModal.tsx
    ./src/components/sections/FamilyTree/FamilyTree.tsx
    ./src/pages/tree.tsx

  SSR:
    ./src/components/sections/FamilyTree/PersonCardModal.tsx
    ./src/components/sections/FamilyTree/FamilyTree.tsx
    ./src/pages/tree.tsx @ http://localhost:3000/_next/static/chunks/node_modules_next_dist_0bc8q4g._.js:1952
[  394986ms] [ERROR] ./src/components/sections/FamilyTree/PersonCardModal.tsx:61:7
the name `HeroMeta` is defined multiple times
  59 | `;
  60 |
> 61 | const HeroMeta = styled.div`
     |       ^^^^^^^^
  62 |     ${font('mobileControl')};
  63 |     color: ${color('textPrimary')};
  64 |     opacity: 0.75;

Ecmascript file had an error

Import traces:
  Browser:
    ./src/components/sections/FamilyTree/PersonCardModal.tsx
    ./src/components/sections/FamilyTree/FamilyTree.tsx
    ./src/pages/tree.tsx

  SSR:
    ./src/components/sections/FamilyTree/PersonCardModal.tsx
    ./src/components/sections/FamilyTree/FamilyTree.tsx
    ./src/pages/tree.tsx @ http://localhost:3000/_next/static/chunks/node_modules_next_dist_0bc8q4g._.js:1952
[  394986ms] [ERROR] ./src/components/sections/FamilyTree/PersonCardModal.tsx:56:7
the name `HeroName` is defined multiple times
  54 | `;
  55 |
> 56 | const HeroName = styled.div`
     |       ^^^^^^^^
  57 |     ${font('mobileHeader')};
  58 |     color: ${color('textPrimary')};
  59 | `;

Ecmascript file had an error

Import traces:
  Browser:
    ./src/components/sections/FamilyTree/PersonCardModal.tsx
    ./src/components/sections/FamilyTree/FamilyTree.tsx
    ./src/pages/tree.tsx

  SSR:
    ./src/components/sections/FamilyTree/PersonCardModal.tsx
    ./src/components/sections/FamilyTree/FamilyTree.tsx
    ./src/pages/tree.tsx @ http://localhost:3000/_next/static/chunks/node_modules_next_dist_0bc8q4g._.js:1952
[  394986ms] [ERROR] ./src/components/sections/FamilyTree/PersonCardModal.tsx:38:7
the name `Hero` is defined multiple times
  36 | } from './Modal.styled';
  37 |
> 38 | const Hero = styled.div`
     |       ^^^^
  39 |     display: flex;
  40 |     align-items: center;
  41 |     gap: 14px;

Ecmascript file had an error

Import traces:
  Browser:
    ./src/components/sections/FamilyTree/PersonCardModal.tsx
    ./src/components/sections/FamilyTree/FamilyTree.tsx
    ./src/pages/tree.tsx

  SSR:
    ./src/components/sections/FamilyTree/PersonCardModal.tsx
    ./src/components/sections/FamilyTree/FamilyTree.tsx
    ./src/pages/tree.tsx @ http://localhost:3000/_next/static/chunks/node_modules_next_dist_0bc8q4g._.js:1952
[  394986ms] [ERROR] ./src/components/sections/FamilyTree/PersonCardModal.tsx:119:7
the name `ListAvatar` is defined multiple times
  117 | `;
  118 |
> 119 | const ListAvatar = styled.div<{ $photo?: string }>`
      |       ^^^^^^^^^^
  120 |     width: 32px;
  121 |     height: 32px;
  122 |     border-radius: 50%;

Ecmascript file had an error

Import traces:
  Browser:
    ./src/components/sections/FamilyTree/PersonCardModal.tsx
    ./src/components/sections/FamilyTree/FamilyTree.tsx
    ./src/pages/tree.tsx

  SSR:
    ./src/components/sections/FamilyTree/PersonCardModal.tsx
    ./src/components/sections/FamilyTree/FamilyTree.tsx
    ./src/pages/tree.tsx @ http://localhost:3000/_next/static/chunks/node_modules_next_dist_0bc8q4g._.js:1952
[  394986ms] [ERROR] ./src/components/sections/FamilyTree/PersonCardModal.tsx:80:7
the name `ListItem` is defined multiple times
  78 | `;
  79 |
> 80 | const ListItem = styled.button`
     |       ^^^^^^^^
  81 |     flex: 1;
  82 |     background: transparent;
  83 |     border: none;

Ecmascript file had an error

Import traces:
  Browser:
    ./src/components/sections/FamilyTree/PersonCardModal.tsx
    ./src/components/sections/FamilyTree/FamilyTree.tsx
    ./src/pages/tree.tsx

  SSR:
    ./src/components/sections/FamilyTree/PersonCardModal.tsx
    ./src/components/sections/FamilyTree/FamilyTree.tsx
    ./src/pages/tree.tsx @ http://localhost:3000/_next/static/chunks/node_modules_next_dist_0bc8q4g._.js:1952
[  394986ms] [ERROR] ./src/components/sections/FamilyTree/PersonCardModal.tsx:67:7
the name `ListRow` is defined multiple times
  65 | `;
  66 |
> 67 | const ListRow = styled.div`
     |       ^^^^^^^
  68 |     display: flex;
  69 |     align-items: center;
  70 |     gap: 6px;

Ecmascript file had an error

Import traces:
  Browser:
    ./src/components/sections/FamilyTree/PersonCardModal.tsx
    ./src/components/sections/FamilyTree/FamilyTree.tsx
    ./src/pages/tree.tsx

  SSR:
    ./src/components/sections/FamilyTree/PersonCardModal.tsx
    ./src/components/sections/FamilyTree/FamilyTree.tsx
    ./src/pages/tree.tsx @ http://localhost:3000/_next/static/chunks/node_modules_next_dist_0bc8q4g._.js:1952
[  394987ms] [ERROR] ./src/components/sections/FamilyTree/TreeSidebar.tsx:133:7
the name `MenuItem` is defined multiple times
  131 | `;
  132 |
> 133 | const MenuItem = styled.button`
      |       ^^^^^^^^
  134 |     width: 100%;
  135 |     border: 0;
  136 |     background: transparent;

Ecmascript file had an error

Import traces:
  Browser:
    ./src/components/sections/FamilyTree/TreeSidebar.tsx
    ./src/components/sections/FamilyTree/FamilyTree.tsx
    ./src/pages/tree.tsx

  SSR:
    ./src/components/sections/FamilyTree/TreeSidebar.tsx
    ./src/components/sections/FamilyTree/FamilyTree.tsx
    ./src/pages/tree.tsx @ http://localhost:3000/_next/static/chunks/node_modules_next_dist_0bc8q4g._.js:1952
[  394987ms] [ERROR] ./src/components/sections/FamilyTree/TreeSidebar.tsx:124:7
the name `Menu` is defined multiple times
  122 | `;
  123 |
> 124 | const Menu = styled.ul`
      |       ^^^^
  125 |     list-style: none;
  126 |     margin: 0;
  127 |     padding: 8px 22px 22px;

Ecmascript file had an error

Import traces:
  Browser:
    ./src/components/sections/FamilyTree/TreeSidebar.tsx
    ./src/components/sections/FamilyTree/FamilyTree.tsx
    ./src/pages/tree.tsx

  SSR:
    ./src/components/sections/FamilyTree/TreeSidebar.tsx
    ./src/components/sections/FamilyTree/FamilyTree.tsx
    ./src/pages/tree.tsx @ http://localhost:3000/_next/static/chunks/node_modules_next_dist_0bc8q4g._.js:1952
[  394987ms] [ERROR] ./src/components/sections/FamilyTree/TreeSidebar.tsx:24:7
the name `Panel` is defined multiple times
  22 | `;
  23 |
> 24 | const Panel = styled.aside<{ $open: boolean }>`
     |       ^^^^^
  25 |     position: fixed;
  26 |     top: 0;
  27 |     right: 0;

Ecmascript file had an error

Import traces:
  Browser:
    ./src/components/sections/FamilyTree/TreeSidebar.tsx
    ./src/components/sections/FamilyTree/FamilyTree.tsx
    ./src/pages/tree.tsx

  SSR:
    ./src/components/sections/FamilyTree/TreeSidebar.tsx
    ./src/components/sections/FamilyTree/FamilyTree.tsx
    ./src/pages/tree.tsx @ http://localhost:3000/_next/static/chunks/node_modules_next_dist_0bc8q4g._.js:1952
[  394987ms] [ERROR] ./src/components/sections/FamilyTree/PersonCardModal.tsx:95:7
the name `RemoveRelationButton` is defined multiple times
  93 | `;
  94 |
> 95 | const RemoveRelationButton = styled.button`
     |       ^^^^^^^^^^^^^^^^^^^^
  96 |     flex: 0 0 auto;
  97 |     display: inline-flex;
  98 |     align-items: center;

Ecmascript file had an error

Import traces:
  Browser:
    ./src/components/sections/FamilyTree/PersonCardModal.tsx
    ./src/components/sections/FamilyTree/FamilyTree.tsx
    ./src/pages/tree.tsx

  SSR:
    ./src/components/sections/FamilyTree/PersonCardModal.tsx
    ./src/components/sections/FamilyTree/FamilyTree.tsx
    ./src/pages/tree.tsx @ http://localhost:3000/_next/static/chunks/node_modules_next_dist_0bc8q4g._.js:1952
[  394987ms] [ERROR] ./src/components/sections/FamilyTree/TreeSidebar.tsx:43:7
the name `TopBar` is defined multiple times
  41 | `;
  42 |
> 43 | const TopBar = styled.div`
     |       ^^^^^^
  44 |     padding: 18px 22px 12px;
  45 |     display: flex;
  46 |     align-items: center;

Ecmascript file had an error

Import traces:
  Browser:
    ./src/components/sections/FamilyTree/TreeSidebar.tsx
    ./src/components/sections/FamilyTree/FamilyTree.tsx
    ./src/pages/tree.tsx

  SSR:
    ./src/components/sections/FamilyTree/TreeSidebar.tsx
    ./src/components/sections/FamilyTree/FamilyTree.tsx
    ./src/pages/tree.tsx @ http://localhost:3000/_next/static/chunks/node_modules_next_dist_0bc8q4g._.js:1952
[  394987ms] [ERROR] ./src/components/sections/FamilyTree/TreeSidebar.tsx:74:7
the name `TreeSelect` is defined multiple times
  72 | `;
  73 |
> 74 | const TreeSelect = styled.select`
     |       ^^^^^^^^^^
  75 |     width: 100%;
  76 |     background: ${color('cream')};
  77 |     border: 2px solid ${color('forest')};

Ecmascript file had an error

Import traces:
  Browser:
    ./src/components/sections/FamilyTree/TreeSidebar.tsx
    ./src/components/sections/FamilyTree/FamilyTree.tsx
    ./src/pages/tree.tsx

  SSR:
    ./src/components/sections/FamilyTree/TreeSidebar.tsx
    ./src/components/sections/FamilyTree/FamilyTree.tsx
    ./src/pages/tree.tsx @ http://localhost:3000/_next/static/chunks/node_modules_next_dist_0bc8q4g._.js:1952
[  395061ms] [LOG] [Fast Refresh] rebuilding @ http://localhost:3000/_next/static/chunks/node_modules_next_dist_0bc8q4g._.js:1233
[  448017ms] [ERROR] ./src/components/sections/FamilyTree/PersonCardModal.tsx:141:7
the name `ActionButton` is defined multiple times
  139 | `;
  140 |
> 141 | const ActionButton = styled.button`
      |       ^^^^^^^^^^^^
  142 |     background: ${color('landingCta')};
  143 |     color: ${color('white')};
  144 |     border: none;

Ecmascript file had an error

Import traces:
  Browser:
    ./src/components/sections/FamilyTree/PersonCardModal.tsx
    ./src/components/sections/FamilyTree/FamilyTree.tsx
    ./src/pages/tree.tsx

  SSR:
    ./src/components/sections/FamilyTree/PersonCardModal.tsx
    ./src/components/sections/FamilyTree/FamilyTree.tsx
    ./src/pages/tree.tsx @ http://localhost:3000/_next/static/chunks/node_modules_next_dist_0bc8q4g._.js:1952
[  448017ms] [ERROR] ./src/components/sections/FamilyTree/PersonCardModal.tsx:135:7
the name `ActionRow` is defined multiple times
  133 | `;
  134 |
> 135 | const ActionRow = styled.div`
      |       ^^^^^^^^^
  136 |     margin-top: 12px;
  137 |     display: flex;
  138 |     gap: 8px;

Ecmascript file had an error

Import traces:
  Browser:
    ./src/components/sections/FamilyTree/PersonCardModal.tsx
    ./src/components/sections/FamilyTree/FamilyTree.tsx
    ./src/pages/tree.tsx

  SSR:
    ./src/components/sections/FamilyTree/PersonCardModal.tsx
    ./src/components/sections/FamilyTree/FamilyTree.tsx
    ./src/pages/tree.tsx @ http://localhost:3000/_next/static/chunks/node_modules_next_dist_0bc8q4g._.js:1952
[  448017ms] [ERROR] ./src/components/sections/FamilyTree/PersonCardModal.tsx:45:7
the name `Avatar` is defined multiple times
  43 | `;
  44 |
> 45 | const Avatar = styled.div<{ $photo?: string }>`
     |       ^^^^^^
  46 |     width: 64px;
  47 |     height: 64px;
  48 |     border-radius: 50%;

Ecmascript file had an error

Import traces:
  Browser:
    ./src/components/sections/FamilyTree/PersonCardModal.tsx
    ./src/components/sections/FamilyTree/FamilyTree.tsx
    ./src/pages/tree.tsx

  SSR:
    ./src/components/sections/FamilyTree/PersonCardModal.tsx
    ./src/components/sections/FamilyTree/FamilyTree.tsx
    ./src/pages/tree.tsx @ http://localhost:3000/_next/static/chunks/node_modules_next_dist_0bc8q4g._.js:1952
[  448017ms] [ERROR] ./src/components/sections/FamilyTree/TreeSidebar.tsx:14:7
the name `Backdrop` is defined multiple times
  12 | } from './TreeSidebar.styled';
  13 |
> 14 | const Backdrop = styled.div<{ $open: boolean }>`
     |       ^^^^^^^^
  15 |     position: fixed;
  16 |     inset: 0;
  17 |     background: ${color('black', 0.18)};

Ecmascript file had an error

Import traces:
  Browser:
    ./src/components/sections/FamilyTree/TreeSidebar.tsx
    ./src/components/sections/FamilyTree/FamilyTree.tsx
    ./src/pages/tree.tsx

  SSR:
    ./src/components/sections/FamilyTree/TreeSidebar.tsx
    ./src/components/sections/FamilyTree/FamilyTree.tsx
    ./src/pages/tree.tsx @ http://localhost:3000/_next/static/chunks/node_modules_next_dist_0bc8q4g._.js:1952
[  448017ms] [ERROR] ./src/components/sections/FamilyTree/TreeSidebar.tsx:53:7
the name `CloseBtn` is defined multiple times
  51 | `;
  52 |
> 53 | const CloseBtn = styled.button`
     |       ^^^^^^^^
  54 |     background: transparent;
  55 |     border: none;
  56 |     color: ${color('textPrimary')};

Ecmascript file had an error

Import traces:
  Browser:
    ./src/components/sections/FamilyTree/TreeSidebar.tsx
    ./src/components/sections/FamilyTree/FamilyTree.tsx
    ./src/pages/tree.tsx

  SSR:
    ./src/components/sections/FamilyTree/TreeSidebar.tsx
    ./src/components/sections/FamilyTree/FamilyTree.tsx
    ./src/pages/tree.tsx @ http://localhost:3000/_next/static/chunks/node_modules_next_dist_0bc8q4g._.js:1952
[  448017ms] [ERROR] ./src/components/sections/FamilyTree/TreeSidebar.tsx:148:7
the name `CondensedMenuItem` is defined multiple times
  146 | `;
  147 |
> 148 | const CondensedMenuItem = styled(MenuItem)`
      |       ^^^^^^^^^^^^^^^^^
  149 |     ${font('mobileBody')};
  150 | `;
  151 |

Ecmascript file had an error

Import traces:
  Browser:
    ./src/components/sections/FamilyTree/TreeSidebar.tsx
    ./src/components/sections/FamilyTree/FamilyTree.tsx
    ./src/pages/tree.tsx

  SSR:
    ./src/components/sections/FamilyTree/TreeSidebar.tsx
    ./src/components/sections/FamilyTree/FamilyTree.tsx
    ./src/pages/tree.tsx @ http://localhost:3000/_next/static/chunks/node_modules_next_dist_0bc8q4g._.js:1952
[  448017ms] [ERROR] ./src/components/sections/FamilyTree/PersonCardModal.tsx:129:7
the name `Empty` is defined multiple times
  127 | `;
  128 |
> 129 | const Empty = styled.div`
      |       ^^^^^
  130 |     ${font('mobileControl')};
  131 |     color: ${color('textPrimary')};
  132 |     opacity: 0.6;

Ecmascript file had an error

Import traces:
  Browser:
    ./src/components/sections/FamilyTree/PersonCardModal.tsx
    ./src/components/sections/FamilyTree/FamilyTree.tsx
    ./src/pages/tree.tsx

  SSR:
    ./src/components/sections/FamilyTree/PersonCardModal.tsx
    ./src/components/sections/FamilyTree/FamilyTree.tsx
    ./src/pages/tree.tsx @ http://localhost:3000/_next/static/chunks/node_modules_next_dist_0bc8q4g._.js:1952
[  448017ms] [ERROR] ./src/components/sections/FamilyTree/PersonCardModal.tsx:61:7
the name `HeroMeta` is defined multiple times
  59 | `;
  60 |
> 61 | const HeroMeta = styled.div`
     |       ^^^^^^^^
  62 |     ${font('mobileControl')};
  63 |     color: ${color('textPrimary')};
  64 |     opacity: 0.75;

Ecmascript file had an error

Import traces:
  Browser:
    ./src/components/sections/FamilyTree/PersonCardModal.tsx
    ./src/components/sections/FamilyTree/FamilyTree.tsx
    ./src/pages/tree.tsx

  SSR:
    ./src/components/sections/FamilyTree/PersonCardModal.tsx
    ./src/components/sections/FamilyTree/FamilyTree.tsx
    ./src/pages/tree.tsx @ http://localhost:3000/_next/static/chunks/node_modules_next_dist_0bc8q4g._.js:1952
[  448017ms] [ERROR] ./src/components/sections/FamilyTree/PersonCardModal.tsx:56:7
the name `HeroName` is defined multiple times
  54 | `;
  55 |
> 56 | const HeroName = styled.div`
     |       ^^^^^^^^
  57 |     ${font('mobileHeader')};
  58 |     color: ${color('textPrimary')};
  59 | `;

Ecmascript file had an error

Import traces:
  Browser:
    ./src/components/sections/FamilyTree/PersonCardModal.tsx
    ./src/components/sections/FamilyTree/FamilyTree.tsx
    ./src/pages/tree.tsx

  SSR:
    ./src/components/sections/FamilyTree/PersonCardModal.tsx
    ./src/components/sections/FamilyTree/FamilyTree.tsx
    ./src/pages/tree.tsx @ http://localhost:3000/_next/static/chunks/node_modules_next_dist_0bc8q4g._.js:1952
[  448017ms] [ERROR] ./src/components/sections/FamilyTree/PersonCardModal.tsx:38:7
the name `Hero` is defined multiple times
  36 | } from './Modal.styled';
  37 |
> 38 | const Hero = styled.div`
     |       ^^^^
  39 |     display: flex;
  40 |     align-items: center;
  41 |     gap: 14px;

Ecmascript file had an error

Import traces:
  Browser:
    ./src/components/sections/FamilyTree/PersonCardModal.tsx
    ./src/components/sections/FamilyTree/FamilyTree.tsx
    ./src/pages/tree.tsx

  SSR:
    ./src/components/sections/FamilyTree/PersonCardModal.tsx
    ./src/components/sections/FamilyTree/FamilyTree.tsx
    ./src/pages/tree.tsx @ http://localhost:3000/_next/static/chunks/node_modules_next_dist_0bc8q4g._.js:1952
[  448017ms] [ERROR] ./src/components/sections/FamilyTree/PersonCardModal.tsx:119:7
the name `ListAvatar` is defined multiple times
  117 | `;
  118 |
> 119 | const ListAvatar = styled.div<{ $photo?: string }>`
      |       ^^^^^^^^^^
  120 |     width: 32px;
  121 |     height: 32px;
  122 |     border-radius: 50%;

Ecmascript file had an error

Import traces:
  Browser:
    ./src/components/sections/FamilyTree/PersonCardModal.tsx
    ./src/components/sections/FamilyTree/FamilyTree.tsx
    ./src/pages/tree.tsx

  SSR:
    ./src/components/sections/FamilyTree/PersonCardModal.tsx
    ./src/components/sections/FamilyTree/FamilyTree.tsx
    ./src/pages/tree.tsx @ http://localhost:3000/_next/static/chunks/node_modules_next_dist_0bc8q4g._.js:1952
[  448018ms] [ERROR] ./src/components/sections/FamilyTree/PersonCardModal.tsx:80:7
the name `ListItem` is defined multiple times
  78 | `;
  79 |
> 80 | const ListItem = styled.button`
     |       ^^^^^^^^
  81 |     flex: 1;
  82 |     background: transparent;
  83 |     border: none;

Ecmascript file had an error

Import traces:
  Browser:
    ./src/components/sections/FamilyTree/PersonCardModal.tsx
    ./src/components/sections/FamilyTree/FamilyTree.tsx
    ./src/pages/tree.tsx

  SSR:
    ./src/components/sections/FamilyTree/PersonCardModal.tsx
    ./src/components/sections/FamilyTree/FamilyTree.tsx
    ./src/pages/tree.tsx @ http://localhost:3000/_next/static/chunks/node_modules_next_dist_0bc8q4g._.js:1952
[  448018ms] [ERROR] ./src/components/sections/FamilyTree/PersonCardModal.tsx:67:7
the name `ListRow` is defined multiple times
  65 | `;
  66 |
> 67 | const ListRow = styled.div`
     |       ^^^^^^^
  68 |     display: flex;
  69 |     align-items: center;
  70 |     gap: 6px;

Ecmascript file had an error

Import traces:
  Browser:
    ./src/components/sections/FamilyTree/PersonCardModal.tsx
    ./src/components/sections/FamilyTree/FamilyTree.tsx
    ./src/pages/tree.tsx

  SSR:
    ./src/components/sections/FamilyTree/PersonCardModal.tsx
    ./src/components/sections/FamilyTree/FamilyTree.tsx
    ./src/pages/tree.tsx @ http://localhost:3000/_next/static/chunks/node_modules_next_dist_0bc8q4g._.js:1952
[  448018ms] [ERROR] ./src/components/sections/FamilyTree/TreeSidebar.tsx:133:7
the name `MenuItem` is defined multiple times
  131 | `;
  132 |
> 133 | const MenuItem = styled.button`
      |       ^^^^^^^^
  134 |     width: 100%;
  135 |     border: 0;
  136 |     background: transparent;

Ecmascript file had an error

Import traces:
  Browser:
    ./src/components/sections/FamilyTree/TreeSidebar.tsx
    ./src/components/sections/FamilyTree/FamilyTree.tsx
    ./src/pages/tree.tsx

  SSR:
    ./src/components/sections/FamilyTree/TreeSidebar.tsx
    ./src/components/sections/FamilyTree/FamilyTree.tsx
    ./src/pages/tree.tsx @ http://localhost:3000/_next/static/chunks/node_modules_next_dist_0bc8q4g._.js:1952
[  448018ms] [ERROR] ./src/components/sections/FamilyTree/TreeSidebar.tsx:124:7
the name `Menu` is defined multiple times
  122 | `;
  123 |
> 124 | const Menu = styled.ul`
      |       ^^^^
  125 |     list-style: none;
  126 |     margin: 0;
  127 |     padding: 8px 22px 22px;

Ecmascript file had an error

Import traces:
  Browser:
    ./src/components/sections/FamilyTree/TreeSidebar.tsx
    ./src/components/sections/FamilyTree/FamilyTree.tsx
    ./src/pages/tree.tsx

  SSR:
    ./src/components/sections/FamilyTree/TreeSidebar.tsx
    ./src/components/sections/FamilyTree/FamilyTree.tsx
    ./src/pages/tree.tsx @ http://localhost:3000/_next/static/chunks/node_modules_next_dist_0bc8q4g._.js:1952
[  448018ms] [ERROR] ./src/components/sections/FamilyTree/TreeSidebar.tsx:24:7
the name `Panel` is defined multiple times
  22 | `;
  23 |
> 24 | const Panel = styled.aside<{ $open: boolean }>`
     |       ^^^^^
  25 |     position: fixed;
  26 |     top: 0;
  27 |     right: 0;

Ecmascript file had an error

Import traces:
  Browser:
    ./src/components/sections/FamilyTree/TreeSidebar.tsx
    ./src/components/sections/FamilyTree/FamilyTree.tsx
    ./src/pages/tree.tsx

  SSR:
    ./src/components/sections/FamilyTree/TreeSidebar.tsx
    ./src/components/sections/FamilyTree/FamilyTree.tsx
    ./src/pages/tree.tsx @ http://localhost:3000/_next/static/chunks/node_modules_next_dist_0bc8q4g._.js:1952
[  448018ms] [ERROR] ./src/components/sections/FamilyTree/PersonCardModal.tsx:95:7
the name `RemoveRelationButton` is defined multiple times
  93 | `;
  94 |
> 95 | const RemoveRelationButton = styled.button`
     |       ^^^^^^^^^^^^^^^^^^^^
  96 |     flex: 0 0 auto;
  97 |     display: inline-flex;
  98 |     align-items: center;

Ecmascript file had an error

Import traces:
  Browser:
    ./src/components/sections/FamilyTree/PersonCardModal.tsx
    ./src/components/sections/FamilyTree/FamilyTree.tsx
    ./src/pages/tree.tsx

  SSR:
    ./src/components/sections/FamilyTree/PersonCardModal.tsx
    ./src/components/sections/FamilyTree/FamilyTree.tsx
    ./src/pages/tree.tsx @ http://localhost:3000/_next/static/chunks/node_modules_next_dist_0bc8q4g._.js:1952
[  448018ms] [ERROR] ./src/components/sections/FamilyTree/TreeSidebar.tsx:43:7
the name `TopBar` is defined multiple times
  41 | `;
  42 |
> 43 | const TopBar = styled.div`
     |       ^^^^^^
  44 |     padding: 18px 22px 12px;
  45 |     display: flex;
  46 |     align-items: center;

Ecmascript file had an error

Import traces:
  Browser:
    ./src/components/sections/FamilyTree/TreeSidebar.tsx
    ./src/components/sections/FamilyTree/FamilyTree.tsx
    ./src/pages/tree.tsx

  SSR:
    ./src/components/sections/FamilyTree/TreeSidebar.tsx
    ./src/components/sections/FamilyTree/FamilyTree.tsx
    ./src/pages/tree.tsx @ http://localhost:3000/_next/static/chunks/node_modules_next_dist_0bc8q4g._.js:1952
[  448018ms] [ERROR] ./src/components/sections/FamilyTree/TreeSidebar.tsx:74:7
the name `TreeSelect` is defined multiple times
  72 | `;
  73 |
> 74 | const TreeSelect = styled.select`
     |       ^^^^^^^^^^
  75 |     width: 100%;
  76 |     background: ${color('cream')};
  77 |     border: 2px solid ${color('forest')};

Ecmascript file had an error

Import traces:
  Browser:
    ./src/components/sections/FamilyTree/TreeSidebar.tsx
    ./src/components/sections/FamilyTree/FamilyTree.tsx
    ./src/pages/tree.tsx

  SSR:
    ./src/components/sections/FamilyTree/TreeSidebar.tsx
    ./src/components/sections/FamilyTree/FamilyTree.tsx
    ./src/pages/tree.tsx @ http://localhost:3000/_next/static/chunks/node_modules_next_dist_0bc8q4g._.js:1952
[  448060ms] [LOG] [Fast Refresh] rebuilding @ http://localhost:3000/_next/static/chunks/node_modules_next_dist_0bc8q4g._.js:1233
[  455003ms] [ERROR] ./src/components/sections/FamilyTree/PersonCardModal.tsx:141:7
the name `ActionButton` is defined multiple times
  139 | `;
  140 |
> 141 | const ActionButton = styled.button`
      |       ^^^^^^^^^^^^
  142 |     background: ${color('landingCta')};
  143 |     color: ${color('white')};
  144 |     border: none;

Ecmascript file had an error

Import traces:
  Browser:
    ./src/components/sections/FamilyTree/PersonCardModal.tsx
    ./src/components/sections/FamilyTree/FamilyTree.tsx
    ./src/pages/tree.tsx

  SSR:
    ./src/components/sections/FamilyTree/PersonCardModal.tsx
    ./src/components/sections/FamilyTree/FamilyTree.tsx
    ./src/pages/tree.tsx @ http://localhost:3000/_next/static/chunks/node_modules_next_dist_0bc8q4g._.js:1952
[  455003ms] [ERROR] ./src/components/sections/FamilyTree/PersonCardModal.tsx:135:7
the name `ActionRow` is defined multiple times
  133 | `;
  134 |
> 135 | const ActionRow = styled.div`
      |       ^^^^^^^^^
  136 |     margin-top: 12px;
  137 |     display: flex;
  138 |     gap: 8px;

Ecmascript file had an error

Import traces:
  Browser:
    ./src/components/sections/FamilyTree/PersonCardModal.tsx
    ./src/components/sections/FamilyTree/FamilyTree.tsx
    ./src/pages/tree.tsx

  SSR:
    ./src/components/sections/FamilyTree/PersonCardModal.tsx
    ./src/components/sections/FamilyTree/FamilyTree.tsx
    ./src/pages/tree.tsx @ http://localhost:3000/_next/static/chunks/node_modules_next_dist_0bc8q4g._.js:1952
[  455003ms] [ERROR] ./src/components/sections/FamilyTree/PersonCardModal.tsx:45:7
the name `Avatar` is defined multiple times
  43 | `;
  44 |
> 45 | const Avatar = styled.div<{ $photo?: string }>`
     |       ^^^^^^
  46 |     width: 64px;
  47 |     height: 64px;
  48 |     border-radius: 50%;

Ecmascript file had an error

Import traces:
  Browser:
    ./src/components/sections/FamilyTree/PersonCardModal.tsx
    ./src/components/sections/FamilyTree/FamilyTree.tsx
    ./src/pages/tree.tsx

  SSR:
    ./src/components/sections/FamilyTree/PersonCardModal.tsx
    ./src/components/sections/FamilyTree/FamilyTree.tsx
    ./src/pages/tree.tsx @ http://localhost:3000/_next/static/chunks/node_modules_next_dist_0bc8q4g._.js:1952
[  455003ms] [ERROR] ./src/components/sections/FamilyTree/TreeSidebar.tsx:14:7
the name `Backdrop` is defined multiple times
  12 | } from './TreeSidebar.styled';
  13 |
> 14 | const Backdrop = styled.div<{ $open: boolean }>`
     |       ^^^^^^^^
  15 |     position: fixed;
  16 |     inset: 0;
  17 |     background: ${color('black', 0.18)};

Ecmascript file had an error

Import traces:
  Browser:
    ./src/components/sections/FamilyTree/TreeSidebar.tsx
    ./src/components/sections/FamilyTree/FamilyTree.tsx
    ./src/pages/tree.tsx

  SSR:
    ./src/components/sections/FamilyTree/TreeSidebar.tsx
    ./src/components/sections/FamilyTree/FamilyTree.tsx
    ./src/pages/tree.tsx @ http://localhost:3000/_next/static/chunks/node_modules_next_dist_0bc8q4g._.js:1952
[  455003ms] [ERROR] ./src/components/sections/FamilyTree/TreeSidebar.tsx:53:7
the name `CloseBtn` is defined multiple times
  51 | `;
  52 |
> 53 | const CloseBtn = styled.button`
     |       ^^^^^^^^
  54 |     background: transparent;
  55 |     border: none;
  56 |     color: ${color('textPrimary')};

Ecmascript file had an error

Import traces:
  Browser:
    ./src/components/sections/FamilyTree/TreeSidebar.tsx
    ./src/components/sections/FamilyTree/FamilyTree.tsx
    ./src/pages/tree.tsx

  SSR:
    ./src/components/sections/FamilyTree/TreeSidebar.tsx
    ./src/components/sections/FamilyTree/FamilyTree.tsx
    ./src/pages/tree.tsx @ http://localhost:3000/_next/static/chunks/node_modules_next_dist_0bc8q4g._.js:1952
[  455003ms] [ERROR] ./src/components/sections/FamilyTree/TreeSidebar.tsx:148:7
the name `CondensedMenuItem` is defined multiple times
  146 | `;
  147 |
> 148 | const CondensedMenuItem = styled(MenuItem)`
      |       ^^^^^^^^^^^^^^^^^
  149 |     ${font('mobileBody')};
  150 | `;
  151 |

Ecmascript file had an error

Import traces:
  Browser:
    ./src/components/sections/FamilyTree/TreeSidebar.tsx
    ./src/components/sections/FamilyTree/FamilyTree.tsx
    ./src/pages/tree.tsx

  SSR:
    ./src/components/sections/FamilyTree/TreeSidebar.tsx
    ./src/components/sections/FamilyTree/FamilyTree.tsx
    ./src/pages/tree.tsx @ http://localhost:3000/_next/static/chunks/node_modules_next_dist_0bc8q4g._.js:1952
[  455003ms] [ERROR] ./src/components/sections/FamilyTree/PersonCardModal.tsx:129:7
the name `Empty` is defined multiple times
  127 | `;
  128 |
> 129 | const Empty = styled.div`
      |       ^^^^^
  130 |     ${font('mobileControl')};
  131 |     color: ${color('textPrimary')};
  132 |     opacity: 0.6;

Ecmascript file had an error

Import traces:
  Browser:
    ./src/components/sections/FamilyTree/PersonCardModal.tsx
    ./src/components/sections/FamilyTree/FamilyTree.tsx
    ./src/pages/tree.tsx

  SSR:
    ./src/components/sections/FamilyTree/PersonCardModal.tsx
    ./src/components/sections/FamilyTree/FamilyTree.tsx
    ./src/pages/tree.tsx @ http://localhost:3000/_next/static/chunks/node_modules_next_dist_0bc8q4g._.js:1952
[  455003ms] [ERROR] ./src/components/sections/FamilyTree/PersonCardModal.tsx:61:7
the name `HeroMeta` is defined multiple times
  59 | `;
  60 |
> 61 | const HeroMeta = styled.div`
     |       ^^^^^^^^
  62 |     ${font('mobileControl')};
  63 |     color: ${color('textPrimary')};
  64 |     opacity: 0.75;

Ecmascript file had an error

Import traces:
  Browser:
    ./src/components/sections/FamilyTree/PersonCardModal.tsx
    ./src/components/sections/FamilyTree/FamilyTree.tsx
    ./src/pages/tree.tsx

  SSR:
    ./src/components/sections/FamilyTree/PersonCardModal.tsx
    ./src/components/sections/FamilyTree/FamilyTree.tsx
    ./src/pages/tree.tsx @ http://localhost:3000/_next/static/chunks/node_modules_next_dist_0bc8q4g._.js:1952
[  455004ms] [ERROR] ./src/components/sections/FamilyTree/PersonCardModal.tsx:56:7
the name `HeroName` is defined multiple times
  54 | `;
  55 |
> 56 | const HeroName = styled.div`
     |       ^^^^^^^^
  57 |     ${font('mobileHeader')};
  58 |     color: ${color('textPrimary')};
  59 | `;

Ecmascript file had an error

Import traces:
  Browser:
    ./src/components/sections/FamilyTree/PersonCardModal.tsx
    ./src/components/sections/FamilyTree/FamilyTree.tsx
    ./src/pages/tree.tsx

  SSR:
    ./src/components/sections/FamilyTree/PersonCardModal.tsx
    ./src/components/sections/FamilyTree/FamilyTree.tsx
    ./src/pages/tree.tsx @ http://localhost:3000/_next/static/chunks/node_modules_next_dist_0bc8q4g._.js:1952
[  455004ms] [ERROR] ./src/components/sections/FamilyTree/PersonCardModal.tsx:38:7
the name `Hero` is defined multiple times
  36 | } from './Modal.styled';
  37 |
> 38 | const Hero = styled.div`
     |       ^^^^
  39 |     display: flex;
  40 |     align-items: center;
  41 |     gap: 14px;

Ecmascript file had an error

Import traces:
  Browser:
    ./src/components/sections/FamilyTree/PersonCardModal.tsx
    ./src/components/sections/FamilyTree/FamilyTree.tsx
    ./src/pages/tree.tsx

  SSR:
    ./src/components/sections/FamilyTree/PersonCardModal.tsx
    ./src/components/sections/FamilyTree/FamilyTree.tsx
    ./src/pages/tree.tsx @ http://localhost:3000/_next/static/chunks/node_modules_next_dist_0bc8q4g._.js:1952
[  455004ms] [ERROR] ./src/components/sections/FamilyTree/PersonCardModal.tsx:119:7
the name `ListAvatar` is defined multiple times
  117 | `;
  118 |
> 119 | const ListAvatar = styled.div<{ $photo?: string }>`
      |       ^^^^^^^^^^
  120 |     width: 32px;
  121 |     height: 32px;
  122 |     border-radius: 50%;

Ecmascript file had an error

Import traces:
  Browser:
    ./src/components/sections/FamilyTree/PersonCardModal.tsx
    ./src/components/sections/FamilyTree/FamilyTree.tsx
    ./src/pages/tree.tsx

  SSR:
    ./src/components/sections/FamilyTree/PersonCardModal.tsx
    ./src/components/sections/FamilyTree/FamilyTree.tsx
    ./src/pages/tree.tsx @ http://localhost:3000/_next/static/chunks/node_modules_next_dist_0bc8q4g._.js:1952
[  455004ms] [ERROR] ./src/components/sections/FamilyTree/PersonCardModal.tsx:80:7
the name `ListItem` is defined multiple times
  78 | `;
  79 |
> 80 | const ListItem = styled.button`
     |       ^^^^^^^^
  81 |     flex: 1;
  82 |     background: transparent;
  83 |     border: none;

Ecmascript file had an error

Import traces:
  Browser:
    ./src/components/sections/FamilyTree/PersonCardModal.tsx
    ./src/components/sections/FamilyTree/FamilyTree.tsx
    ./src/pages/tree.tsx

  SSR:
    ./src/components/sections/FamilyTree/PersonCardModal.tsx
    ./src/components/sections/FamilyTree/FamilyTree.tsx
    ./src/pages/tree.tsx @ http://localhost:3000/_next/static/chunks/node_modules_next_dist_0bc8q4g._.js:1952
[  455004ms] [ERROR] ./src/components/sections/FamilyTree/PersonCardModal.tsx:67:7
the name `ListRow` is defined multiple times
  65 | `;
  66 |
> 67 | const ListRow = styled.div`
     |       ^^^^^^^
  68 |     display: flex;
  69 |     align-items: center;
  70 |     gap: 6px;

Ecmascript file had an error

Import traces:
  Browser:
    ./src/components/sections/FamilyTree/PersonCardModal.tsx
    ./src/components/sections/FamilyTree/FamilyTree.tsx
    ./src/pages/tree.tsx

  SSR:
    ./src/components/sections/FamilyTree/PersonCardModal.tsx
    ./src/components/sections/FamilyTree/FamilyTree.tsx
    ./src/pages/tree.tsx @ http://localhost:3000/_next/static/chunks/node_modules_next_dist_0bc8q4g._.js:1952
[  455004ms] [ERROR] ./src/components/sections/FamilyTree/TreeSidebar.tsx:133:7
the name `MenuItem` is defined multiple times
  131 | `;
  132 |
> 133 | const MenuItem = styled.button`
      |       ^^^^^^^^
  134 |     width: 100%;
  135 |     border: 0;
  136 |     background: transparent;

Ecmascript file had an error

Import traces:
  Browser:
    ./src/components/sections/FamilyTree/TreeSidebar.tsx
    ./src/components/sections/FamilyTree/FamilyTree.tsx
    ./src/pages/tree.tsx

  SSR:
    ./src/components/sections/FamilyTree/TreeSidebar.tsx
    ./src/components/sections/FamilyTree/FamilyTree.tsx
    ./src/pages/tree.tsx @ http://localhost:3000/_next/static/chunks/node_modules_next_dist_0bc8q4g._.js:1952
[  455004ms] [ERROR] ./src/components/sections/FamilyTree/TreeSidebar.tsx:124:7
the name `Menu` is defined multiple times
  122 | `;
  123 |
> 124 | const Menu = styled.ul`
      |       ^^^^
  125 |     list-style: none;
  126 |     margin: 0;
  127 |     padding: 8px 22px 22px;

Ecmascript file had an error

Import traces:
  Browser:
    ./src/components/sections/FamilyTree/TreeSidebar.tsx
    ./src/components/sections/FamilyTree/FamilyTree.tsx
    ./src/pages/tree.tsx

  SSR:
    ./src/components/sections/FamilyTree/TreeSidebar.tsx
    ./src/components/sections/FamilyTree/FamilyTree.tsx
    ./src/pages/tree.tsx @ http://localhost:3000/_next/static/chunks/node_modules_next_dist_0bc8q4g._.js:1952
[  455005ms] [ERROR] ./src/components/sections/FamilyTree/TreeSidebar.tsx:24:7
the name `Panel` is defined multiple times
  22 | `;
  23 |
> 24 | const Panel = styled.aside<{ $open: boolean }>`
     |       ^^^^^
  25 |     position: fixed;
  26 |     top: 0;
  27 |     right: 0;

Ecmascript file had an error

Import traces:
  Browser:
    ./src/components/sections/FamilyTree/TreeSidebar.tsx
    ./src/components/sections/FamilyTree/FamilyTree.tsx
    ./src/pages/tree.tsx

  SSR:
    ./src/components/sections/FamilyTree/TreeSidebar.tsx
    ./src/components/sections/FamilyTree/FamilyTree.tsx
    ./src/pages/tree.tsx @ http://localhost:3000/_next/static/chunks/node_modules_next_dist_0bc8q4g._.js:1952
[  455005ms] [ERROR] ./src/components/sections/FamilyTree/PersonCardModal.tsx:95:7
the name `RemoveRelationButton` is defined multiple times
  93 | `;
  94 |
> 95 | const RemoveRelationButton = styled.button`
     |       ^^^^^^^^^^^^^^^^^^^^
  96 |     flex: 0 0 auto;
  97 |     display: inline-flex;
  98 |     align-items: center;

Ecmascript file had an error

Import traces:
  Browser:
    ./src/components/sections/FamilyTree/PersonCardModal.tsx
    ./src/components/sections/FamilyTree/FamilyTree.tsx
    ./src/pages/tree.tsx

  SSR:
    ./src/components/sections/FamilyTree/PersonCardModal.tsx
    ./src/components/sections/FamilyTree/FamilyTree.tsx
    ./src/pages/tree.tsx @ http://localhost:3000/_next/static/chunks/node_modules_next_dist_0bc8q4g._.js:1952
[  455005ms] [ERROR] ./src/components/sections/FamilyTree/TreeSidebar.tsx:43:7
the name `TopBar` is defined multiple times
  41 | `;
  42 |
> 43 | const TopBar = styled.div`
     |       ^^^^^^
  44 |     padding: 18px 22px 12px;
  45 |     display: flex;
  46 |     align-items: center;

Ecmascript file had an error

Import traces:
  Browser:
    ./src/components/sections/FamilyTree/TreeSidebar.tsx
    ./src/components/sections/FamilyTree/FamilyTree.tsx
    ./src/pages/tree.tsx

  SSR:
    ./src/components/sections/FamilyTree/TreeSidebar.tsx
    ./src/components/sections/FamilyTree/FamilyTree.tsx
    ./src/pages/tree.tsx @ http://localhost:3000/_next/static/chunks/node_modules_next_dist_0bc8q4g._.js:1952
[  455005ms] [ERROR] ./src/components/sections/FamilyTree/TreeSidebar.tsx:74:7
the name `TreeSelect` is defined multiple times
  72 | `;
  73 |
> 74 | const TreeSelect = styled.select`
     |       ^^^^^^^^^^
  75 |     width: 100%;
  76 |     background: ${color('cream')};
  77 |     border: 2px solid ${color('forest')};

Ecmascript file had an error

Import traces:
  Browser:
    ./src/components/sections/FamilyTree/TreeSidebar.tsx
    ./src/components/sections/FamilyTree/FamilyTree.tsx
    ./src/pages/tree.tsx

  SSR:
    ./src/components/sections/FamilyTree/TreeSidebar.tsx
    ./src/components/sections/FamilyTree/FamilyTree.tsx
    ./src/pages/tree.tsx @ http://localhost:3000/_next/static/chunks/node_modules_next_dist_0bc8q4g._.js:1952
[  455062ms] [LOG] [Fast Refresh] rebuilding @ http://localhost:3000/_next/static/chunks/node_modules_next_dist_0bc8q4g._.js:1233
[  514311ms] [LOG] [HMR] connected @ http://localhost:3000/_next/static/chunks/node_modules_next_dist_0bc8q4g._.js:1233
[  515655ms] [INFO] %cDownload the React DevTools for a better development experience: https://reactjs.org/link/react-devtools font-weight:bold @ http://localhost:3000/_next/static/chunks/node_modules_react-dom_cjs_react-dom_development_07i0ttg.js:25055
[  515877ms] [LOG] [HMR] connected @ http://localhost:3000/_next/static/chunks/node_modules_next_dist_0bc8q4g._.js:1233
[  515975ms] [WARNING] Image with src "/images/index/tree.jpg" has legacy prop "layout". Did you forget to run the codemod?
Read more: https://nextjs.org/docs/messages/next-image-upgrade-to-13 @ http://localhost:3000/_next/static/chunks/node_modules_next_dist_0bc8q4g._.js:1233
[  515975ms] [WARNING] Image with src "/images/index/tree.jpg" has legacy prop "objectFit". Did you forget to run the codemod?
Read more: https://nextjs.org/docs/messages/next-image-upgrade-to-13 @ http://localhost:3000/_next/static/chunks/node_modules_next_dist_0bc8q4g._.js:1233
[  516415ms] [WARNING] Image with src "/images/index/tree.jpg" has "fill" and parent element with invalid "position". Provided "static" should be one of absolute,fixed,relative. @ http://localhost:3000/_next/static/chunks/node_modules_next_dist_0bc8q4g._.js:1233
[  516457ms] [WARNING] Image with src "/images/index/tree.jpg" was detected as the Largest Contentful Paint (LCP). Please add the `loading="eager"` property if this image is above the fold.
Read more: https://nextjs.org/docs/app/api-reference/components/image#loading @ http://localhost:3000/_next/static/chunks/node_modules_next_dist_0bc8q4g._.js:1233
[  516633ms] [WARNING] Image with src "/images/index/tree-m.png" has legacy prop "layout". Did you forget to run the codemod?
Read more: https://nextjs.org/docs/messages/next-image-upgrade-to-13 @ http://localhost:3000/_next/static/chunks/node_modules_next_dist_0bc8q4g._.js:1233
[  516633ms] [WARNING] Image with src "/images/index/tree-m.png" has legacy prop "objectFit". Did you forget to run the codemod?
Read more: https://nextjs.org/docs/messages/next-image-upgrade-to-13 @ http://localhost:3000/_next/static/chunks/node_modules_next_dist_0bc8q4g._.js:1233
[  516708ms] [WARNING] Image with src "/images/index/tree-m.png" has "fill" and parent element with invalid "position". Provided "static" should be one of absolute,fixed,relative. @ http://localhost:3000/_next/static/chunks/node_modules_next_dist_0bc8q4g._.js:1233
[  568208ms] [LOG] [Fast Refresh] rebuilding @ http://localhost:3000/_next/static/chunks/node_modules_next_dist_0bc8q4g._.js:1233
[  568776ms] [LOG] [Fast Refresh] done in 677ms @ http://localhost:3000/_next/static/chunks/node_modules_next_dist_0bc8q4g._.js:1233
[  570449ms] [LOG] [Fast Refresh] rebuilding @ http://localhost:3000/_next/static/chunks/node_modules_next_dist_0bc8q4g._.js:1233
[  570867ms] [LOG] [Fast Refresh] done in 522ms @ http://localhost:3000/_next/static/chunks/node_modules_next_dist_0bc8q4g._.js:1233
[  583369ms] [LOG] [Fast Refresh] rebuilding @ http://localhost:3000/_next/static/chunks/node_modules_next_dist_0bc8q4g._.js:1233
[  586757ms] [LOG] [Fast Refresh] done in 3495ms @ http://localhost:3000/_next/static/chunks/node_modules_next_dist_0bc8q4g._.js:1233
[  587643ms] [LOG] [Fast Refresh] rebuilding @ http://localhost:3000/_next/static/chunks/node_modules_next_dist_0bc8q4g._.js:1233
[  587692ms] [LOG] [Fast Refresh] done in 143ms @ http://localhost:3000/_next/static/chunks/node_modules_next_dist_0bc8q4g._.js:1233
[  588654ms] [LOG] [Fast Refresh] rebuilding @ http://localhost:3000/_next/static/chunks/node_modules_next_dist_0bc8q4g._.js:1233
[  588936ms] [LOG] [Fast Refresh] done in 390ms @ http://localhost:3000/_next/static/chunks/node_modules_next_dist_0bc8q4g._.js:1233
[  672037ms] [LOG] [Fast Refresh] rebuilding @ http://localhost:3000/_next/static/chunks/node_modules_next_dist_0bc8q4g._.js:1233
[  672970ms] [LOG] [Fast Refresh] done in 1038ms @ http://localhost:3000/_next/static/chunks/node_modules_next_dist_0bc8q4g._.js:1233
[  675820ms] [LOG] [Fast Refresh] rebuilding @ http://localhost:3000/_next/static/chunks/node_modules_next_dist_0bc8q4g._.js:1233
[  677850ms] [LOG] [Fast Refresh] done in 2145ms @ http://localhost:3000/_next/static/chunks/node_modules_next_dist_0bc8q4g._.js:1233
[  679658ms] [LOG] [Fast Refresh] rebuilding @ http://localhost:3000/_next/static/chunks/node_modules_next_dist_0bc8q4g._.js:1233
[  679927ms] [LOG] [Fast Refresh] done in 373ms @ http://localhost:3000/_next/static/chunks/node_modules_next_dist_0bc8q4g._.js:1233
