[     131ms] [LOG] [Fast Refresh] rebuilding @ http://localhost:3000/_next/static/chunks/node_modules_next_dist_0bc8q4g._.js:1233
[     463ms] [INFO] %cDownload the React DevTools for a better development experience: https://reactjs.org/link/react-devtools font-weight:bold @ http://localhost:3000/_next/static/chunks/node_modules_react-dom_cjs_react-dom_development_07i0ttg.js:25055
[     586ms] [LOG] [HMR] connected @ http://localhost:3000/_next/static/chunks/node_modules_next_dist_0bc8q4g._.js:1233
[  150401ms] [LOG] [Fast Refresh] rebuilding @ http://localhost:3000/_next/static/chunks/node_modules_next_dist_0bc8q4g._.js:1233
[  150407ms] [LOG] [Fast Refresh] done in 105ms @ http://localhost:3000/_next/static/chunks/node_modules_next_dist_0bc8q4g._.js:1233
[  153579ms] [LOG] [Fast Refresh] rebuilding @ http://localhost:3000/_next/static/chunks/node_modules_next_dist_0bc8q4g._.js:1233
[  153594ms] [LOG] [Fast Refresh] done in 117ms @ http://localhost:3000/_next/static/chunks/node_modules_next_dist_0bc8q4g._.js:1233
[  157374ms] [LOG] [Fast Refresh] rebuilding @ http://localhost:3000/_next/static/chunks/node_modules_next_dist_0bc8q4g._.js:1233
[  157378ms] [LOG] [Fast Refresh] done in 111ms @ http://localhost:3000/_next/static/chunks/node_modules_next_dist_0bc8q4g._.js:1233
[  157558ms] [LOG] [Fast Refresh] rebuilding @ http://localhost:3000/_next/static/chunks/node_modules_next_dist_0bc8q4g._.js:1233
[  157633ms] [LOG] [Fast Refresh] done in 180ms @ http://localhost:3000/_next/static/chunks/node_modules_next_dist_0bc8q4g._.js:1233
[  157743ms] [LOG] [Fast Refresh] rebuilding @ http://localhost:3000/_next/static/chunks/node_modules_next_dist_0bc8q4g._.js:1233
[  157744ms] [LOG] [Fast Refresh] done in 107ms @ http://localhost:3000/_next/static/chunks/node_modules_next_dist_0bc8q4g._.js:1233
[  209872ms] [LOG] [Fast Refresh] rebuilding @ http://localhost:3000/_next/static/chunks/node_modules_next_dist_0bc8q4g._.js:1233
[  209941ms] [LOG] [Fast Refresh] done in 181ms @ http://localhost:3000/_next/static/chunks/node_modules_next_dist_0bc8q4g._.js:1233
[ 4112254ms] [LOG] [Fast Refresh] rebuilding @ http://localhost:3000/_next/static/chunks/node_modules_next_dist_0bc8q4g._.js:1233
[ 4112395ms] [LOG] [Fast Refresh] done in 251ms @ http://localhost:3000/_next/static/chunks/node_modules_next_dist_0bc8q4g._.js:1233
[ 4174075ms] [LOG] [Fast Refresh] rebuilding @ http://localhost:3000/_next/static/chunks/node_modules_next_dist_0bc8q4g._.js:1233
[ 4175803ms] [LOG] [Fast Refresh] done in 1841ms @ http://localhost:3000/_next/static/chunks/node_modules_next_dist_0bc8q4g._.js:1233
[ 4600052ms] [LOG] [Fast Refresh] rebuilding @ http://localhost:3000/_next/static/chunks/node_modules_next_dist_0bc8q4g._.js:1233
[ 4600085ms] [LOG] [Fast Refresh] done in 144ms @ http://localhost:3000/_next/static/chunks/node_modules_next_dist_0bc8q4g._.js:1233
[ 4606683ms] [LOG] [Fast Refresh] rebuilding @ http://localhost:3000/_next/static/chunks/node_modules_next_dist_0bc8q4g._.js:1233
[ 4606751ms] [LOG] [Fast Refresh] done in 174ms @ http://localhost:3000/_next/static/chunks/node_modules_next_dist_0bc8q4g._.js:1233
[ 4738757ms] [LOG] [Fast Refresh] rebuilding @ http://localhost:3000/_next/static/chunks/node_modules_next_dist_0bc8q4g._.js:1233
[ 4739059ms] [LOG] [Fast Refresh] done in 390ms @ http://localhost:3000/_next/static/chunks/node_modules_next_dist_0bc8q4g._.js:1233
[ 4744263ms] [LOG] [Fast Refresh] rebuilding @ http://localhost:3000/_next/static/chunks/node_modules_next_dist_0bc8q4g._.js:1233
[ 4744297ms] [LOG] [Fast Refresh] done in 173ms @ http://localhost:3000/_next/static/chunks/node_modules_next_dist_0bc8q4g._.js:1233
[ 4913951ms] [LOG] [Fast Refresh] rebuilding @ http://localhost:3000/_next/static/chunks/node_modules_next_dist_0bc8q4g._.js:1233
[ 4918810ms] [LOG] [Fast Refresh] done in 4963ms @ http://localhost:3000/_next/static/chunks/node_modules_next_dist_0bc8q4g._.js:1233
[ 4927976ms] [LOG] [Fast Refresh] rebuilding @ http://localhost:3000/_next/static/chunks/node_modules_next_dist_0bc8q4g._.js:1233
[ 4927996ms] [LOG] [Fast Refresh] done in 77ms @ http://localhost:3000/_next/static/chunks/node_modules_next_dist_0bc8q4g._.js:1233
[ 4928255ms] [LOG] [Fast Refresh] rebuilding @ http://localhost:3000/_next/static/chunks/node_modules_next_dist_0bc8q4g._.js:1233
[ 4928442ms] [ERROR] ./src/components/pages/LoginPage/LoginPage.styled.tsx:49:47
Unterminated template
  47 |         width: 500px;
  48 |         height: ${({ $mode }) => ($mode === 'register' ? '645px' : '484px')};
> 49 |         background: ${color('popupBackground')};
     |                                               ^
> 50 |         box-shadow: none;
     | ^^^^^^^^^^^^^^^^^^^^^^^^^
> 51 |
     | ^

Parsing ecmascript source code failed

Import traces:
  Browser:
    ./src/components/pages/LoginPage/LoginPage.styled.tsx
    ./src/pages/login.tsx

  SSR:
    ./src/components/pages/LoginPage/LoginPage.styled.tsx
    ./src/pages/login.tsx @ http://localhost:3000/_next/static/chunks/node_modules_next_dist_0bc8q4g._.js:1952
[ 4928773ms] [ERROR] ./src/components/pages/LoginPage/LoginPage.styled.tsx:49:47
Unterminated template
  47 |         width: 500px;
  48 |         height: ${({ $mode }) => ($mode === 'register' ? '645px' : '484px')};
> 49 |         background: ${color('popupBackground')};
     |                                               ^
> 50 |         box-shadow: none;
     | ^^^^^^^^^^^^^^^^^^^^^^^^^
> 51 |
     | ^

Parsing ecmascript source code failed

Import traces:
  Browser:
    ./src/components/pages/LoginPage/LoginPage.styled.tsx
    ./src/pages/login.tsx

  SSR:
    ./src/components/pages/LoginPage/LoginPage.styled.tsx
    ./src/pages/login.tsx @ http://localhost:3000/_next/static/chunks/node_modules_next_dist_0bc8q4g._.js:1952
[ 4928879ms] [LOG] [Fast Refresh] rebuilding @ http://localhost:3000/_next/static/chunks/node_modules_next_dist_0bc8q4g._.js:1233
[ 4930916ms] [ERROR] ./src/components/pages/LoginPage/LoginPage.styled.tsx:49:47
Unterminated template
  47 |         width: 500px;
  48 |         height: ${({ $mode }) => ($mode === 'register' ? '645px' : '484px')};
> 49 |         background: ${color('popupBackground')};
     |                                               ^
> 50 |         box-shadow: none;
     | ^^^^^^^^^^^^^^^^^^^^^^^^^
> 51 |
     | ^

Parsing ecmascript source code failed

Import traces:
  Browser:
    ./src/components/pages/LoginPage/LoginPage.styled.tsx
    ./src/pages/login.tsx

  SSR:
    ./src/components/pages/LoginPage/LoginPage.styled.tsx
    ./src/pages/login.tsx @ http://localhost:3000/_next/static/chunks/node_modules_next_dist_0bc8q4g._.js:1952
[ 4931293ms] [LOG] [Fast Refresh] rebuilding @ http://localhost:3000/_next/static/chunks/node_modules_next_dist_0bc8q4g._.js:1233
[ 4935576ms] [ERROR] ./src/components/pages/LoginPage/LoginPage.styled.tsx:49:47
Unterminated template
  47 |         width: 500px;
  48 |         height: ${({ $mode }) => ($mode === 'register' ? '645px' : '484px')};
> 49 |         background: ${color('popupBackground')};
     |                                               ^
> 50 |         box-shadow: none;
     | ^^^^^^^^^^^^^^^^^^^^^^^^^
> 51 |
     | ^

Parsing ecmascript source code failed

Import traces:
  Browser:
    ./src/components/pages/LoginPage/LoginPage.styled.tsx
    ./src/pages/login.tsx

  SSR:
    ./src/components/pages/LoginPage/LoginPage.styled.tsx
    ./src/pages/login.tsx @ http://localhost:3000/_next/static/chunks/node_modules_next_dist_0bc8q4g._.js:1952
[ 4953601ms] [LOG] [Fast Refresh] rebuilding @ http://localhost:3000/_next/static/chunks/node_modules_next_dist_0bc8q4g._.js:1233
[ 4955017ms] [ERROR] ./src/pages/login.tsx:6:1
Export Action doesn't exist in target module
   4 | import { serverSideTranslations } from 'next-i18next/serverSideTranslations';
   5 | import { useRouter } from 'next/router';
>  6 | import {
     | ^^^^^^^
>  7 |     Action,
     | ^^^^^^^^^^^
>  8 |     AuxiliaryAction,
     | ^^^^^^^^^^^^^^^^^^^^
>  9 |     CheckboxRow,
     | ^^^^^^^^^^^^^^^^
> 10 |     Close,
     | ^^^^^^^^^^
> 11 |     Error,
     | ^^^^^^^^^^
> 12 |     Form,
     | ^^^^^^^^^
> 13 |     Input,
     | ^^^^^^^^^^
> 14 |     Modal,
     | ^^^^^^^^^^
> 15 |     ModalBody,
     | ^^^^^^^^^^^^^^
> 16 |     ModalHeader,
     | ^^^^^^^^^^^^^^^^
> 17 |     Page,
     | ^^^^^^^^^
> 18 |     Status,
     | ^^^^^^^^^^^
> 19 |     Tab,
     | ^^^^^^^^
> 20 |     Tabs,
     | ^^^^^^^^^
> 21 |     Title
     | ^^^^^^^^^
> 22 | } from '@/components/pages/LoginPage/LoginPage.styled';
     | ^^^^^^^^^^^^^^^^^^^^^^^^^^^^^^^^^^^^^^^^^^^^^^^^^^^^^^^
  23 |
  24 | type User = { username: string; email: string; password: string };
  25 |

The export Action was not found in module [project]/src/components/pages/LoginPage/LoginPage.styled.tsx [client] (ecmascript).
Did you mean to import CheckboxRow?
All exports of the module are statically known (It doesn't have dynamic exports). So it's known statically that the requested export doesn't exist. @ http://localhost:3000/_next/static/chunks/node_modules_next_dist_0bc8q4g._.js:1952
[ 4955017ms] [ERROR] ./src/pages/login.tsx:6:1
Export Action doesn't exist in target module
   4 | import { serverSideTranslations } from 'next-i18next/serverSideTranslations';
   5 | import { useRouter } from 'next/router';
>  6 | import {
     | ^^^^^^^
>  7 |     Action,
     | ^^^^^^^^^^^
>  8 |     AuxiliaryAction,
     | ^^^^^^^^^^^^^^^^^^^^
>  9 |     CheckboxRow,
     | ^^^^^^^^^^^^^^^^
> 10 |     Close,
     | ^^^^^^^^^^
> 11 |     Error,
     | ^^^^^^^^^^
> 12 |     Form,
     | ^^^^^^^^^
> 13 |     Input,
     | ^^^^^^^^^^
> 14 |     Modal,
     | ^^^^^^^^^^
> 15 |     ModalBody,
     | ^^^^^^^^^^^^^^
> 16 |     ModalHeader,
     | ^^^^^^^^^^^^^^^^
> 17 |     Page,
     | ^^^^^^^^^
> 18 |     Status,
     | ^^^^^^^^^^^
> 19 |     Tab,
     | ^^^^^^^^
> 20 |     Tabs,
     | ^^^^^^^^^
> 21 |     Title
     | ^^^^^^^^^
> 22 | } from '@/components/pages/LoginPage/LoginPage.styled';
     | ^^^^^^^^^^^^^^^^^^^^^^^^^^^^^^^^^^^^^^^^^^^^^^^^^^^^^^^
  23 |
  24 | type User = { username: string; email: string; password: string };
  25 |

The export Action was not found in module [project]/src/components/pages/LoginPage/LoginPage.styled.tsx [ssr] (ecmascript).
Did you mean to import CheckboxRow?
All exports of the module are statically known (It doesn't have dynamic exports). So it's known statically that the requested export doesn't exist. @ http://localhost:3000/_next/static/chunks/node_modules_next_dist_0bc8q4g._.js:1952
[ 4955017ms] [ERROR] ./src/pages/login.tsx:6:1
Export AuxiliaryAction doesn't exist in target module
   4 | import { serverSideTranslations } from 'next-i18next/serverSideTranslations';
   5 | import { useRouter } from 'next/router';
>  6 | import {
     | ^^^^^^^
>  7 |     Action,
     | ^^^^^^^^^^^
>  8 |     AuxiliaryAction,
     | ^^^^^^^^^^^^^^^^^^^^
>  9 |     CheckboxRow,
     | ^^^^^^^^^^^^^^^^
> 10 |     Close,
     | ^^^^^^^^^^
> 11 |     Error,
     | ^^^^^^^^^^
> 12 |     Form,
     | ^^^^^^^^^
> 13 |     Input,
     | ^^^^^^^^^^
> 14 |     Modal,
     | ^^^^^^^^^^
> 15 |     ModalBody,
     | ^^^^^^^^^^^^^^
> 16 |     ModalHeader,
     | ^^^^^^^^^^^^^^^^
> 17 |     Page,
     | ^^^^^^^^^
> 18 |     Status,
     | ^^^^^^^^^^^
> 19 |     Tab,
     | ^^^^^^^^
> 20 |     Tabs,
     | ^^^^^^^^^
> 21 |     Title
     | ^^^^^^^^^
> 22 | } from '@/components/pages/LoginPage/LoginPage.styled';
     | ^^^^^^^^^^^^^^^^^^^^^^^^^^^^^^^^^^^^^^^^^^^^^^^^^^^^^^^
  23 |
  24 | type User = { username: string; email: string; password: string };
  25 |

The export AuxiliaryAction was not found in module [project]/src/components/pages/LoginPage/LoginPage.styled.tsx [client] (ecmascript).
Did you mean to import Title?
All exports of the module are statically known (It doesn't have dynamic exports). So it's known statically that the requested export doesn't exist. @ http://localhost:3000/_next/static/chunks/node_modules_next_dist_0bc8q4g._.js:1952
[ 4955017ms] [ERROR] ./src/pages/login.tsx:6:1
Export AuxiliaryAction doesn't exist in target module
   4 | import { serverSideTranslations } from 'next-i18next/serverSideTranslations';
   5 | import { useRouter } from 'next/router';
>  6 | import {
     | ^^^^^^^
>  7 |     Action,
     | ^^^^^^^^^^^
>  8 |     AuxiliaryAction,
     | ^^^^^^^^^^^^^^^^^^^^
>  9 |     CheckboxRow,
     | ^^^^^^^^^^^^^^^^
> 10 |     Close,
     | ^^^^^^^^^^
> 11 |     Error,
     | ^^^^^^^^^^
> 12 |     Form,
     | ^^^^^^^^^
> 13 |     Input,
     | ^^^^^^^^^^
> 14 |     Modal,
     | ^^^^^^^^^^
> 15 |     ModalBody,
     | ^^^^^^^^^^^^^^
> 16 |     ModalHeader,
     | ^^^^^^^^^^^^^^^^
> 17 |     Page,
     | ^^^^^^^^^
> 18 |     Status,
     | ^^^^^^^^^^^
> 19 |     Tab,
     | ^^^^^^^^
> 20 |     Tabs,
     | ^^^^^^^^^
> 21 |     Title
     | ^^^^^^^^^
> 22 | } from '@/components/pages/LoginPage/LoginPage.styled';
     | ^^^^^^^^^^^^^^^^^^^^^^^^^^^^^^^^^^^^^^^^^^^^^^^^^^^^^^^
  23 |
  24 | type User = { username: string; email: string; password: string };
  25 |

The export AuxiliaryAction was not found in module [project]/src/components/pages/LoginPage/LoginPage.styled.tsx [ssr] (ecmascript).
Did you mean to import Title?
All exports of the module are statically known (It doesn't have dynamic exports). So it's known statically that the requested export doesn't exist. @ http://localhost:3000/_next/static/chunks/node_modules_next_dist_0bc8q4g._.js:1952
[ 4955018ms] [ERROR] ./src/pages/login.tsx:6:1
Export Error doesn't exist in target module
   4 | import { serverSideTranslations } from 'next-i18next/serverSideTranslations';
   5 | import { useRouter } from 'next/router';
>  6 | import {
     | ^^^^^^^
>  7 |     Action,
     | ^^^^^^^^^^^
>  8 |     AuxiliaryAction,
     | ^^^^^^^^^^^^^^^^^^^^
>  9 |     CheckboxRow,
     | ^^^^^^^^^^^^^^^^
> 10 |     Close,
     | ^^^^^^^^^^
> 11 |     Error,
     | ^^^^^^^^^^
> 12 |     Form,
     | ^^^^^^^^^
> 13 |     Input,
     | ^^^^^^^^^^
> 14 |     Modal,
     | ^^^^^^^^^^
> 15 |     ModalBody,
     | ^^^^^^^^^^^^^^
> 16 |     ModalHeader,
     | ^^^^^^^^^^^^^^^^
> 17 |     Page,
     | ^^^^^^^^^
> 18 |     Status,
     | ^^^^^^^^^^^
> 19 |     Tab,
     | ^^^^^^^^
> 20 |     Tabs,
     | ^^^^^^^^^
> 21 |     Title
     | ^^^^^^^^^
> 22 | } from '@/components/pages/LoginPage/LoginPage.styled';
     | ^^^^^^^^^^^^^^^^^^^^^^^^^^^^^^^^^^^^^^^^^^^^^^^^^^^^^^^
  23 |
  24 | type User = { username: string; email: string; password: string };
  25 |

The export Error was not found in module [project]/src/components/pages/LoginPage/LoginPage.styled.tsx [client] (ecmascript).
Did you mean to import Form?
All exports of the module are statically known (It doesn't have dynamic exports). So it's known statically that the requested export doesn't exist. @ http://localhost:3000/_next/static/chunks/node_modules_next_dist_0bc8q4g._.js:1952
[ 4955019ms] [ERROR] ./src/pages/login.tsx:6:1
Export Error doesn't exist in target module
   4 | import { serverSideTranslations } from 'next-i18next/serverSideTranslations';
   5 | import { useRouter } from 'next/router';
>  6 | import {
     | ^^^^^^^
>  7 |     Action,
     | ^^^^^^^^^^^
>  8 |     AuxiliaryAction,
     | ^^^^^^^^^^^^^^^^^^^^
>  9 |     CheckboxRow,
     | ^^^^^^^^^^^^^^^^
> 10 |     Close,
     | ^^^^^^^^^^
> 11 |     Error,
     | ^^^^^^^^^^
> 12 |     Form,
     | ^^^^^^^^^
> 13 |     Input,
     | ^^^^^^^^^^
> 14 |     Modal,
     | ^^^^^^^^^^
> 15 |     ModalBody,
     | ^^^^^^^^^^^^^^
> 16 |     ModalHeader,
     | ^^^^^^^^^^^^^^^^
> 17 |     Page,
     | ^^^^^^^^^
> 18 |     Status,
     | ^^^^^^^^^^^
> 19 |     Tab,
     | ^^^^^^^^
> 20 |     Tabs,
     | ^^^^^^^^^
> 21 |     Title
     | ^^^^^^^^^
> 22 | } from '@/components/pages/LoginPage/LoginPage.styled';
     | ^^^^^^^^^^^^^^^^^^^^^^^^^^^^^^^^^^^^^^^^^^^^^^^^^^^^^^^
  23 |
  24 | type User = { username: string; email: string; password: string };
  25 |

The export Error was not found in module [project]/src/components/pages/LoginPage/LoginPage.styled.tsx [ssr] (ecmascript).
Did you mean to import Form?
All exports of the module are statically known (It doesn't have dynamic exports). So it's known statically that the requested export doesn't exist. @ http://localhost:3000/_next/static/chunks/node_modules_next_dist_0bc8q4g._.js:1952
[ 4955019ms] [ERROR] ./src/pages/login.tsx:6:1
Export Status doesn't exist in target module
   4 | import { serverSideTranslations } from 'next-i18next/serverSideTranslations';
   5 | import { useRouter } from 'next/router';
>  6 | import {
     | ^^^^^^^
>  7 |     Action,
     | ^^^^^^^^^^^
>  8 |     AuxiliaryAction,
     | ^^^^^^^^^^^^^^^^^^^^
>  9 |     CheckboxRow,
     | ^^^^^^^^^^^^^^^^
> 10 |     Close,
     | ^^^^^^^^^^
> 11 |     Error,
     | ^^^^^^^^^^
> 12 |     Form,
     | ^^^^^^^^^
> 13 |     Input,
     | ^^^^^^^^^^
> 14 |     Modal,
     | ^^^^^^^^^^
> 15 |     ModalBody,
     | ^^^^^^^^^^^^^^
> 16 |     ModalHeader,
     | ^^^^^^^^^^^^^^^^
> 17 |     Page,
     | ^^^^^^^^^
> 18 |     Status,
     | ^^^^^^^^^^^
> 19 |     Tab,
     | ^^^^^^^^
> 20 |     Tabs,
     | ^^^^^^^^^
> 21 |     Title
     | ^^^^^^^^^
> 22 | } from '@/components/pages/LoginPage/LoginPage.styled';
     | ^^^^^^^^^^^^^^^^^^^^^^^^^^^^^^^^^^^^^^^^^^^^^^^^^^^^^^^
  23 |
  24 | type User = { username: string; email: string; password: string };
  25 |

The export Status was not found in module [project]/src/components/pages/LoginPage/LoginPage.styled.tsx [client] (ecmascript).
Did you mean to import Tabs?
All exports of the module are statically known (It doesn't have dynamic exports). So it's known statically that the requested export doesn't exist. @ http://localhost:3000/_next/static/chunks/node_modules_next_dist_0bc8q4g._.js:1952
[ 4955020ms] [ERROR] ./src/pages/login.tsx:6:1
Export Status doesn't exist in target module
   4 | import { serverSideTranslations } from 'next-i18next/serverSideTranslations';
   5 | import { useRouter } from 'next/router';
>  6 | import {
     | ^^^^^^^
>  7 |     Action,
     | ^^^^^^^^^^^
>  8 |     AuxiliaryAction,
     | ^^^^^^^^^^^^^^^^^^^^
>  9 |     CheckboxRow,
     | ^^^^^^^^^^^^^^^^
> 10 |     Close,
     | ^^^^^^^^^^
> 11 |     Error,
     | ^^^^^^^^^^
> 12 |     Form,
     | ^^^^^^^^^
> 13 |     Input,
     | ^^^^^^^^^^
> 14 |     Modal,
     | ^^^^^^^^^^
> 15 |     ModalBody,
     | ^^^^^^^^^^^^^^
> 16 |     ModalHeader,
     | ^^^^^^^^^^^^^^^^
> 17 |     Page,
     | ^^^^^^^^^
> 18 |     Status,
     | ^^^^^^^^^^^
> 19 |     Tab,
     | ^^^^^^^^
> 20 |     Tabs,
     | ^^^^^^^^^
> 21 |     Title
     | ^^^^^^^^^
> 22 | } from '@/components/pages/LoginPage/LoginPage.styled';
     | ^^^^^^^^^^^^^^^^^^^^^^^^^^^^^^^^^^^^^^^^^^^^^^^^^^^^^^^
  23 |
  24 | type User = { username: string; email: string; password: string };
  25 |

The export Status was not found in module [project]/src/components/pages/LoginPage/LoginPage.styled.tsx [ssr] (ecmascript).
Did you mean to import Tabs?
All exports of the module are statically known (It doesn't have dynamic exports). So it's known statically that the requested export doesn't exist. @ http://localhost:3000/_next/static/chunks/node_modules_next_dist_0bc8q4g._.js:1952
[ 4955129ms] [LOG] [Fast Refresh] rebuilding @ http://localhost:3000/_next/static/chunks/node_modules_next_dist_0bc8q4g._.js:1233
[ 4955132ms] [ERROR] ./src/pages/login.tsx:6:1
Export Action doesn't exist in target module
   4 | import { serverSideTranslations } from 'next-i18next/serverSideTranslations';
   5 | import { useRouter } from 'next/router';
>  6 | import {
     | ^^^^^^^
>  7 |     Action,
     | ^^^^^^^^^^^
>  8 |     AuxiliaryAction,
     | ^^^^^^^^^^^^^^^^^^^^
>  9 |     CheckboxRow,
     | ^^^^^^^^^^^^^^^^
> 10 |     Close,
     | ^^^^^^^^^^
> 11 |     Error,
     | ^^^^^^^^^^
> 12 |     Form,
     | ^^^^^^^^^
> 13 |     Input,
     | ^^^^^^^^^^
> 14 |     Modal,
     | ^^^^^^^^^^
> 15 |     ModalBody,
     | ^^^^^^^^^^^^^^
> 16 |     ModalHeader,
     | ^^^^^^^^^^^^^^^^
> 17 |     Page,
     | ^^^^^^^^^
> 18 |     Status,
     | ^^^^^^^^^^^
> 19 |     Tab,
     | ^^^^^^^^
> 20 |     Tabs,
     | ^^^^^^^^^
> 21 |     Title
     | ^^^^^^^^^
> 22 | } from '@/components/pages/LoginPage/LoginPage.styled';
     | ^^^^^^^^^^^^^^^^^^^^^^^^^^^^^^^^^^^^^^^^^^^^^^^^^^^^^^^
  23 |
  24 | type User = { username: string; email: string; password: string };
  25 |

The export Action was not found in module [project]/src/components/pages/LoginPage/LoginPage.styled.tsx [client] (ecmascript).
Did you mean to import CheckboxRow?
All exports of the module are statically known (It doesn't have dynamic exports). So it's known statically that the requested export doesn't exist. @ http://localhost:3000/_next/static/chunks/node_modules_next_dist_0bc8q4g._.js:1952
[ 4955133ms] [ERROR] ./src/pages/login.tsx:6:1
Export Action doesn't exist in target module
   4 | import { serverSideTranslations } from 'next-i18next/serverSideTranslations';
   5 | import { useRouter } from 'next/router';
>  6 | import {
     | ^^^^^^^
>  7 |     Action,
     | ^^^^^^^^^^^
>  8 |     AuxiliaryAction,
     | ^^^^^^^^^^^^^^^^^^^^
>  9 |     CheckboxRow,
     | ^^^^^^^^^^^^^^^^
> 10 |     Close,
     | ^^^^^^^^^^
> 11 |     Error,
     | ^^^^^^^^^^
> 12 |     Form,
     | ^^^^^^^^^
> 13 |     Input,
     | ^^^^^^^^^^
> 14 |     Modal,
     | ^^^^^^^^^^
> 15 |     ModalBody,
     | ^^^^^^^^^^^^^^
> 16 |     ModalHeader,
     | ^^^^^^^^^^^^^^^^
> 17 |     Page,
     | ^^^^^^^^^
> 18 |     Status,
     | ^^^^^^^^^^^
> 19 |     Tab,
     | ^^^^^^^^
> 20 |     Tabs,
     | ^^^^^^^^^
> 21 |     Title
     | ^^^^^^^^^
> 22 | } from '@/components/pages/LoginPage/LoginPage.styled';
     | ^^^^^^^^^^^^^^^^^^^^^^^^^^^^^^^^^^^^^^^^^^^^^^^^^^^^^^^
  23 |
  24 | type User = { username: string; email: string; password: string };
  25 |

The export Action was not found in module [project]/src/components/pages/LoginPage/LoginPage.styled.tsx [ssr] (ecmascript).
Did you mean to import CheckboxRow?
All exports of the module are statically known (It doesn't have dynamic exports). So it's known statically that the requested export doesn't exist. @ http://localhost:3000/_next/static/chunks/node_modules_next_dist_0bc8q4g._.js:1952
[ 4955133ms] [ERROR] ./src/pages/login.tsx:6:1
Export AuxiliaryAction doesn't exist in target module
   4 | import { serverSideTranslations } from 'next-i18next/serverSideTranslations';
   5 | import { useRouter } from 'next/router';
>  6 | import {
     | ^^^^^^^
>  7 |     Action,
     | ^^^^^^^^^^^
>  8 |     AuxiliaryAction,
     | ^^^^^^^^^^^^^^^^^^^^
>  9 |     CheckboxRow,
     | ^^^^^^^^^^^^^^^^
> 10 |     Close,
     | ^^^^^^^^^^
> 11 |     Error,
     | ^^^^^^^^^^
> 12 |     Form,
     | ^^^^^^^^^
> 13 |     Input,
     | ^^^^^^^^^^
> 14 |     Modal,
     | ^^^^^^^^^^
> 15 |     ModalBody,
     | ^^^^^^^^^^^^^^
> 16 |     ModalHeader,
     | ^^^^^^^^^^^^^^^^
> 17 |     Page,
     | ^^^^^^^^^
> 18 |     Status,
     | ^^^^^^^^^^^
> 19 |     Tab,
     | ^^^^^^^^
> 20 |     Tabs,
     | ^^^^^^^^^
> 21 |     Title
     | ^^^^^^^^^
> 22 | } from '@/components/pages/LoginPage/LoginPage.styled';
     | ^^^^^^^^^^^^^^^^^^^^^^^^^^^^^^^^^^^^^^^^^^^^^^^^^^^^^^^
  23 |
  24 | type User = { username: string; email: string; password: string };
  25 |

The export AuxiliaryAction was not found in module [project]/src/components/pages/LoginPage/LoginPage.styled.tsx [client] (ecmascript).
Did you mean to import Title?
All exports of the module are statically known (It doesn't have dynamic exports). So it's known statically that the requested export doesn't exist. @ http://localhost:3000/_next/static/chunks/node_modules_next_dist_0bc8q4g._.js:1952
[ 4955133ms] [ERROR] ./src/pages/login.tsx:6:1
Export AuxiliaryAction doesn't exist in target module
   4 | import { serverSideTranslations } from 'next-i18next/serverSideTranslations';
   5 | import { useRouter } from 'next/router';
>  6 | import {
     | ^^^^^^^
>  7 |     Action,
     | ^^^^^^^^^^^
>  8 |     AuxiliaryAction,
     | ^^^^^^^^^^^^^^^^^^^^
>  9 |     CheckboxRow,
     | ^^^^^^^^^^^^^^^^
> 10 |     Close,
     | ^^^^^^^^^^
> 11 |     Error,
     | ^^^^^^^^^^
> 12 |     Form,
     | ^^^^^^^^^
> 13 |     Input,
     | ^^^^^^^^^^
> 14 |     Modal,
     | ^^^^^^^^^^
> 15 |     ModalBody,
     | ^^^^^^^^^^^^^^
> 16 |     ModalHeader,
     | ^^^^^^^^^^^^^^^^
> 17 |     Page,
     | ^^^^^^^^^
> 18 |     Status,
     | ^^^^^^^^^^^
> 19 |     Tab,
     | ^^^^^^^^
> 20 |     Tabs,
     | ^^^^^^^^^
> 21 |     Title
     | ^^^^^^^^^
> 22 | } from '@/components/pages/LoginPage/LoginPage.styled';
     | ^^^^^^^^^^^^^^^^^^^^^^^^^^^^^^^^^^^^^^^^^^^^^^^^^^^^^^^
  23 |
  24 | type User = { username: string; email: string; password: string };
  25 |

The export AuxiliaryAction was not found in module [project]/src/components/pages/LoginPage/LoginPage.styled.tsx [ssr] (ecmascript).
Did you mean to import Title?
All exports of the module are statically known (It doesn't have dynamic exports). So it's known statically that the requested export doesn't exist. @ http://localhost:3000/_next/static/chunks/node_modules_next_dist_0bc8q4g._.js:1952
[ 4955133ms] [ERROR] ./src/pages/login.tsx:6:1
Export Error doesn't exist in target module
   4 | import { serverSideTranslations } from 'next-i18next/serverSideTranslations';
   5 | import { useRouter } from 'next/router';
>  6 | import {
     | ^^^^^^^
>  7 |     Action,
     | ^^^^^^^^^^^
>  8 |     AuxiliaryAction,
     | ^^^^^^^^^^^^^^^^^^^^
>  9 |     CheckboxRow,
     | ^^^^^^^^^^^^^^^^
> 10 |     Close,
     | ^^^^^^^^^^
> 11 |     Error,
     | ^^^^^^^^^^
> 12 |     Form,
     | ^^^^^^^^^
> 13 |     Input,
     | ^^^^^^^^^^
> 14 |     Modal,
     | ^^^^^^^^^^
> 15 |     ModalBody,
     | ^^^^^^^^^^^^^^
> 16 |     ModalHeader,
     | ^^^^^^^^^^^^^^^^
> 17 |     Page,
     | ^^^^^^^^^
> 18 |     Status,
     | ^^^^^^^^^^^
> 19 |     Tab,
     | ^^^^^^^^
> 20 |     Tabs,
     | ^^^^^^^^^
> 21 |     Title
     | ^^^^^^^^^
> 22 | } from '@/components/pages/LoginPage/LoginPage.styled';
     | ^^^^^^^^^^^^^^^^^^^^^^^^^^^^^^^^^^^^^^^^^^^^^^^^^^^^^^^
  23 |
  24 | type User = { username: string; email: string; password: string };
  25 |

The export Error was not found in module [project]/src/components/pages/LoginPage/LoginPage.styled.tsx [client] (ecmascript).
Did you mean to import Form?
All exports of the module are statically known (It doesn't have dynamic exports). So it's known statically that the requested export doesn't exist. @ http://localhost:3000/_next/static/chunks/node_modules_next_dist_0bc8q4g._.js:1952
[ 4955133ms] [ERROR] ./src/pages/login.tsx:6:1
Export Error doesn't exist in target module
   4 | import { serverSideTranslations } from 'next-i18next/serverSideTranslations';
   5 | import { useRouter } from 'next/router';
>  6 | import {
     | ^^^^^^^
>  7 |     Action,
     | ^^^^^^^^^^^
>  8 |     AuxiliaryAction,
     | ^^^^^^^^^^^^^^^^^^^^
>  9 |     CheckboxRow,
     | ^^^^^^^^^^^^^^^^
> 10 |     Close,
     | ^^^^^^^^^^
> 11 |     Error,
     | ^^^^^^^^^^
> 12 |     Form,
     | ^^^^^^^^^
> 13 |     Input,
     | ^^^^^^^^^^
> 14 |     Modal,
     | ^^^^^^^^^^
> 15 |     ModalBody,
     | ^^^^^^^^^^^^^^
> 16 |     ModalHeader,
     | ^^^^^^^^^^^^^^^^
> 17 |     Page,
     | ^^^^^^^^^
> 18 |     Status,
     | ^^^^^^^^^^^
> 19 |     Tab,
     | ^^^^^^^^
> 20 |     Tabs,
     | ^^^^^^^^^
> 21 |     Title
     | ^^^^^^^^^
> 22 | } from '@/components/pages/LoginPage/LoginPage.styled';
     | ^^^^^^^^^^^^^^^^^^^^^^^^^^^^^^^^^^^^^^^^^^^^^^^^^^^^^^^
  23 |
  24 | type User = { username: string; email: string; password: string };
  25 |

The export Error was not found in module [project]/src/components/pages/LoginPage/LoginPage.styled.tsx [ssr] (ecmascript).
Did you mean to import Form?
All exports of the module are statically known (It doesn't have dynamic exports). So it's known statically that the requested export doesn't exist. @ http://localhost:3000/_next/static/chunks/node_modules_next_dist_0bc8q4g._.js:1952
[ 4955133ms] [ERROR] ./src/pages/login.tsx:6:1
Export Status doesn't exist in target module
   4 | import { serverSideTranslations } from 'next-i18next/serverSideTranslations';
   5 | import { useRouter } from 'next/router';
>  6 | import {
     | ^^^^^^^
>  7 |     Action,
     | ^^^^^^^^^^^
>  8 |     AuxiliaryAction,
     | ^^^^^^^^^^^^^^^^^^^^
>  9 |     CheckboxRow,
     | ^^^^^^^^^^^^^^^^
> 10 |     Close,
     | ^^^^^^^^^^
> 11 |     Error,
     | ^^^^^^^^^^
> 12 |     Form,
     | ^^^^^^^^^
> 13 |     Input,
     | ^^^^^^^^^^
> 14 |     Modal,
     | ^^^^^^^^^^
> 15 |     ModalBody,
     | ^^^^^^^^^^^^^^
> 16 |     ModalHeader,
     | ^^^^^^^^^^^^^^^^
> 17 |     Page,
     | ^^^^^^^^^
> 18 |     Status,
     | ^^^^^^^^^^^
> 19 |     Tab,
     | ^^^^^^^^
> 20 |     Tabs,
     | ^^^^^^^^^
> 21 |     Title
     | ^^^^^^^^^
> 22 | } from '@/components/pages/LoginPage/LoginPage.styled';
     | ^^^^^^^^^^^^^^^^^^^^^^^^^^^^^^^^^^^^^^^^^^^^^^^^^^^^^^^
  23 |
  24 | type User = { username: string; email: string; password: string };
  25 |

The export Status was not found in module [project]/src/components/pages/LoginPage/LoginPage.styled.tsx [client] (ecmascript).
Did you mean to import Tabs?
All exports of the module are statically known (It doesn't have dynamic exports). So it's known statically that the requested export doesn't exist. @ http://localhost:3000/_next/static/chunks/node_modules_next_dist_0bc8q4g._.js:1952
[ 4955133ms] [ERROR] ./src/pages/login.tsx:6:1
Export Status doesn't exist in target module
   4 | import { serverSideTranslations } from 'next-i18next/serverSideTranslations';
   5 | import { useRouter } from 'next/router';
>  6 | import {
     | ^^^^^^^
>  7 |     Action,
     | ^^^^^^^^^^^
>  8 |     AuxiliaryAction,
     | ^^^^^^^^^^^^^^^^^^^^
>  9 |     CheckboxRow,
     | ^^^^^^^^^^^^^^^^
> 10 |     Close,
     | ^^^^^^^^^^
> 11 |     Error,
     | ^^^^^^^^^^
> 12 |     Form,
     | ^^^^^^^^^
> 13 |     Input,
     | ^^^^^^^^^^
> 14 |     Modal,
     | ^^^^^^^^^^
> 15 |     ModalBody,
     | ^^^^^^^^^^^^^^
> 16 |     ModalHeader,
     | ^^^^^^^^^^^^^^^^
> 17 |     Page,
     | ^^^^^^^^^
> 18 |     Status,
     | ^^^^^^^^^^^
> 19 |     Tab,
     | ^^^^^^^^
> 20 |     Tabs,
     | ^^^^^^^^^
> 21 |     Title
     | ^^^^^^^^^
> 22 | } from '@/components/pages/LoginPage/LoginPage.styled';
     | ^^^^^^^^^^^^^^^^^^^^^^^^^^^^^^^^^^^^^^^^^^^^^^^^^^^^^^^
  23 |
  24 | type User = { username: string; email: string; password: string };
  25 |

The export Status was not found in module [project]/src/components/pages/LoginPage/LoginPage.styled.tsx [ssr] (ecmascript).
Did you mean to import Tabs?
All exports of the module are statically known (It doesn't have dynamic exports). So it's known statically that the requested export doesn't exist. @ http://localhost:3000/_next/static/chunks/node_modules_next_dist_0bc8q4g._.js:1952
[ 4955243ms] [LOG] [Fast Refresh] rebuilding @ http://localhost:3000/_next/static/chunks/node_modules_next_dist_0bc8q4g._.js:1233
[ 4955261ms] [ERROR] ./src/pages/login.tsx:6:1
Export Action doesn't exist in target module
   4 | import { serverSideTranslations } from 'next-i18next/serverSideTranslations';
   5 | import { useRouter } from 'next/router';
>  6 | import {
     | ^^^^^^^
>  7 |     Action,
     | ^^^^^^^^^^^
>  8 |     AuxiliaryAction,
     | ^^^^^^^^^^^^^^^^^^^^
>  9 |     CheckboxRow,
     | ^^^^^^^^^^^^^^^^
> 10 |     Close,
     | ^^^^^^^^^^
> 11 |     Error,
     | ^^^^^^^^^^
> 12 |     Form,
     | ^^^^^^^^^
> 13 |     Input,
     | ^^^^^^^^^^
> 14 |     Modal,
     | ^^^^^^^^^^
> 15 |     ModalBody,
     | ^^^^^^^^^^^^^^
> 16 |     ModalHeader,
     | ^^^^^^^^^^^^^^^^
> 17 |     Page,
     | ^^^^^^^^^
> 18 |     Status,
     | ^^^^^^^^^^^
> 19 |     Tab,
     | ^^^^^^^^
> 20 |     Tabs,
     | ^^^^^^^^^
> 21 |     Title
     | ^^^^^^^^^
> 22 | } from '@/components/pages/LoginPage/LoginPage.styled';
     | ^^^^^^^^^^^^^^^^^^^^^^^^^^^^^^^^^^^^^^^^^^^^^^^^^^^^^^^
  23 |
  24 | type User = { username: string; email: string; password: string };
  25 |

The export Action was not found in module [project]/src/components/pages/LoginPage/LoginPage.styled.tsx [client] (ecmascript).
Did you mean to import CheckboxRow?
All exports of the module are statically known (It doesn't have dynamic exports). So it's known statically that the requested export doesn't exist. @ http://localhost:3000/_next/static/chunks/node_modules_next_dist_0bc8q4g._.js:1952
[ 4955261ms] [ERROR] ./src/pages/login.tsx:6:1
Export Action doesn't exist in target module
   4 | import { serverSideTranslations } from 'next-i18next/serverSideTranslations';
   5 | import { useRouter } from 'next/router';
>  6 | import {
     | ^^^^^^^
>  7 |     Action,
     | ^^^^^^^^^^^
>  8 |     AuxiliaryAction,
     | ^^^^^^^^^^^^^^^^^^^^
>  9 |     CheckboxRow,
     | ^^^^^^^^^^^^^^^^
> 10 |     Close,
     | ^^^^^^^^^^
> 11 |     Error,
     | ^^^^^^^^^^
> 12 |     Form,
     | ^^^^^^^^^
> 13 |     Input,
     | ^^^^^^^^^^
> 14 |     Modal,
     | ^^^^^^^^^^
> 15 |     ModalBody,
     | ^^^^^^^^^^^^^^
> 16 |     ModalHeader,
     | ^^^^^^^^^^^^^^^^
> 17 |     Page,
     | ^^^^^^^^^
> 18 |     Status,
     | ^^^^^^^^^^^
> 19 |     Tab,
     | ^^^^^^^^
> 20 |     Tabs,
     | ^^^^^^^^^
> 21 |     Title
     | ^^^^^^^^^
> 22 | } from '@/components/pages/LoginPage/LoginPage.styled';
     | ^^^^^^^^^^^^^^^^^^^^^^^^^^^^^^^^^^^^^^^^^^^^^^^^^^^^^^^
  23 |
  24 | type User = { username: string; email: string; password: string };
  25 |

The export Action was not found in module [project]/src/components/pages/LoginPage/LoginPage.styled.tsx [ssr] (ecmascript).
Did you mean to import CheckboxRow?
All exports of the module are statically known (It doesn't have dynamic exports). So it's known statically that the requested export doesn't exist. @ http://localhost:3000/_next/static/chunks/node_modules_next_dist_0bc8q4g._.js:1952
[ 4955262ms] [ERROR] ./src/pages/login.tsx:6:1
Export AuxiliaryAction doesn't exist in target module
   4 | import { serverSideTranslations } from 'next-i18next/serverSideTranslations';
   5 | import { useRouter } from 'next/router';
>  6 | import {
     | ^^^^^^^
>  7 |     Action,
     | ^^^^^^^^^^^
>  8 |     AuxiliaryAction,
     | ^^^^^^^^^^^^^^^^^^^^
>  9 |     CheckboxRow,
     | ^^^^^^^^^^^^^^^^
> 10 |     Close,
     | ^^^^^^^^^^
> 11 |     Error,
     | ^^^^^^^^^^
> 12 |     Form,
     | ^^^^^^^^^
> 13 |     Input,
     | ^^^^^^^^^^
> 14 |     Modal,
     | ^^^^^^^^^^
> 15 |     ModalBody,
     | ^^^^^^^^^^^^^^
> 16 |     ModalHeader,
     | ^^^^^^^^^^^^^^^^
> 17 |     Page,
     | ^^^^^^^^^
> 18 |     Status,
     | ^^^^^^^^^^^
> 19 |     Tab,
     | ^^^^^^^^
> 20 |     Tabs,
     | ^^^^^^^^^
> 21 |     Title
     | ^^^^^^^^^
> 22 | } from '@/components/pages/LoginPage/LoginPage.styled';
     | ^^^^^^^^^^^^^^^^^^^^^^^^^^^^^^^^^^^^^^^^^^^^^^^^^^^^^^^
  23 |
  24 | type User = { username: string; email: string; password: string };
  25 |

The export AuxiliaryAction was not found in module [project]/src/components/pages/LoginPage/LoginPage.styled.tsx [client] (ecmascript).
Did you mean to import Title?
All exports of the module are statically known (It doesn't have dynamic exports). So it's known statically that the requested export doesn't exist. @ http://localhost:3000/_next/static/chunks/node_modules_next_dist_0bc8q4g._.js:1952
[ 4955262ms] [ERROR] ./src/pages/login.tsx:6:1
Export AuxiliaryAction doesn't exist in target module
   4 | import { serverSideTranslations } from 'next-i18next/serverSideTranslations';
   5 | import { useRouter } from 'next/router';
>  6 | import {
     | ^^^^^^^
>  7 |     Action,
     | ^^^^^^^^^^^
>  8 |     AuxiliaryAction,
     | ^^^^^^^^^^^^^^^^^^^^
>  9 |     CheckboxRow,
     | ^^^^^^^^^^^^^^^^
> 10 |     Close,
     | ^^^^^^^^^^
> 11 |     Error,
     | ^^^^^^^^^^
> 12 |     Form,
     | ^^^^^^^^^
> 13 |     Input,
     | ^^^^^^^^^^
> 14 |     Modal,
     | ^^^^^^^^^^
> 15 |     ModalBody,
     | ^^^^^^^^^^^^^^
> 16 |     ModalHeader,
     | ^^^^^^^^^^^^^^^^
> 17 |     Page,
     | ^^^^^^^^^
> 18 |     Status,
     | ^^^^^^^^^^^
> 19 |     Tab,
     | ^^^^^^^^
> 20 |     Tabs,
     | ^^^^^^^^^
> 21 |     Title
     | ^^^^^^^^^
> 22 | } from '@/components/pages/LoginPage/LoginPage.styled';
     | ^^^^^^^^^^^^^^^^^^^^^^^^^^^^^^^^^^^^^^^^^^^^^^^^^^^^^^^
  23 |
  24 | type User = { username: string; email: string; password: string };
  25 |

The export AuxiliaryAction was not found in module [project]/src/components/pages/LoginPage/LoginPage.styled.tsx [ssr] (ecmascript).
Did you mean to import Title?
All exports of the module are statically known (It doesn't have dynamic exports). So it's known statically that the requested export doesn't exist. @ http://localhost:3000/_next/static/chunks/node_modules_next_dist_0bc8q4g._.js:1952
[ 4955262ms] [ERROR] ./src/pages/login.tsx:6:1
Export Error doesn't exist in target module
   4 | import { serverSideTranslations } from 'next-i18next/serverSideTranslations';
   5 | import { useRouter } from 'next/router';
>  6 | import {
     | ^^^^^^^
>  7 |     Action,
     | ^^^^^^^^^^^
>  8 |     AuxiliaryAction,
     | ^^^^^^^^^^^^^^^^^^^^
>  9 |     CheckboxRow,
     | ^^^^^^^^^^^^^^^^
> 10 |     Close,
     | ^^^^^^^^^^
> 11 |     Error,
     | ^^^^^^^^^^
> 12 |     Form,
     | ^^^^^^^^^
> 13 |     Input,
     | ^^^^^^^^^^
> 14 |     Modal,
     | ^^^^^^^^^^
> 15 |     ModalBody,
     | ^^^^^^^^^^^^^^
> 16 |     ModalHeader,
     | ^^^^^^^^^^^^^^^^
> 17 |     Page,
     | ^^^^^^^^^
> 18 |     Status,
     | ^^^^^^^^^^^
> 19 |     Tab,
     | ^^^^^^^^
> 20 |     Tabs,
     | ^^^^^^^^^
> 21 |     Title
     | ^^^^^^^^^
> 22 | } from '@/components/pages/LoginPage/LoginPage.styled';
     | ^^^^^^^^^^^^^^^^^^^^^^^^^^^^^^^^^^^^^^^^^^^^^^^^^^^^^^^
  23 |
  24 | type User = { username: string; email: string; password: string };
  25 |

The export Error was not found in module [project]/src/components/pages/LoginPage/LoginPage.styled.tsx [client] (ecmascript).
Did you mean to import Form?
All exports of the module are statically known (It doesn't have dynamic exports). So it's known statically that the requested export doesn't exist. @ http://localhost:3000/_next/static/chunks/node_modules_next_dist_0bc8q4g._.js:1952
[ 4955262ms] [ERROR] ./src/pages/login.tsx:6:1
Export Error doesn't exist in target module
   4 | import { serverSideTranslations } from 'next-i18next/serverSideTranslations';
   5 | import { useRouter } from 'next/router';
>  6 | import {
     | ^^^^^^^
>  7 |     Action,
     | ^^^^^^^^^^^
>  8 |     AuxiliaryAction,
     | ^^^^^^^^^^^^^^^^^^^^
>  9 |     CheckboxRow,
     | ^^^^^^^^^^^^^^^^
> 10 |     Close,
     | ^^^^^^^^^^
> 11 |     Error,
     | ^^^^^^^^^^
> 12 |     Form,
     | ^^^^^^^^^
> 13 |     Input,
     | ^^^^^^^^^^
> 14 |     Modal,
     | ^^^^^^^^^^
> 15 |     ModalBody,
     | ^^^^^^^^^^^^^^
> 16 |     ModalHeader,
     | ^^^^^^^^^^^^^^^^
> 17 |     Page,
     | ^^^^^^^^^
> 18 |     Status,
     | ^^^^^^^^^^^
> 19 |     Tab,
     | ^^^^^^^^
> 20 |     Tabs,
     | ^^^^^^^^^
> 21 |     Title
     | ^^^^^^^^^
> 22 | } from '@/components/pages/LoginPage/LoginPage.styled';
     | ^^^^^^^^^^^^^^^^^^^^^^^^^^^^^^^^^^^^^^^^^^^^^^^^^^^^^^^
  23 |
  24 | type User = { username: string; email: string; password: string };
  25 |

The export Error was not found in module [project]/src/components/pages/LoginPage/LoginPage.styled.tsx [ssr] (ecmascript).
Did you mean to import Form?
All exports of the module are statically known (It doesn't have dynamic exports). So it's known statically that the requested export doesn't exist. @ http://localhost:3000/_next/static/chunks/node_modules_next_dist_0bc8q4g._.js:1952
[ 4955262ms] [ERROR] ./src/pages/login.tsx:6:1
Export Status doesn't exist in target module
   4 | import { serverSideTranslations } from 'next-i18next/serverSideTranslations';
   5 | import { useRouter } from 'next/router';
>  6 | import {
     | ^^^^^^^
>  7 |     Action,
     | ^^^^^^^^^^^
>  8 |     AuxiliaryAction,
     | ^^^^^^^^^^^^^^^^^^^^
>  9 |     CheckboxRow,
     | ^^^^^^^^^^^^^^^^
> 10 |     Close,
     | ^^^^^^^^^^
> 11 |     Error,
     | ^^^^^^^^^^
> 12 |     Form,
     | ^^^^^^^^^
> 13 |     Input,
     | ^^^^^^^^^^
> 14 |     Modal,
     | ^^^^^^^^^^
> 15 |     ModalBody,
     | ^^^^^^^^^^^^^^
> 16 |     ModalHeader,
     | ^^^^^^^^^^^^^^^^
> 17 |     Page,
     | ^^^^^^^^^
> 18 |     Status,
     | ^^^^^^^^^^^
> 19 |     Tab,
     | ^^^^^^^^
> 20 |     Tabs,
     | ^^^^^^^^^
> 21 |     Title
     | ^^^^^^^^^
> 22 | } from '@/components/pages/LoginPage/LoginPage.styled';
     | ^^^^^^^^^^^^^^^^^^^^^^^^^^^^^^^^^^^^^^^^^^^^^^^^^^^^^^^
  23 |
  24 | type User = { username: string; email: string; password: string };
  25 |

The export Status was not found in module [project]/src/components/pages/LoginPage/LoginPage.styled.tsx [client] (ecmascript).
Did you mean to import Tabs?
All exports of the module are statically known (It doesn't have dynamic exports). So it's known statically that the requested export doesn't exist. @ http://localhost:3000/_next/static/chunks/node_modules_next_dist_0bc8q4g._.js:1952
[ 4955262ms] [ERROR] ./src/pages/login.tsx:6:1
Export Status doesn't exist in target module
   4 | import { serverSideTranslations } from 'next-i18next/serverSideTranslations';
   5 | import { useRouter } from 'next/router';
>  6 | import {
     | ^^^^^^^
>  7 |     Action,
     | ^^^^^^^^^^^
>  8 |     AuxiliaryAction,
     | ^^^^^^^^^^^^^^^^^^^^
>  9 |     CheckboxRow,
     | ^^^^^^^^^^^^^^^^
> 10 |     Close,
     | ^^^^^^^^^^
> 11 |     Error,
     | ^^^^^^^^^^
> 12 |     Form,
     | ^^^^^^^^^
> 13 |     Input,
     | ^^^^^^^^^^
> 14 |     Modal,
     | ^^^^^^^^^^
> 15 |     ModalBody,
     | ^^^^^^^^^^^^^^
> 16 |     ModalHeader,
     | ^^^^^^^^^^^^^^^^
> 17 |     Page,
     | ^^^^^^^^^
> 18 |     Status,
     | ^^^^^^^^^^^
> 19 |     Tab,
     | ^^^^^^^^
> 20 |     Tabs,
     | ^^^^^^^^^
> 21 |     Title
     | ^^^^^^^^^
> 22 | } from '@/components/pages/LoginPage/LoginPage.styled';
     | ^^^^^^^^^^^^^^^^^^^^^^^^^^^^^^^^^^^^^^^^^^^^^^^^^^^^^^^
  23 |
  24 | type User = { username: string; email: string; password: string };
  25 |

The export Status was not found in module [project]/src/components/pages/LoginPage/LoginPage.styled.tsx [ssr] (ecmascript).
Did you mean to import Tabs?
All exports of the module are statically known (It doesn't have dynamic exports). So it's known statically that the requested export doesn't exist. @ http://localhost:3000/_next/static/chunks/node_modules_next_dist_0bc8q4g._.js:1952
[ 4955284ms] [ERROR] Failed to load resource: the server responded with a status of 500 (Internal Server Error) @ http://localhost:3000/tree:0
[ 4955559ms] [INFO] %cDownload the React DevTools for a better development experience: https://reactjs.org/link/react-devtools font-weight:bold @ http://localhost:3000/_next/static/chunks/node_modules_react-dom_cjs_react-dom_development_07i0ttg.js:25055
[ 4955688ms] Error: ./src/pages/login.tsx:6:1
Export Action doesn't exist in target module
   4 | import { serverSideTranslations } from 'next-i18next/serverSideTranslations';
   5 | import { useRouter } from 'next/router';
>  6 | import {
     | ^^^^^^^
>  7 |     Action,
     | ^^^^^^^^^^^
>  8 |     AuxiliaryAction,
     | ^^^^^^^^^^^^^^^^^^^^
>  9 |     CheckboxRow,
     | ^^^^^^^^^^^^^^^^
> 10 |     Close,
     | ^^^^^^^^^^
> 11 |     Error,
     | ^^^^^^^^^^
> 12 |     Form,
     | ^^^^^^^^^
> 13 |     Input,
     | ^^^^^^^^^^
> 14 |     Modal,
     | ^^^^^^^^^^
> 15 |     ModalBody,
     | ^^^^^^^^^^^^^^
> 16 |     ModalHeader,
     | ^^^^^^^^^^^^^^^^
> 17 |     Page,
     | ^^^^^^^^^
> 18 |     Status,
     | ^^^^^^^^^^^
> 19 |     Tab,
     | ^^^^^^^^
> 20 |     Tabs,
     | ^^^^^^^^^
> 21 |     Title
     | ^^^^^^^^^
> 22 | } from '@/components/pages/LoginPage/LoginPage.styled';
     | ^^^^^^^^^^^^^^^^^^^^^^^^^^^^^^^^^^^^^^^^^^^^^^^^^^^^^^^
  23 |
  24 | type User = { username: string; email: string; password: string };
  25 |

The export Action was not found in module [project]/src/components/pages/LoginPage/LoginPage.styled.tsx [client] (ecmascript).
Did you mean to import CheckboxRow?
All exports of the module are statically known (It doesn't have dynamic exports). So it's known statically that the requested export doesn't exist.


    at <unknown> (Error: ./src/pages/login.tsx:6:1)
    at Object.getCompilationErrors (file://C:\Users\stani\projects\stammbaum\node_modules\next\dist\server\dev\hot-reloader-turbopack.js:1186:59)
    at DevBundlerService.getCompilationError (file://C:\Users\stani\projects\stammbaum\node_modules\next\dist\server\lib\dev-bundler-service.js:44:55)
    at DevServer.getCompilationError (file://C:\Users\stani\projects\stammbaum\node_modules\next\dist\server\dev\next-dev-server.js:720:42)
    at DevServer.findPageComponents (file://C:\Users\stani\projects\stammbaum\node_modules\next\dist\server\dev\next-dev-server.js:690:43)
    at async DevServer.renderErrorToResponseImpl (file://C:\Users\stani\projects\stammbaum\node_modules\next\dist\server\base-server.js:1753:26)
[ 4955675ms] [LOG] [HMR] connected @ http://localhost:3000/_next/static/chunks/node_modules_next_dist_0bc8q4g._.js:1233
[ 4955725ms] [ERROR] ./src/pages/login.tsx:6:1
Export Action doesn't exist in target module
   4 | import { serverSideTranslations } from 'next-i18next/serverSideTranslations';
   5 | import { useRouter } from 'next/router';
>  6 | import {
     | ^^^^^^^
>  7 |     Action,
     | ^^^^^^^^^^^
>  8 |     AuxiliaryAction,
     | ^^^^^^^^^^^^^^^^^^^^
>  9 |     CheckboxRow,
     | ^^^^^^^^^^^^^^^^
> 10 |     Close,
     | ^^^^^^^^^^
> 11 |     Error,
     | ^^^^^^^^^^
> 12 |     Form,
     | ^^^^^^^^^
> 13 |     Input,
     | ^^^^^^^^^^
> 14 |     Modal,
     | ^^^^^^^^^^
> 15 |     ModalBody,
     | ^^^^^^^^^^^^^^
> 16 |     ModalHeader,
     | ^^^^^^^^^^^^^^^^
> 17 |     Page,
     | ^^^^^^^^^
> 18 |     Status,
     | ^^^^^^^^^^^
> 19 |     Tab,
     | ^^^^^^^^
> 20 |     Tabs,
     | ^^^^^^^^^
> 21 |     Title
     | ^^^^^^^^^
> 22 | } from '@/components/pages/LoginPage/LoginPage.styled';
     | ^^^^^^^^^^^^^^^^^^^^^^^^^^^^^^^^^^^^^^^^^^^^^^^^^^^^^^^
  23 |
  24 | type User = { username: string; email: string; password: string };
  25 |

The export Action was not found in module [project]/src/components/pages/LoginPage/LoginPage.styled.tsx [client] (ecmascript).
Did you mean to import CheckboxRow?
All exports of the module are statically known (It doesn't have dynamic exports). So it's known statically that the requested export doesn't exist. @ http://localhost:3000/_next/static/chunks/node_modules_next_dist_0bc8q4g._.js:1952
[ 4955726ms] [ERROR] ./src/pages/login.tsx:6:1
Export Action doesn't exist in target module
   4 | import { serverSideTranslations } from 'next-i18next/serverSideTranslations';
   5 | import { useRouter } from 'next/router';
>  6 | import {
     | ^^^^^^^
>  7 |     Action,
     | ^^^^^^^^^^^
>  8 |     AuxiliaryAction,
     | ^^^^^^^^^^^^^^^^^^^^
>  9 |     CheckboxRow,
     | ^^^^^^^^^^^^^^^^
> 10 |     Close,
     | ^^^^^^^^^^
> 11 |     Error,
     | ^^^^^^^^^^
> 12 |     Form,
     | ^^^^^^^^^
> 13 |     Input,
     | ^^^^^^^^^^
> 14 |     Modal,
     | ^^^^^^^^^^
> 15 |     ModalBody,
     | ^^^^^^^^^^^^^^
> 16 |     ModalHeader,
     | ^^^^^^^^^^^^^^^^
> 17 |     Page,
     | ^^^^^^^^^
> 18 |     Status,
     | ^^^^^^^^^^^
> 19 |     Tab,
     | ^^^^^^^^
> 20 |     Tabs,
     | ^^^^^^^^^
> 21 |     Title
     | ^^^^^^^^^
> 22 | } from '@/components/pages/LoginPage/LoginPage.styled';
     | ^^^^^^^^^^^^^^^^^^^^^^^^^^^^^^^^^^^^^^^^^^^^^^^^^^^^^^^
  23 |
  24 | type User = { username: string; email: string; password: string };
  25 |

The export Action was not found in module [project]/src/components/pages/LoginPage/LoginPage.styled.tsx [ssr] (ecmascript).
Did you mean to import CheckboxRow?
All exports of the module are statically known (It doesn't have dynamic exports). So it's known statically that the requested export doesn't exist. @ http://localhost:3000/_next/static/chunks/node_modules_next_dist_0bc8q4g._.js:1952
[ 4955731ms] [ERROR] ./src/pages/login.tsx:6:1
Export AuxiliaryAction doesn't exist in target module
   4 | import { serverSideTranslations } from 'next-i18next/serverSideTranslations';
   5 | import { useRouter } from 'next/router';
>  6 | import {
     | ^^^^^^^
>  7 |     Action,
     | ^^^^^^^^^^^
>  8 |     AuxiliaryAction,
     | ^^^^^^^^^^^^^^^^^^^^
>  9 |     CheckboxRow,
     | ^^^^^^^^^^^^^^^^
> 10 |     Close,
     | ^^^^^^^^^^
> 11 |     Error,
     | ^^^^^^^^^^
> 12 |     Form,
     | ^^^^^^^^^
> 13 |     Input,
     | ^^^^^^^^^^
> 14 |     Modal,
     | ^^^^^^^^^^
> 15 |     ModalBody,
     | ^^^^^^^^^^^^^^
> 16 |     ModalHeader,
     | ^^^^^^^^^^^^^^^^
> 17 |     Page,
     | ^^^^^^^^^
> 18 |     Status,
     | ^^^^^^^^^^^
> 19 |     Tab,
     | ^^^^^^^^
> 20 |     Tabs,
     | ^^^^^^^^^
> 21 |     Title
     | ^^^^^^^^^
> 22 | } from '@/components/pages/LoginPage/LoginPage.styled';
     | ^^^^^^^^^^^^^^^^^^^^^^^^^^^^^^^^^^^^^^^^^^^^^^^^^^^^^^^
  23 |
  24 | type User = { username: string; email: string; password: string };
  25 |

The export AuxiliaryAction was not found in module [project]/src/components/pages/LoginPage/LoginPage.styled.tsx [client] (ecmascript).
Did you mean to import Title?
All exports of the module are statically known (It doesn't have dynamic exports). So it's known statically that the requested export doesn't exist. @ http://localhost:3000/_next/static/chunks/node_modules_next_dist_0bc8q4g._.js:1952
[ 4955732ms] [ERROR] ./src/pages/login.tsx:6:1
Export AuxiliaryAction doesn't exist in target module
   4 | import { serverSideTranslations } from 'next-i18next/serverSideTranslations';
   5 | import { useRouter } from 'next/router';
>  6 | import {
     | ^^^^^^^
>  7 |     Action,
     | ^^^^^^^^^^^
>  8 |     AuxiliaryAction,
     | ^^^^^^^^^^^^^^^^^^^^
>  9 |     CheckboxRow,
     | ^^^^^^^^^^^^^^^^
> 10 |     Close,
     | ^^^^^^^^^^
> 11 |     Error,
     | ^^^^^^^^^^
> 12 |     Form,
     | ^^^^^^^^^
> 13 |     Input,
     | ^^^^^^^^^^
> 14 |     Modal,
     | ^^^^^^^^^^
> 15 |     ModalBody,
     | ^^^^^^^^^^^^^^
> 16 |     ModalHeader,
     | ^^^^^^^^^^^^^^^^
> 17 |     Page,
     | ^^^^^^^^^
> 18 |     Status,
     | ^^^^^^^^^^^
> 19 |     Tab,
     | ^^^^^^^^
> 20 |     Tabs,
     | ^^^^^^^^^
> 21 |     Title
     | ^^^^^^^^^
> 22 | } from '@/components/pages/LoginPage/LoginPage.styled';
     | ^^^^^^^^^^^^^^^^^^^^^^^^^^^^^^^^^^^^^^^^^^^^^^^^^^^^^^^
  23 |
  24 | type User = { username: string; email: string; password: string };
  25 |

The export AuxiliaryAction was not found in module [project]/src/components/pages/LoginPage/LoginPage.styled.tsx [ssr] (ecmascript).
Did you mean to import Title?
All exports of the module are statically known (It doesn't have dynamic exports). So it's known statically that the requested export doesn't exist. @ http://localhost:3000/_next/static/chunks/node_modules_next_dist_0bc8q4g._.js:1952
[ 4955732ms] [ERROR] ./src/pages/login.tsx:6:1
Export Error doesn't exist in target module
   4 | import { serverSideTranslations } from 'next-i18next/serverSideTranslations';
   5 | import { useRouter } from 'next/router';
>  6 | import {
     | ^^^^^^^
>  7 |     Action,
     | ^^^^^^^^^^^
>  8 |     AuxiliaryAction,
     | ^^^^^^^^^^^^^^^^^^^^
>  9 |     CheckboxRow,
     | ^^^^^^^^^^^^^^^^
> 10 |     Close,
     | ^^^^^^^^^^
> 11 |     Error,
     | ^^^^^^^^^^
> 12 |     Form,
     | ^^^^^^^^^
> 13 |     Input,
     | ^^^^^^^^^^
> 14 |     Modal,
     | ^^^^^^^^^^
> 15 |     ModalBody,
     | ^^^^^^^^^^^^^^
> 16 |     ModalHeader,
     | ^^^^^^^^^^^^^^^^
> 17 |     Page,
     | ^^^^^^^^^
> 18 |     Status,
     | ^^^^^^^^^^^
> 19 |     Tab,
     | ^^^^^^^^
> 20 |     Tabs,
     | ^^^^^^^^^
> 21 |     Title
     | ^^^^^^^^^
> 22 | } from '@/components/pages/LoginPage/LoginPage.styled';
     | ^^^^^^^^^^^^^^^^^^^^^^^^^^^^^^^^^^^^^^^^^^^^^^^^^^^^^^^
  23 |
  24 | type User = { username: string; email: string; password: string };
  25 |

The export Error was not found in module [project]/src/components/pages/LoginPage/LoginPage.styled.tsx [client] (ecmascript).
Did you mean to import Form?
All exports of the module are statically known (It doesn't have dynamic exports). So it's known statically that the requested export doesn't exist. @ http://localhost:3000/_next/static/chunks/node_modules_next_dist_0bc8q4g._.js:1952
[ 4955736ms] [ERROR] ./src/pages/login.tsx:6:1
Export Error doesn't exist in target module
   4 | import { serverSideTranslations } from 'next-i18next/serverSideTranslations';
   5 | import { useRouter } from 'next/router';
>  6 | import {
     | ^^^^^^^
>  7 |     Action,
     | ^^^^^^^^^^^
>  8 |     AuxiliaryAction,
     | ^^^^^^^^^^^^^^^^^^^^
>  9 |     CheckboxRow,
     | ^^^^^^^^^^^^^^^^
> 10 |     Close,
     | ^^^^^^^^^^
> 11 |     Error,
     | ^^^^^^^^^^
> 12 |     Form,
     | ^^^^^^^^^
> 13 |     Input,
     | ^^^^^^^^^^
> 14 |     Modal,
     | ^^^^^^^^^^
> 15 |     ModalBody,
     | ^^^^^^^^^^^^^^
> 16 |     ModalHeader,
     | ^^^^^^^^^^^^^^^^
> 17 |     Page,
     | ^^^^^^^^^
> 18 |     Status,
     | ^^^^^^^^^^^
> 19 |     Tab,
     | ^^^^^^^^
> 20 |     Tabs,
     | ^^^^^^^^^
> 21 |     Title
     | ^^^^^^^^^
> 22 | } from '@/components/pages/LoginPage/LoginPage.styled';
     | ^^^^^^^^^^^^^^^^^^^^^^^^^^^^^^^^^^^^^^^^^^^^^^^^^^^^^^^
  23 |
  24 | type User = { username: string; email: string; password: string };
  25 |

The export Error was not found in module [project]/src/components/pages/LoginPage/LoginPage.styled.tsx [ssr] (ecmascript).
Did you mean to import Form?
All exports of the module are statically known (It doesn't have dynamic exports). So it's known statically that the requested export doesn't exist. @ http://localhost:3000/_next/static/chunks/node_modules_next_dist_0bc8q4g._.js:1952
[ 4955736ms] [ERROR] ./src/pages/login.tsx:6:1
Export Status doesn't exist in target module
   4 | import { serverSideTranslations } from 'next-i18next/serverSideTranslations';
   5 | import { useRouter } from 'next/router';
>  6 | import {
     | ^^^^^^^
>  7 |     Action,
     | ^^^^^^^^^^^
>  8 |     AuxiliaryAction,
     | ^^^^^^^^^^^^^^^^^^^^
>  9 |     CheckboxRow,
     | ^^^^^^^^^^^^^^^^
> 10 |     Close,
     | ^^^^^^^^^^
> 11 |     Error,
     | ^^^^^^^^^^
> 12 |     Form,
     | ^^^^^^^^^
> 13 |     Input,
     | ^^^^^^^^^^
> 14 |     Modal,
     | ^^^^^^^^^^
> 15 |     ModalBody,
     | ^^^^^^^^^^^^^^
> 16 |     ModalHeader,
     | ^^^^^^^^^^^^^^^^
> 17 |     Page,
     | ^^^^^^^^^
> 18 |     Status,
     | ^^^^^^^^^^^
> 19 |     Tab,
     | ^^^^^^^^
> 20 |     Tabs,
     | ^^^^^^^^^
> 21 |     Title
     | ^^^^^^^^^
> 22 | } from '@/components/pages/LoginPage/LoginPage.styled';
     | ^^^^^^^^^^^^^^^^^^^^^^^^^^^^^^^^^^^^^^^^^^^^^^^^^^^^^^^
  23 |
  24 | type User = { username: string; email: string; password: string };
  25 |

The export Status was not found in module [project]/src/components/pages/LoginPage/LoginPage.styled.tsx [client] (ecmascript).
Did you mean to import Tabs?
All exports of the module are statically known (It doesn't have dynamic exports). So it's known statically that the requested export doesn't exist. @ http://localhost:3000/_next/static/chunks/node_modules_next_dist_0bc8q4g._.js:1952
[ 4955737ms] [ERROR] ./src/pages/login.tsx:6:1
Export Status doesn't exist in target module
   4 | import { serverSideTranslations } from 'next-i18next/serverSideTranslations';
   5 | import { useRouter } from 'next/router';
>  6 | import {
     | ^^^^^^^
>  7 |     Action,
     | ^^^^^^^^^^^
>  8 |     AuxiliaryAction,
     | ^^^^^^^^^^^^^^^^^^^^
>  9 |     CheckboxRow,
     | ^^^^^^^^^^^^^^^^
> 10 |     Close,
     | ^^^^^^^^^^
> 11 |     Error,
     | ^^^^^^^^^^
> 12 |     Form,
     | ^^^^^^^^^
> 13 |     Input,
     | ^^^^^^^^^^
> 14 |     Modal,
     | ^^^^^^^^^^
> 15 |     ModalBody,
     | ^^^^^^^^^^^^^^
> 16 |     ModalHeader,
     | ^^^^^^^^^^^^^^^^
> 17 |     Page,
     | ^^^^^^^^^
> 18 |     Status,
     | ^^^^^^^^^^^
> 19 |     Tab,
     | ^^^^^^^^
> 20 |     Tabs,
     | ^^^^^^^^^
> 21 |     Title
     | ^^^^^^^^^
> 22 | } from '@/components/pages/LoginPage/LoginPage.styled';
     | ^^^^^^^^^^^^^^^^^^^^^^^^^^^^^^^^^^^^^^^^^^^^^^^^^^^^^^^
  23 |
  24 | type User = { username: string; email: string; password: string };
  25 |

The export Status was not found in module [project]/src/components/pages/LoginPage/LoginPage.styled.tsx [ssr] (ecmascript).
Did you mean to import Tabs?
All exports of the module are statically known (It doesn't have dynamic exports). So it's known statically that the requested export doesn't exist. @ http://localhost:3000/_next/static/chunks/node_modules_next_dist_0bc8q4g._.js:1952
[ 4955815ms] [ERROR] ./src/pages/login.tsx:6:1
Export Action doesn't exist in target module
   4 | import { serverSideTranslations } from 'next-i18next/serverSideTranslations';
   5 | import { useRouter } from 'next/router';
>  6 | import {
     | ^^^^^^^
>  7 |     Action,
     | ^^^^^^^^^^^
>  8 |     AuxiliaryAction,
     | ^^^^^^^^^^^^^^^^^^^^
>  9 |     CheckboxRow,
     | ^^^^^^^^^^^^^^^^
> 10 |     Close,
     | ^^^^^^^^^^
> 11 |     Error,
     | ^^^^^^^^^^
> 12 |     Form,
     | ^^^^^^^^^
> 13 |     Input,
     | ^^^^^^^^^^
> 14 |     Modal,
     | ^^^^^^^^^^
> 15 |     ModalBody,
     | ^^^^^^^^^^^^^^
> 16 |     ModalHeader,
     | ^^^^^^^^^^^^^^^^
> 17 |     Page,
     | ^^^^^^^^^
> 18 |     Status,
     | ^^^^^^^^^^^
> 19 |     Tab,
     | ^^^^^^^^
> 20 |     Tabs,
     | ^^^^^^^^^
> 21 |     Title
     | ^^^^^^^^^
> 22 | } from '@/components/pages/LoginPage/LoginPage.styled';
     | ^^^^^^^^^^^^^^^^^^^^^^^^^^^^^^^^^^^^^^^^^^^^^^^^^^^^^^^
  23 |
  24 | type User = { username: string; email: string; password: string };
  25 |

The export Action was not found in module [project]/src/components/pages/LoginPage/LoginPage.styled.tsx [client] (ecmascript).
Did you mean to import CheckboxRow?
All exports of the module are statically known (It doesn't have dynamic exports). So it's known statically that the requested export doesn't exist. @ http://localhost:3000/_next/static/chunks/node_modules_next_dist_0bc8q4g._.js:1952
[ 4955825ms] [ERROR] ./src/pages/login.tsx:6:1
Export Action doesn't exist in target module
   4 | import { serverSideTranslations } from 'next-i18next/serverSideTranslations';
   5 | import { useRouter } from 'next/router';
>  6 | import {
     | ^^^^^^^
>  7 |     Action,
     | ^^^^^^^^^^^
>  8 |     AuxiliaryAction,
     | ^^^^^^^^^^^^^^^^^^^^
>  9 |     CheckboxRow,
     | ^^^^^^^^^^^^^^^^
> 10 |     Close,
     | ^^^^^^^^^^
> 11 |     Error,
     | ^^^^^^^^^^
> 12 |     Form,
     | ^^^^^^^^^
> 13 |     Input,
     | ^^^^^^^^^^
> 14 |     Modal,
     | ^^^^^^^^^^
> 15 |     ModalBody,
     | ^^^^^^^^^^^^^^
> 16 |     ModalHeader,
     | ^^^^^^^^^^^^^^^^
> 17 |     Page,
     | ^^^^^^^^^
> 18 |     Status,
     | ^^^^^^^^^^^
> 19 |     Tab,
     | ^^^^^^^^
> 20 |     Tabs,
     | ^^^^^^^^^
> 21 |     Title
     | ^^^^^^^^^
> 22 | } from '@/components/pages/LoginPage/LoginPage.styled';
     | ^^^^^^^^^^^^^^^^^^^^^^^^^^^^^^^^^^^^^^^^^^^^^^^^^^^^^^^
  23 |
  24 | type User = { username: string; email: string; password: string };
  25 |

The export Action was not found in module [project]/src/components/pages/LoginPage/LoginPage.styled.tsx [ssr] (ecmascript).
Did you mean to import CheckboxRow?
All exports of the module are statically known (It doesn't have dynamic exports). So it's known statically that the requested export doesn't exist. @ http://localhost:3000/_next/static/chunks/node_modules_next_dist_0bc8q4g._.js:1952
[ 4955826ms] [ERROR] ./src/pages/login.tsx:6:1
Export AuxiliaryAction doesn't exist in target module
   4 | import { serverSideTranslations } from 'next-i18next/serverSideTranslations';
   5 | import { useRouter } from 'next/router';
>  6 | import {
     | ^^^^^^^
>  7 |     Action,
     | ^^^^^^^^^^^
>  8 |     AuxiliaryAction,
     | ^^^^^^^^^^^^^^^^^^^^
>  9 |     CheckboxRow,
     | ^^^^^^^^^^^^^^^^
> 10 |     Close,
     | ^^^^^^^^^^
> 11 |     Error,
     | ^^^^^^^^^^
> 12 |     Form,
     | ^^^^^^^^^
> 13 |     Input,
     | ^^^^^^^^^^
> 14 |     Modal,
     | ^^^^^^^^^^
> 15 |     ModalBody,
     | ^^^^^^^^^^^^^^
> 16 |     ModalHeader,
     | ^^^^^^^^^^^^^^^^
> 17 |     Page,
     | ^^^^^^^^^
> 18 |     Status,
     | ^^^^^^^^^^^
> 19 |     Tab,
     | ^^^^^^^^
> 20 |     Tabs,
     | ^^^^^^^^^
> 21 |     Title
     | ^^^^^^^^^
> 22 | } from '@/components/pages/LoginPage/LoginPage.styled';
     | ^^^^^^^^^^^^^^^^^^^^^^^^^^^^^^^^^^^^^^^^^^^^^^^^^^^^^^^
  23 |
  24 | type User = { username: string; email: string; password: string };
  25 |

The export AuxiliaryAction was not found in module [project]/src/components/pages/LoginPage/LoginPage.styled.tsx [client] (ecmascript).
Did you mean to import Title?
All exports of the module are statically known (It doesn't have dynamic exports). So it's known statically that the requested export doesn't exist. @ http://localhost:3000/_next/static/chunks/node_modules_next_dist_0bc8q4g._.js:1952
[ 4955827ms] [ERROR] ./src/pages/login.tsx:6:1
Export AuxiliaryAction doesn't exist in target module
   4 | import { serverSideTranslations } from 'next-i18next/serverSideTranslations';
   5 | import { useRouter } from 'next/router';
>  6 | import {
     | ^^^^^^^
>  7 |     Action,
     | ^^^^^^^^^^^
>  8 |     AuxiliaryAction,
     | ^^^^^^^^^^^^^^^^^^^^
>  9 |     CheckboxRow,
     | ^^^^^^^^^^^^^^^^
> 10 |     Close,
     | ^^^^^^^^^^
> 11 |     Error,
     | ^^^^^^^^^^
> 12 |     Form,
     | ^^^^^^^^^
> 13 |     Input,
     | ^^^^^^^^^^
> 14 |     Modal,
     | ^^^^^^^^^^
> 15 |     ModalBody,
     | ^^^^^^^^^^^^^^
> 16 |     ModalHeader,
     | ^^^^^^^^^^^^^^^^
> 17 |     Page,
     | ^^^^^^^^^
> 18 |     Status,
     | ^^^^^^^^^^^
> 19 |     Tab,
     | ^^^^^^^^
> 20 |     Tabs,
     | ^^^^^^^^^
> 21 |     Title
     | ^^^^^^^^^
> 22 | } from '@/components/pages/LoginPage/LoginPage.styled';
     | ^^^^^^^^^^^^^^^^^^^^^^^^^^^^^^^^^^^^^^^^^^^^^^^^^^^^^^^
  23 |
  24 | type User = { username: string; email: string; password: string };
  25 |

The export AuxiliaryAction was not found in module [project]/src/components/pages/LoginPage/LoginPage.styled.tsx [ssr] (ecmascript).
Did you mean to import Title?
All exports of the module are statically known (It doesn't have dynamic exports). So it's known statically that the requested export doesn't exist. @ http://localhost:3000/_next/static/chunks/node_modules_next_dist_0bc8q4g._.js:1952
[ 4955827ms] [ERROR] ./src/pages/login.tsx:6:1
Export Error doesn't exist in target module
   4 | import { serverSideTranslations } from 'next-i18next/serverSideTranslations';
   5 | import { useRouter } from 'next/router';
>  6 | import {
     | ^^^^^^^
>  7 |     Action,
     | ^^^^^^^^^^^
>  8 |     AuxiliaryAction,
     | ^^^^^^^^^^^^^^^^^^^^
>  9 |     CheckboxRow,
     | ^^^^^^^^^^^^^^^^
> 10 |     Close,
     | ^^^^^^^^^^
> 11 |     Error,
     | ^^^^^^^^^^
> 12 |     Form,
     | ^^^^^^^^^
> 13 |     Input,
     | ^^^^^^^^^^
> 14 |     Modal,
     | ^^^^^^^^^^
> 15 |     ModalBody,
     | ^^^^^^^^^^^^^^
> 16 |     ModalHeader,
     | ^^^^^^^^^^^^^^^^
> 17 |     Page,
     | ^^^^^^^^^
> 18 |     Status,
     | ^^^^^^^^^^^
> 19 |     Tab,
     | ^^^^^^^^
> 20 |     Tabs,
     | ^^^^^^^^^
> 21 |     Title
     | ^^^^^^^^^
> 22 | } from '@/components/pages/LoginPage/LoginPage.styled';
     | ^^^^^^^^^^^^^^^^^^^^^^^^^^^^^^^^^^^^^^^^^^^^^^^^^^^^^^^
  23 |
  24 | type User = { username: string; email: string; password: string };
  25 |

The export Error was not found in module [project]/src/components/pages/LoginPage/LoginPage.styled.tsx [client] (ecmascript).
Did you mean to import Form?
All exports of the module are statically known (It doesn't have dynamic exports). So it's known statically that the requested export doesn't exist. @ http://localhost:3000/_next/static/chunks/node_modules_next_dist_0bc8q4g._.js:1952
[ 4955827ms] [ERROR] ./src/pages/login.tsx:6:1
Export Error doesn't exist in target module
   4 | import { serverSideTranslations } from 'next-i18next/serverSideTranslations';
   5 | import { useRouter } from 'next/router';
>  6 | import {
     | ^^^^^^^
>  7 |     Action,
     | ^^^^^^^^^^^
>  8 |     AuxiliaryAction,
     | ^^^^^^^^^^^^^^^^^^^^
>  9 |     CheckboxRow,
     | ^^^^^^^^^^^^^^^^
> 10 |     Close,
     | ^^^^^^^^^^
> 11 |     Error,
     | ^^^^^^^^^^
> 12 |     Form,
     | ^^^^^^^^^
> 13 |     Input,
     | ^^^^^^^^^^
> 14 |     Modal,
     | ^^^^^^^^^^
> 15 |     ModalBody,
     | ^^^^^^^^^^^^^^
> 16 |     ModalHeader,
     | ^^^^^^^^^^^^^^^^
> 17 |     Page,
     | ^^^^^^^^^
> 18 |     Status,
     | ^^^^^^^^^^^
> 19 |     Tab,
     | ^^^^^^^^
> 20 |     Tabs,
     | ^^^^^^^^^
> 21 |     Title
     | ^^^^^^^^^
> 22 | } from '@/components/pages/LoginPage/LoginPage.styled';
     | ^^^^^^^^^^^^^^^^^^^^^^^^^^^^^^^^^^^^^^^^^^^^^^^^^^^^^^^
  23 |
  24 | type User = { username: string; email: string; password: string };
  25 |

The export Error was not found in module [project]/src/components/pages/LoginPage/LoginPage.styled.tsx [ssr] (ecmascript).
Did you mean to import Form?
All exports of the module are statically known (It doesn't have dynamic exports). So it's known statically that the requested export doesn't exist. @ http://localhost:3000/_next/static/chunks/node_modules_next_dist_0bc8q4g._.js:1952
[ 4955843ms] [ERROR] ./src/pages/login.tsx:6:1
Export Status doesn't exist in target module
   4 | import { serverSideTranslations } from 'next-i18next/serverSideTranslations';
   5 | import { useRouter } from 'next/router';
>  6 | import {
     | ^^^^^^^
>  7 |     Action,
     | ^^^^^^^^^^^
>  8 |     AuxiliaryAction,
     | ^^^^^^^^^^^^^^^^^^^^
>  9 |     CheckboxRow,
     | ^^^^^^^^^^^^^^^^
> 10 |     Close,
     | ^^^^^^^^^^
> 11 |     Error,
     | ^^^^^^^^^^
> 12 |     Form,
     | ^^^^^^^^^
> 13 |     Input,
     | ^^^^^^^^^^
> 14 |     Modal,
     | ^^^^^^^^^^
> 15 |     ModalBody,
     | ^^^^^^^^^^^^^^
> 16 |     ModalHeader,
     | ^^^^^^^^^^^^^^^^
> 17 |     Page,
     | ^^^^^^^^^
> 18 |     Status,
     | ^^^^^^^^^^^
> 19 |     Tab,
     | ^^^^^^^^
> 20 |     Tabs,
     | ^^^^^^^^^
> 21 |     Title
     | ^^^^^^^^^
> 22 | } from '@/components/pages/LoginPage/LoginPage.styled';
     | ^^^^^^^^^^^^^^^^^^^^^^^^^^^^^^^^^^^^^^^^^^^^^^^^^^^^^^^
  23 |
  24 | type User = { username: string; email: string; password: string };
  25 |

The export Status was not found in module [project]/src/components/pages/LoginPage/LoginPage.styled.tsx [client] (ecmascript).
Did you mean to import Tabs?
All exports of the module are statically known (It doesn't have dynamic exports). So it's known statically that the requested export doesn't exist. @ http://localhost:3000/_next/static/chunks/node_modules_next_dist_0bc8q4g._.js:1952
[ 4955843ms] [ERROR] ./src/pages/login.tsx:6:1
Export Status doesn't exist in target module
   4 | import { serverSideTranslations } from 'next-i18next/serverSideTranslations';
   5 | import { useRouter } from 'next/router';
>  6 | import {
     | ^^^^^^^
>  7 |     Action,
     | ^^^^^^^^^^^
>  8 |     AuxiliaryAction,
     | ^^^^^^^^^^^^^^^^^^^^
>  9 |     CheckboxRow,
     | ^^^^^^^^^^^^^^^^
> 10 |     Close,
     | ^^^^^^^^^^
> 11 |     Error,
     | ^^^^^^^^^^
> 12 |     Form,
     | ^^^^^^^^^
> 13 |     Input,
     | ^^^^^^^^^^
> 14 |     Modal,
     | ^^^^^^^^^^
> 15 |     ModalBody,
     | ^^^^^^^^^^^^^^
> 16 |     ModalHeader,
     | ^^^^^^^^^^^^^^^^
> 17 |     Page,
     | ^^^^^^^^^
> 18 |     Status,
     | ^^^^^^^^^^^
> 19 |     Tab,
     | ^^^^^^^^
> 20 |     Tabs,
     | ^^^^^^^^^
> 21 |     Title
     | ^^^^^^^^^
> 22 | } from '@/components/pages/LoginPage/LoginPage.styled';
     | ^^^^^^^^^^^^^^^^^^^^^^^^^^^^^^^^^^^^^^^^^^^^^^^^^^^^^^^
  23 |
  24 | type User = { username: string; email: string; password: string };
  25 |

The export Status was not found in module [project]/src/components/pages/LoginPage/LoginPage.styled.tsx [ssr] (ecmascript).
Did you mean to import Tabs?
All exports of the module are statically known (It doesn't have dynamic exports). So it's known statically that the requested export doesn't exist. @ http://localhost:3000/_next/static/chunks/node_modules_next_dist_0bc8q4g._.js:1952
[ 4955859ms] [ERROR] ./src/pages/login.tsx:6:1
Export Action doesn't exist in target module
   4 | import { serverSideTranslations } from 'next-i18next/serverSideTranslations';
   5 | import { useRouter } from 'next/router';
>  6 | import {
     | ^^^^^^^
>  7 |     Action,
     | ^^^^^^^^^^^
>  8 |     AuxiliaryAction,
     | ^^^^^^^^^^^^^^^^^^^^
>  9 |     CheckboxRow,
     | ^^^^^^^^^^^^^^^^
> 10 |     Close,
     | ^^^^^^^^^^
> 11 |     Error,
     | ^^^^^^^^^^
> 12 |     Form,
     | ^^^^^^^^^
> 13 |     Input,
     | ^^^^^^^^^^
> 14 |     Modal,
     | ^^^^^^^^^^
> 15 |     ModalBody,
     | ^^^^^^^^^^^^^^
> 16 |     ModalHeader,
     | ^^^^^^^^^^^^^^^^
> 17 |     Page,
     | ^^^^^^^^^
> 18 |     Status,
     | ^^^^^^^^^^^
> 19 |     Tab,
     | ^^^^^^^^
> 20 |     Tabs,
     | ^^^^^^^^^
> 21 |     Title
     | ^^^^^^^^^
> 22 | } from '@/components/pages/LoginPage/LoginPage.styled';
     | ^^^^^^^^^^^^^^^^^^^^^^^^^^^^^^^^^^^^^^^^^^^^^^^^^^^^^^^
  23 |
  24 | type User = { username: string; email: string; password: string };
  25 |

The export Action was not found in module [project]/src/components/pages/LoginPage/LoginPage.styled.tsx [client] (ecmascript).
Did you mean to import CheckboxRow?
All exports of the module are statically known (It doesn't have dynamic exports). So it's known statically that the requested export doesn't exist. @ http://localhost:3000/_next/static/chunks/node_modules_next_dist_0bc8q4g._.js:1952
[ 4955860ms] [ERROR] ./src/pages/login.tsx:6:1
Export Action doesn't exist in target module
   4 | import { serverSideTranslations } from 'next-i18next/serverSideTranslations';
   5 | import { useRouter } from 'next/router';
>  6 | import {
     | ^^^^^^^
>  7 |     Action,
     | ^^^^^^^^^^^
>  8 |     AuxiliaryAction,
     | ^^^^^^^^^^^^^^^^^^^^
>  9 |     CheckboxRow,
     | ^^^^^^^^^^^^^^^^
> 10 |     Close,
     | ^^^^^^^^^^
> 11 |     Error,
     | ^^^^^^^^^^
> 12 |     Form,
     | ^^^^^^^^^
> 13 |     Input,
     | ^^^^^^^^^^
> 14 |     Modal,
     | ^^^^^^^^^^
> 15 |     ModalBody,
     | ^^^^^^^^^^^^^^
> 16 |     ModalHeader,
     | ^^^^^^^^^^^^^^^^
> 17 |     Page,
     | ^^^^^^^^^
> 18 |     Status,
     | ^^^^^^^^^^^
> 19 |     Tab,
     | ^^^^^^^^
> 20 |     Tabs,
     | ^^^^^^^^^
> 21 |     Title
     | ^^^^^^^^^
> 22 | } from '@/components/pages/LoginPage/LoginPage.styled';
     | ^^^^^^^^^^^^^^^^^^^^^^^^^^^^^^^^^^^^^^^^^^^^^^^^^^^^^^^
  23 |
  24 | type User = { username: string; email: string; password: string };
  25 |

The export Action was not found in module [project]/src/components/pages/LoginPage/LoginPage.styled.tsx [ssr] (ecmascript).
Did you mean to import CheckboxRow?
All exports of the module are statically known (It doesn't have dynamic exports). So it's known statically that the requested export doesn't exist. @ http://localhost:3000/_next/static/chunks/node_modules_next_dist_0bc8q4g._.js:1952
[ 4955861ms] [ERROR] ./src/pages/login.tsx:6:1
Export AuxiliaryAction doesn't exist in target module
   4 | import { serverSideTranslations } from 'next-i18next/serverSideTranslations';
   5 | import { useRouter } from 'next/router';
>  6 | import {
     | ^^^^^^^
>  7 |     Action,
     | ^^^^^^^^^^^
>  8 |     AuxiliaryAction,
     | ^^^^^^^^^^^^^^^^^^^^
>  9 |     CheckboxRow,
     | ^^^^^^^^^^^^^^^^
> 10 |     Close,
     | ^^^^^^^^^^
> 11 |     Error,
     | ^^^^^^^^^^
> 12 |     Form,
     | ^^^^^^^^^
> 13 |     Input,
     | ^^^^^^^^^^
> 14 |     Modal,
     | ^^^^^^^^^^
> 15 |     ModalBody,
     | ^^^^^^^^^^^^^^
> 16 |     ModalHeader,
     | ^^^^^^^^^^^^^^^^
> 17 |     Page,
     | ^^^^^^^^^
> 18 |     Status,
     | ^^^^^^^^^^^
> 19 |     Tab,
     | ^^^^^^^^
> 20 |     Tabs,
     | ^^^^^^^^^
> 21 |     Title
     | ^^^^^^^^^
> 22 | } from '@/components/pages/LoginPage/LoginPage.styled';
     | ^^^^^^^^^^^^^^^^^^^^^^^^^^^^^^^^^^^^^^^^^^^^^^^^^^^^^^^
  23 |
  24 | type User = { username: string; email: string; password: string };
  25 |

The export AuxiliaryAction was not found in module [project]/src/components/pages/LoginPage/LoginPage.styled.tsx [client] (ecmascript).
Did you mean to import Title?
All exports of the module are statically known (It doesn't have dynamic exports). So it's known statically that the requested export doesn't exist. @ http://localhost:3000/_next/static/chunks/node_modules_next_dist_0bc8q4g._.js:1952
[ 4955861ms] [ERROR] ./src/pages/login.tsx:6:1
Export AuxiliaryAction doesn't exist in target module
   4 | import { serverSideTranslations } from 'next-i18next/serverSideTranslations';
   5 | import { useRouter } from 'next/router';
>  6 | import {
     | ^^^^^^^
>  7 |     Action,
     | ^^^^^^^^^^^
>  8 |     AuxiliaryAction,
     | ^^^^^^^^^^^^^^^^^^^^
>  9 |     CheckboxRow,
     | ^^^^^^^^^^^^^^^^
> 10 |     Close,
     | ^^^^^^^^^^
> 11 |     Error,
     | ^^^^^^^^^^
> 12 |     Form,
     | ^^^^^^^^^
> 13 |     Input,
     | ^^^^^^^^^^
> 14 |     Modal,
     | ^^^^^^^^^^
> 15 |     ModalBody,
     | ^^^^^^^^^^^^^^
> 16 |     ModalHeader,
     | ^^^^^^^^^^^^^^^^
> 17 |     Page,
     | ^^^^^^^^^
> 18 |     Status,
     | ^^^^^^^^^^^
> 19 |     Tab,
     | ^^^^^^^^
> 20 |     Tabs,
     | ^^^^^^^^^
> 21 |     Title
     | ^^^^^^^^^
> 22 | } from '@/components/pages/LoginPage/LoginPage.styled';
     | ^^^^^^^^^^^^^^^^^^^^^^^^^^^^^^^^^^^^^^^^^^^^^^^^^^^^^^^
  23 |
  24 | type User = { username: string; email: string; password: string };
  25 |

The export AuxiliaryAction was not found in module [project]/src/components/pages/LoginPage/LoginPage.styled.tsx [ssr] (ecmascript).
Did you mean to import Title?
All exports of the module are statically known (It doesn't have dynamic exports). So it's known statically that the requested export doesn't exist. @ http://localhost:3000/_next/static/chunks/node_modules_next_dist_0bc8q4g._.js:1952
[ 4955861ms] [ERROR] ./src/pages/login.tsx:6:1
Export Error doesn't exist in target module
   4 | import { serverSideTranslations } from 'next-i18next/serverSideTranslations';
   5 | import { useRouter } from 'next/router';
>  6 | import {
     | ^^^^^^^
>  7 |     Action,
     | ^^^^^^^^^^^
>  8 |     AuxiliaryAction,
     | ^^^^^^^^^^^^^^^^^^^^
>  9 |     CheckboxRow,
     | ^^^^^^^^^^^^^^^^
> 10 |     Close,
     | ^^^^^^^^^^
> 11 |     Error,
     | ^^^^^^^^^^
> 12 |     Form,
     | ^^^^^^^^^
> 13 |     Input,
     | ^^^^^^^^^^
> 14 |     Modal,
     | ^^^^^^^^^^
> 15 |     ModalBody,
     | ^^^^^^^^^^^^^^
> 16 |     ModalHeader,
     | ^^^^^^^^^^^^^^^^
> 17 |     Page,
     | ^^^^^^^^^
> 18 |     Status,
     | ^^^^^^^^^^^
> 19 |     Tab,
     | ^^^^^^^^
> 20 |     Tabs,
     | ^^^^^^^^^
> 21 |     Title
     | ^^^^^^^^^
> 22 | } from '@/components/pages/LoginPage/LoginPage.styled';
     | ^^^^^^^^^^^^^^^^^^^^^^^^^^^^^^^^^^^^^^^^^^^^^^^^^^^^^^^
  23 |
  24 | type User = { username: string; email: string; password: string };
  25 |

The export Error was not found in module [project]/src/components/pages/LoginPage/LoginPage.styled.tsx [client] (ecmascript).
Did you mean to import Form?
All exports of the module are statically known (It doesn't have dynamic exports). So it's known statically that the requested export doesn't exist. @ http://localhost:3000/_next/static/chunks/node_modules_next_dist_0bc8q4g._.js:1952
[ 4955862ms] [ERROR] ./src/pages/login.tsx:6:1
Export Error doesn't exist in target module
   4 | import { serverSideTranslations } from 'next-i18next/serverSideTranslations';
   5 | import { useRouter } from 'next/router';
>  6 | import {
     | ^^^^^^^
>  7 |     Action,
     | ^^^^^^^^^^^
>  8 |     AuxiliaryAction,
     | ^^^^^^^^^^^^^^^^^^^^
>  9 |     CheckboxRow,
     | ^^^^^^^^^^^^^^^^
> 10 |     Close,
     | ^^^^^^^^^^
> 11 |     Error,
     | ^^^^^^^^^^
> 12 |     Form,
     | ^^^^^^^^^
> 13 |     Input,
     | ^^^^^^^^^^
> 14 |     Modal,
     | ^^^^^^^^^^
> 15 |     ModalBody,
     | ^^^^^^^^^^^^^^
> 16 |     ModalHeader,
     | ^^^^^^^^^^^^^^^^
> 17 |     Page,
     | ^^^^^^^^^
> 18 |     Status,
     | ^^^^^^^^^^^
> 19 |     Tab,
     | ^^^^^^^^
> 20 |     Tabs,
     | ^^^^^^^^^
> 21 |     Title
     | ^^^^^^^^^
> 22 | } from '@/components/pages/LoginPage/LoginPage.styled';
     | ^^^^^^^^^^^^^^^^^^^^^^^^^^^^^^^^^^^^^^^^^^^^^^^^^^^^^^^
  23 |
  24 | type User = { username: string; email: string; password: string };
  25 |

The export Error was not found in module [project]/src/components/pages/LoginPage/LoginPage.styled.tsx [ssr] (ecmascript).
Did you mean to import Form?
All exports of the module are statically known (It doesn't have dynamic exports). So it's known statically that the requested export doesn't exist. @ http://localhost:3000/_next/static/chunks/node_modules_next_dist_0bc8q4g._.js:1952
[ 4955862ms] [ERROR] ./src/pages/login.tsx:6:1
Export Status doesn't exist in target module
   4 | import { serverSideTranslations } from 'next-i18next/serverSideTranslations';
   5 | import { useRouter } from 'next/router';
>  6 | import {
     | ^^^^^^^
>  7 |     Action,
     | ^^^^^^^^^^^
>  8 |     AuxiliaryAction,
     | ^^^^^^^^^^^^^^^^^^^^
>  9 |     CheckboxRow,
     | ^^^^^^^^^^^^^^^^
> 10 |     Close,
     | ^^^^^^^^^^
> 11 |     Error,
     | ^^^^^^^^^^
> 12 |     Form,
     | ^^^^^^^^^
> 13 |     Input,
     | ^^^^^^^^^^
> 14 |     Modal,
     | ^^^^^^^^^^
> 15 |     ModalBody,
     | ^^^^^^^^^^^^^^
> 16 |     ModalHeader,
     | ^^^^^^^^^^^^^^^^
> 17 |     Page,
     | ^^^^^^^^^
> 18 |     Status,
     | ^^^^^^^^^^^
> 19 |     Tab,
     | ^^^^^^^^
> 20 |     Tabs,
     | ^^^^^^^^^
> 21 |     Title
     | ^^^^^^^^^
> 22 | } from '@/components/pages/LoginPage/LoginPage.styled';
     | ^^^^^^^^^^^^^^^^^^^^^^^^^^^^^^^^^^^^^^^^^^^^^^^^^^^^^^^
  23 |
  24 | type User = { username: string; email: string; password: string };
  25 |

The export Status was not found in module [project]/src/components/pages/LoginPage/LoginPage.styled.tsx [client] (ecmascript).
Did you mean to import Tabs?
All exports of the module are statically known (It doesn't have dynamic exports). So it's known statically that the requested export doesn't exist. @ http://localhost:3000/_next/static/chunks/node_modules_next_dist_0bc8q4g._.js:1952
[ 4955862ms] [ERROR] ./src/pages/login.tsx:6:1
Export Status doesn't exist in target module
   4 | import { serverSideTranslations } from 'next-i18next/serverSideTranslations';
   5 | import { useRouter } from 'next/router';
>  6 | import {
     | ^^^^^^^
>  7 |     Action,
     | ^^^^^^^^^^^
>  8 |     AuxiliaryAction,
     | ^^^^^^^^^^^^^^^^^^^^
>  9 |     CheckboxRow,
     | ^^^^^^^^^^^^^^^^
> 10 |     Close,
     | ^^^^^^^^^^
> 11 |     Error,
     | ^^^^^^^^^^
> 12 |     Form,
     | ^^^^^^^^^
> 13 |     Input,
     | ^^^^^^^^^^
> 14 |     Modal,
     | ^^^^^^^^^^
> 15 |     ModalBody,
     | ^^^^^^^^^^^^^^
> 16 |     ModalHeader,
     | ^^^^^^^^^^^^^^^^
> 17 |     Page,
     | ^^^^^^^^^
> 18 |     Status,
     | ^^^^^^^^^^^
> 19 |     Tab,
     | ^^^^^^^^
> 20 |     Tabs,
     | ^^^^^^^^^
> 21 |     Title
     | ^^^^^^^^^
> 22 | } from '@/components/pages/LoginPage/LoginPage.styled';
     | ^^^^^^^^^^^^^^^^^^^^^^^^^^^^^^^^^^^^^^^^^^^^^^^^^^^^^^^
  23 |
  24 | type User = { username: string; email: string; password: string };
  25 |

The export Status was not found in module [project]/src/components/pages/LoginPage/LoginPage.styled.tsx [ssr] (ecmascript).
Did you mean to import Tabs?
All exports of the module are statically known (It doesn't have dynamic exports). So it's known statically that the requested export doesn't exist. @ http://localhost:3000/_next/static/chunks/node_modules_next_dist_0bc8q4g._.js:1952
[ 4955998ms] [LOG] [Fast Refresh] rebuilding @ http://localhost:3000/_next/static/chunks/node_modules_next_dist_0bc8q4g._.js:1233
[ 4970143ms] [ERROR] ./src/pages/login.tsx:6:1
Export Action doesn't exist in target module
   4 | import { serverSideTranslations } from 'next-i18next/serverSideTranslations';
   5 | import { useRouter } from 'next/router';
>  6 | import {
     | ^^^^^^^
>  7 |     Action,
     | ^^^^^^^^^^^
>  8 |     AuxiliaryAction,
     | ^^^^^^^^^^^^^^^^^^^^
>  9 |     CheckboxRow,
     | ^^^^^^^^^^^^^^^^
> 10 |     Close,
     | ^^^^^^^^^^
> 11 |     Error,
     | ^^^^^^^^^^
> 12 |     Form,
     | ^^^^^^^^^
> 13 |     Input,
     | ^^^^^^^^^^
> 14 |     Modal,
     | ^^^^^^^^^^
> 15 |     ModalBody,
     | ^^^^^^^^^^^^^^
> 16 |     ModalHeader,
     | ^^^^^^^^^^^^^^^^
> 17 |     Page,
     | ^^^^^^^^^
> 18 |     Status,
     | ^^^^^^^^^^^
> 19 |     Tab,
     | ^^^^^^^^
> 20 |     Tabs,
     | ^^^^^^^^^
> 21 |     Title
     | ^^^^^^^^^
> 22 | } from '@/components/pages/LoginPage/LoginPage.styled';
     | ^^^^^^^^^^^^^^^^^^^^^^^^^^^^^^^^^^^^^^^^^^^^^^^^^^^^^^^
  23 |
  24 | type User = { username: string; email: string; password: string };
  25 |

The export Action was not found in module [project]/src/components/pages/LoginPage/LoginPage.styled.tsx [client] (ecmascript).
Did you mean to import CheckboxRow?
All exports of the module are statically known (It doesn't have dynamic exports). So it's known statically that the requested export doesn't exist. @ http://localhost:3000/_next/static/chunks/node_modules_next_dist_0bc8q4g._.js:1952
[ 4970143ms] [ERROR] ./src/pages/login.tsx:6:1
Export Action doesn't exist in target module
   4 | import { serverSideTranslations } from 'next-i18next/serverSideTranslations';
   5 | import { useRouter } from 'next/router';
>  6 | import {
     | ^^^^^^^
>  7 |     Action,
     | ^^^^^^^^^^^
>  8 |     AuxiliaryAction,
     | ^^^^^^^^^^^^^^^^^^^^
>  9 |     CheckboxRow,
     | ^^^^^^^^^^^^^^^^
> 10 |     Close,
     | ^^^^^^^^^^
> 11 |     Error,
     | ^^^^^^^^^^
> 12 |     Form,
     | ^^^^^^^^^
> 13 |     Input,
     | ^^^^^^^^^^
> 14 |     Modal,
     | ^^^^^^^^^^
> 15 |     ModalBody,
     | ^^^^^^^^^^^^^^
> 16 |     ModalHeader,
     | ^^^^^^^^^^^^^^^^
> 17 |     Page,
     | ^^^^^^^^^
> 18 |     Status,
     | ^^^^^^^^^^^
> 19 |     Tab,
     | ^^^^^^^^
> 20 |     Tabs,
     | ^^^^^^^^^
> 21 |     Title
     | ^^^^^^^^^
> 22 | } from '@/components/pages/LoginPage/LoginPage.styled';
     | ^^^^^^^^^^^^^^^^^^^^^^^^^^^^^^^^^^^^^^^^^^^^^^^^^^^^^^^
  23 |
  24 | type User = { username: string; email: string; password: string };
  25 |

The export Action was not found in module [project]/src/components/pages/LoginPage/LoginPage.styled.tsx [ssr] (ecmascript).
Did you mean to import CheckboxRow?
All exports of the module are statically known (It doesn't have dynamic exports). So it's known statically that the requested export doesn't exist. @ http://localhost:3000/_next/static/chunks/node_modules_next_dist_0bc8q4g._.js:1952
[ 4970144ms] [ERROR] ./src/pages/login.tsx:6:1
Export AuxiliaryAction doesn't exist in target module
   4 | import { serverSideTranslations } from 'next-i18next/serverSideTranslations';
   5 | import { useRouter } from 'next/router';
>  6 | import {
     | ^^^^^^^
>  7 |     Action,
     | ^^^^^^^^^^^
>  8 |     AuxiliaryAction,
     | ^^^^^^^^^^^^^^^^^^^^
>  9 |     CheckboxRow,
     | ^^^^^^^^^^^^^^^^
> 10 |     Close,
     | ^^^^^^^^^^
> 11 |     Error,
     | ^^^^^^^^^^
> 12 |     Form,
     | ^^^^^^^^^
> 13 |     Input,
     | ^^^^^^^^^^
> 14 |     Modal,
     | ^^^^^^^^^^
> 15 |     ModalBody,
     | ^^^^^^^^^^^^^^
> 16 |     ModalHeader,
     | ^^^^^^^^^^^^^^^^
> 17 |     Page,
     | ^^^^^^^^^
> 18 |     Status,
     | ^^^^^^^^^^^
> 19 |     Tab,
     | ^^^^^^^^
> 20 |     Tabs,
     | ^^^^^^^^^
> 21 |     Title
     | ^^^^^^^^^
> 22 | } from '@/components/pages/LoginPage/LoginPage.styled';
     | ^^^^^^^^^^^^^^^^^^^^^^^^^^^^^^^^^^^^^^^^^^^^^^^^^^^^^^^
  23 |
  24 | type User = { username: string; email: string; password: string };
  25 |

The export AuxiliaryAction was not found in module [project]/src/components/pages/LoginPage/LoginPage.styled.tsx [client] (ecmascript).
Did you mean to import Title?
All exports of the module are statically known (It doesn't have dynamic exports). So it's known statically that the requested export doesn't exist. @ http://localhost:3000/_next/static/chunks/node_modules_next_dist_0bc8q4g._.js:1952
[ 4970144ms] [ERROR] ./src/pages/login.tsx:6:1
Export AuxiliaryAction doesn't exist in target module
   4 | import { serverSideTranslations } from 'next-i18next/serverSideTranslations';
   5 | import { useRouter } from 'next/router';
>  6 | import {
     | ^^^^^^^
>  7 |     Action,
     | ^^^^^^^^^^^
>  8 |     AuxiliaryAction,
     | ^^^^^^^^^^^^^^^^^^^^
>  9 |     CheckboxRow,
     | ^^^^^^^^^^^^^^^^
> 10 |     Close,
     | ^^^^^^^^^^
> 11 |     Error,
     | ^^^^^^^^^^
> 12 |     Form,
     | ^^^^^^^^^
> 13 |     Input,
     | ^^^^^^^^^^
> 14 |     Modal,
     | ^^^^^^^^^^
> 15 |     ModalBody,
     | ^^^^^^^^^^^^^^
> 16 |     ModalHeader,
     | ^^^^^^^^^^^^^^^^
> 17 |     Page,
     | ^^^^^^^^^
> 18 |     Status,
     | ^^^^^^^^^^^
> 19 |     Tab,
     | ^^^^^^^^
> 20 |     Tabs,
     | ^^^^^^^^^
> 21 |     Title
     | ^^^^^^^^^
> 22 | } from '@/components/pages/LoginPage/LoginPage.styled';
     | ^^^^^^^^^^^^^^^^^^^^^^^^^^^^^^^^^^^^^^^^^^^^^^^^^^^^^^^
  23 |
  24 | type User = { username: string; email: string; password: string };
  25 |

The export AuxiliaryAction was not found in module [project]/src/components/pages/LoginPage/LoginPage.styled.tsx [ssr] (ecmascript).
Did you mean to import Title?
All exports of the module are statically known (It doesn't have dynamic exports). So it's known statically that the requested export doesn't exist. @ http://localhost:3000/_next/static/chunks/node_modules_next_dist_0bc8q4g._.js:1952
[ 4970144ms] [ERROR] ./src/pages/login.tsx:6:1
Export Error doesn't exist in target module
   4 | import { serverSideTranslations } from 'next-i18next/serverSideTranslations';
   5 | import { useRouter } from 'next/router';
>  6 | import {
     | ^^^^^^^
>  7 |     Action,
     | ^^^^^^^^^^^
>  8 |     AuxiliaryAction,
     | ^^^^^^^^^^^^^^^^^^^^
>  9 |     CheckboxRow,
     | ^^^^^^^^^^^^^^^^
> 10 |     Close,
     | ^^^^^^^^^^
> 11 |     Error,
     | ^^^^^^^^^^
> 12 |     Form,
     | ^^^^^^^^^
> 13 |     Input,
     | ^^^^^^^^^^
> 14 |     Modal,
     | ^^^^^^^^^^
> 15 |     ModalBody,
     | ^^^^^^^^^^^^^^
> 16 |     ModalHeader,
     | ^^^^^^^^^^^^^^^^
> 17 |     Page,
     | ^^^^^^^^^
> 18 |     Status,
     | ^^^^^^^^^^^
> 19 |     Tab,
     | ^^^^^^^^
> 20 |     Tabs,
     | ^^^^^^^^^
> 21 |     Title
     | ^^^^^^^^^
> 22 | } from '@/components/pages/LoginPage/LoginPage.styled';
     | ^^^^^^^^^^^^^^^^^^^^^^^^^^^^^^^^^^^^^^^^^^^^^^^^^^^^^^^
  23 |
  24 | type User = { username: string; email: string; password: string };
  25 |

The export Error was not found in module [project]/src/components/pages/LoginPage/LoginPage.styled.tsx [client] (ecmascript).
Did you mean to import Form?
All exports of the module are statically known (It doesn't have dynamic exports). So it's known statically that the requested export doesn't exist. @ http://localhost:3000/_next/static/chunks/node_modules_next_dist_0bc8q4g._.js:1952
[ 4970144ms] [ERROR] ./src/pages/login.tsx:6:1
Export Error doesn't exist in target module
   4 | import { serverSideTranslations } from 'next-i18next/serverSideTranslations';
   5 | import { useRouter } from 'next/router';
>  6 | import {
     | ^^^^^^^
>  7 |     Action,
     | ^^^^^^^^^^^
>  8 |     AuxiliaryAction,
     | ^^^^^^^^^^^^^^^^^^^^
>  9 |     CheckboxRow,
     | ^^^^^^^^^^^^^^^^
> 10 |     Close,
     | ^^^^^^^^^^
> 11 |     Error,
     | ^^^^^^^^^^
> 12 |     Form,
     | ^^^^^^^^^
> 13 |     Input,
     | ^^^^^^^^^^
> 14 |     Modal,
     | ^^^^^^^^^^
> 15 |     ModalBody,
     | ^^^^^^^^^^^^^^
> 16 |     ModalHeader,
     | ^^^^^^^^^^^^^^^^
> 17 |     Page,
     | ^^^^^^^^^
> 18 |     Status,
     | ^^^^^^^^^^^
> 19 |     Tab,
     | ^^^^^^^^
> 20 |     Tabs,
     | ^^^^^^^^^
> 21 |     Title
     | ^^^^^^^^^
> 22 | } from '@/components/pages/LoginPage/LoginPage.styled';
     | ^^^^^^^^^^^^^^^^^^^^^^^^^^^^^^^^^^^^^^^^^^^^^^^^^^^^^^^
  23 |
  24 | type User = { username: string; email: string; password: string };
  25 |

The export Error was not found in module [project]/src/components/pages/LoginPage/LoginPage.styled.tsx [ssr] (ecmascript).
Did you mean to import Form?
All exports of the module are statically known (It doesn't have dynamic exports). So it's known statically that the requested export doesn't exist. @ http://localhost:3000/_next/static/chunks/node_modules_next_dist_0bc8q4g._.js:1952
[ 4970144ms] [ERROR] ./src/pages/login.tsx:6:1
Export Status doesn't exist in target module
   4 | import { serverSideTranslations } from 'next-i18next/serverSideTranslations';
   5 | import { useRouter } from 'next/router';
>  6 | import {
     | ^^^^^^^
>  7 |     Action,
     | ^^^^^^^^^^^
>  8 |     AuxiliaryAction,
     | ^^^^^^^^^^^^^^^^^^^^
>  9 |     CheckboxRow,
     | ^^^^^^^^^^^^^^^^
> 10 |     Close,
     | ^^^^^^^^^^
> 11 |     Error,
     | ^^^^^^^^^^
> 12 |     Form,
     | ^^^^^^^^^
> 13 |     Input,
     | ^^^^^^^^^^
> 14 |     Modal,
     | ^^^^^^^^^^
> 15 |     ModalBody,
     | ^^^^^^^^^^^^^^
> 16 |     ModalHeader,
     | ^^^^^^^^^^^^^^^^
> 17 |     Page,
     | ^^^^^^^^^
> 18 |     Status,
     | ^^^^^^^^^^^
> 19 |     Tab,
     | ^^^^^^^^
> 20 |     Tabs,
     | ^^^^^^^^^
> 21 |     Title
     | ^^^^^^^^^
> 22 | } from '@/components/pages/LoginPage/LoginPage.styled';
     | ^^^^^^^^^^^^^^^^^^^^^^^^^^^^^^^^^^^^^^^^^^^^^^^^^^^^^^^
  23 |
  24 | type User = { username: string; email: string; password: string };
  25 |

The export Status was not found in module [project]/src/components/pages/LoginPage/LoginPage.styled.tsx [client] (ecmascript).
Did you mean to import Tabs?
All exports of the module are statically known (It doesn't have dynamic exports). So it's known statically that the requested export doesn't exist. @ http://localhost:3000/_next/static/chunks/node_modules_next_dist_0bc8q4g._.js:1952
[ 4970145ms] [ERROR] ./src/pages/login.tsx:6:1
Export Status doesn't exist in target module
   4 | import { serverSideTranslations } from 'next-i18next/serverSideTranslations';
   5 | import { useRouter } from 'next/router';
>  6 | import {
     | ^^^^^^^
>  7 |     Action,
     | ^^^^^^^^^^^
>  8 |     AuxiliaryAction,
     | ^^^^^^^^^^^^^^^^^^^^
>  9 |     CheckboxRow,
     | ^^^^^^^^^^^^^^^^
> 10 |     Close,
     | ^^^^^^^^^^
> 11 |     Error,
     | ^^^^^^^^^^
> 12 |     Form,
     | ^^^^^^^^^
> 13 |     Input,
     | ^^^^^^^^^^
> 14 |     Modal,
     | ^^^^^^^^^^
> 15 |     ModalBody,
     | ^^^^^^^^^^^^^^
> 16 |     ModalHeader,
     | ^^^^^^^^^^^^^^^^
> 17 |     Page,
     | ^^^^^^^^^
> 18 |     Status,
     | ^^^^^^^^^^^
> 19 |     Tab,
     | ^^^^^^^^
> 20 |     Tabs,
     | ^^^^^^^^^
> 21 |     Title
     | ^^^^^^^^^
> 22 | } from '@/components/pages/LoginPage/LoginPage.styled';
     | ^^^^^^^^^^^^^^^^^^^^^^^^^^^^^^^^^^^^^^^^^^^^^^^^^^^^^^^
  23 |
  24 | type User = { username: string; email: string; password: string };
  25 |

The export Status was not found in module [project]/src/components/pages/LoginPage/LoginPage.styled.tsx [ssr] (ecmascript).
Did you mean to import Tabs?
All exports of the module are statically known (It doesn't have dynamic exports). So it's known statically that the requested export doesn't exist. @ http://localhost:3000/_next/static/chunks/node_modules_next_dist_0bc8q4g._.js:1952
[ 4970176ms] [LOG] [Fast Refresh] rebuilding @ http://localhost:3000/_next/static/chunks/node_modules_next_dist_0bc8q4g._.js:1233
[ 4970502ms] [ERROR] ./src/pages/login.tsx:6:1
Export Action doesn't exist in target module
   4 | import { serverSideTranslations } from 'next-i18next/serverSideTranslations';
   5 | import { useRouter } from 'next/router';
>  6 | import {
     | ^^^^^^^
>  7 |     Action,
     | ^^^^^^^^^^^
>  8 |     AuxiliaryAction,
     | ^^^^^^^^^^^^^^^^^^^^
>  9 |     CheckboxRow,
     | ^^^^^^^^^^^^^^^^
> 10 |     Close,
     | ^^^^^^^^^^
> 11 |     Error,
     | ^^^^^^^^^^
> 12 |     Form,
     | ^^^^^^^^^
> 13 |     Input,
     | ^^^^^^^^^^
> 14 |     Modal,
     | ^^^^^^^^^^
> 15 |     ModalBody,
     | ^^^^^^^^^^^^^^
> 16 |     ModalHeader,
     | ^^^^^^^^^^^^^^^^
> 17 |     Page,
     | ^^^^^^^^^
> 18 |     Status,
     | ^^^^^^^^^^^
> 19 |     Tab,
     | ^^^^^^^^
> 20 |     Tabs,
     | ^^^^^^^^^
> 21 |     Title
     | ^^^^^^^^^
> 22 | } from '@/components/pages/LoginPage/LoginPage.styled';
     | ^^^^^^^^^^^^^^^^^^^^^^^^^^^^^^^^^^^^^^^^^^^^^^^^^^^^^^^
  23 |
  24 | type User = { username: string; email: string; password: string };
  25 |

The export Action was not found in module [project]/src/components/pages/LoginPage/LoginPage.styled.tsx [client] (ecmascript).
Did you mean to import CheckboxRow?
All exports of the module are statically known (It doesn't have dynamic exports). So it's known statically that the requested export doesn't exist. @ http://localhost:3000/_next/static/chunks/node_modules_next_dist_0bc8q4g._.js:1952
[ 4970504ms] [ERROR] ./src/pages/login.tsx:6:1
Export Action doesn't exist in target module
   4 | import { serverSideTranslations } from 'next-i18next/serverSideTranslations';
   5 | import { useRouter } from 'next/router';
>  6 | import {
     | ^^^^^^^
>  7 |     Action,
     | ^^^^^^^^^^^
>  8 |     AuxiliaryAction,
     | ^^^^^^^^^^^^^^^^^^^^
>  9 |     CheckboxRow,
     | ^^^^^^^^^^^^^^^^
> 10 |     Close,
     | ^^^^^^^^^^
> 11 |     Error,
     | ^^^^^^^^^^
> 12 |     Form,
     | ^^^^^^^^^
> 13 |     Input,
     | ^^^^^^^^^^
> 14 |     Modal,
     | ^^^^^^^^^^
> 15 |     ModalBody,
     | ^^^^^^^^^^^^^^
> 16 |     ModalHeader,
     | ^^^^^^^^^^^^^^^^
> 17 |     Page,
     | ^^^^^^^^^
> 18 |     Status,
     | ^^^^^^^^^^^
> 19 |     Tab,
     | ^^^^^^^^
> 20 |     Tabs,
     | ^^^^^^^^^
> 21 |     Title
     | ^^^^^^^^^
> 22 | } from '@/components/pages/LoginPage/LoginPage.styled';
     | ^^^^^^^^^^^^^^^^^^^^^^^^^^^^^^^^^^^^^^^^^^^^^^^^^^^^^^^
  23 |
  24 | type User = { username: string; email: string; password: string };
  25 |

The export Action was not found in module [project]/src/components/pages/LoginPage/LoginPage.styled.tsx [ssr] (ecmascript).
Did you mean to import CheckboxRow?
All exports of the module are statically known (It doesn't have dynamic exports). So it's known statically that the requested export doesn't exist. @ http://localhost:3000/_next/static/chunks/node_modules_next_dist_0bc8q4g._.js:1952
[ 4970507ms] [ERROR] ./src/pages/login.tsx:6:1
Export AuxiliaryAction doesn't exist in target module
   4 | import { serverSideTranslations } from 'next-i18next/serverSideTranslations';
   5 | import { useRouter } from 'next/router';
>  6 | import {
     | ^^^^^^^
>  7 |     Action,
     | ^^^^^^^^^^^
>  8 |     AuxiliaryAction,
     | ^^^^^^^^^^^^^^^^^^^^
>  9 |     CheckboxRow,
     | ^^^^^^^^^^^^^^^^
> 10 |     Close,
     | ^^^^^^^^^^
> 11 |     Error,
     | ^^^^^^^^^^
> 12 |     Form,
     | ^^^^^^^^^
> 13 |     Input,
     | ^^^^^^^^^^
> 14 |     Modal,
     | ^^^^^^^^^^
> 15 |     ModalBody,
     | ^^^^^^^^^^^^^^
> 16 |     ModalHeader,
     | ^^^^^^^^^^^^^^^^
> 17 |     Page,
     | ^^^^^^^^^
> 18 |     Status,
     | ^^^^^^^^^^^
> 19 |     Tab,
     | ^^^^^^^^
> 20 |     Tabs,
     | ^^^^^^^^^
> 21 |     Title
     | ^^^^^^^^^
> 22 | } from '@/components/pages/LoginPage/LoginPage.styled';
     | ^^^^^^^^^^^^^^^^^^^^^^^^^^^^^^^^^^^^^^^^^^^^^^^^^^^^^^^
  23 |
  24 | type User = { username: string; email: string; password: string };
  25 |

The export AuxiliaryAction was not found in module [project]/src/components/pages/LoginPage/LoginPage.styled.tsx [client] (ecmascript).
Did you mean to import Title?
All exports of the module are statically known (It doesn't have dynamic exports). So it's known statically that the requested export doesn't exist. @ http://localhost:3000/_next/static/chunks/node_modules_next_dist_0bc8q4g._.js:1952
[ 4970508ms] [ERROR] ./src/pages/login.tsx:6:1
Export AuxiliaryAction doesn't exist in target module
   4 | import { serverSideTranslations } from 'next-i18next/serverSideTranslations';
   5 | import { useRouter } from 'next/router';
>  6 | import {
     | ^^^^^^^
>  7 |     Action,
     | ^^^^^^^^^^^
>  8 |     AuxiliaryAction,
     | ^^^^^^^^^^^^^^^^^^^^
>  9 |     CheckboxRow,
     | ^^^^^^^^^^^^^^^^
> 10 |     Close,
     | ^^^^^^^^^^
> 11 |     Error,
     | ^^^^^^^^^^
> 12 |     Form,
     | ^^^^^^^^^
> 13 |     Input,
     | ^^^^^^^^^^
> 14 |     Modal,
     | ^^^^^^^^^^
> 15 |     ModalBody,
     | ^^^^^^^^^^^^^^
> 16 |     ModalHeader,
     | ^^^^^^^^^^^^^^^^
> 17 |     Page,
     | ^^^^^^^^^
> 18 |     Status,
     | ^^^^^^^^^^^
> 19 |     Tab,
     | ^^^^^^^^
> 20 |     Tabs,
     | ^^^^^^^^^
> 21 |     Title
     | ^^^^^^^^^
> 22 | } from '@/components/pages/LoginPage/LoginPage.styled';
     | ^^^^^^^^^^^^^^^^^^^^^^^^^^^^^^^^^^^^^^^^^^^^^^^^^^^^^^^
  23 |
  24 | type User = { username: string; email: string; password: string };
  25 |

The export AuxiliaryAction was not found in module [project]/src/components/pages/LoginPage/LoginPage.styled.tsx [ssr] (ecmascript).
Did you mean to import Title?
All exports of the module are statically known (It doesn't have dynamic exports). So it's known statically that the requested export doesn't exist. @ http://localhost:3000/_next/static/chunks/node_modules_next_dist_0bc8q4g._.js:1952
[ 4970509ms] [ERROR] ./src/pages/login.tsx:6:1
Export Error doesn't exist in target module
   4 | import { serverSideTranslations } from 'next-i18next/serverSideTranslations';
   5 | import { useRouter } from 'next/router';
>  6 | import {
     | ^^^^^^^
>  7 |     Action,
     | ^^^^^^^^^^^
>  8 |     AuxiliaryAction,
     | ^^^^^^^^^^^^^^^^^^^^
>  9 |     CheckboxRow,
     | ^^^^^^^^^^^^^^^^
> 10 |     Close,
     | ^^^^^^^^^^
> 11 |     Error,
     | ^^^^^^^^^^
> 12 |     Form,
     | ^^^^^^^^^
> 13 |     Input,
     | ^^^^^^^^^^
> 14 |     Modal,
     | ^^^^^^^^^^
> 15 |     ModalBody,
     | ^^^^^^^^^^^^^^
> 16 |     ModalHeader,
     | ^^^^^^^^^^^^^^^^
> 17 |     Page,
     | ^^^^^^^^^
> 18 |     Status,
     | ^^^^^^^^^^^
> 19 |     Tab,
     | ^^^^^^^^
> 20 |     Tabs,
     | ^^^^^^^^^
> 21 |     Title
     | ^^^^^^^^^
> 22 | } from '@/components/pages/LoginPage/LoginPage.styled';
     | ^^^^^^^^^^^^^^^^^^^^^^^^^^^^^^^^^^^^^^^^^^^^^^^^^^^^^^^
  23 |
  24 | type User = { username: string; email: string; password: string };
  25 |

The export Error was not found in module [project]/src/components/pages/LoginPage/LoginPage.styled.tsx [client] (ecmascript).
Did you mean to import Form?
All exports of the module are statically known (It doesn't have dynamic exports). So it's known statically that the requested export doesn't exist. @ http://localhost:3000/_next/static/chunks/node_modules_next_dist_0bc8q4g._.js:1952
[ 4970509ms] [ERROR] ./src/pages/login.tsx:6:1
Export Error doesn't exist in target module
   4 | import { serverSideTranslations } from 'next-i18next/serverSideTranslations';
   5 | import { useRouter } from 'next/router';
>  6 | import {
     | ^^^^^^^
>  7 |     Action,
     | ^^^^^^^^^^^
>  8 |     AuxiliaryAction,
     | ^^^^^^^^^^^^^^^^^^^^
>  9 |     CheckboxRow,
     | ^^^^^^^^^^^^^^^^
> 10 |     Close,
     | ^^^^^^^^^^
> 11 |     Error,
     | ^^^^^^^^^^
> 12 |     Form,
     | ^^^^^^^^^
> 13 |     Input,
     | ^^^^^^^^^^
> 14 |     Modal,
     | ^^^^^^^^^^
> 15 |     ModalBody,
     | ^^^^^^^^^^^^^^
> 16 |     ModalHeader,
     | ^^^^^^^^^^^^^^^^
> 17 |     Page,
     | ^^^^^^^^^
> 18 |     Status,
     | ^^^^^^^^^^^
> 19 |     Tab,
     | ^^^^^^^^
> 20 |     Tabs,
     | ^^^^^^^^^
> 21 |     Title
     | ^^^^^^^^^
> 22 | } from '@/components/pages/LoginPage/LoginPage.styled';
     | ^^^^^^^^^^^^^^^^^^^^^^^^^^^^^^^^^^^^^^^^^^^^^^^^^^^^^^^
  23 |
  24 | type User = { username: string; email: string; password: string };
  25 |

The export Error was not found in module [project]/src/components/pages/LoginPage/LoginPage.styled.tsx [ssr] (ecmascript).
Did you mean to import Form?
All exports of the module are statically known (It doesn't have dynamic exports). So it's known statically that the requested export doesn't exist. @ http://localhost:3000/_next/static/chunks/node_modules_next_dist_0bc8q4g._.js:1952
[ 4970509ms] [ERROR] ./src/pages/login.tsx:6:1
Export Status doesn't exist in target module
   4 | import { serverSideTranslations } from 'next-i18next/serverSideTranslations';
   5 | import { useRouter } from 'next/router';
>  6 | import {
     | ^^^^^^^
>  7 |     Action,
     | ^^^^^^^^^^^
>  8 |     AuxiliaryAction,
     | ^^^^^^^^^^^^^^^^^^^^
>  9 |     CheckboxRow,
     | ^^^^^^^^^^^^^^^^
> 10 |     Close,
     | ^^^^^^^^^^
> 11 |     Error,
     | ^^^^^^^^^^
> 12 |     Form,
     | ^^^^^^^^^
> 13 |     Input,
     | ^^^^^^^^^^
> 14 |     Modal,
     | ^^^^^^^^^^
> 15 |     ModalBody,
     | ^^^^^^^^^^^^^^
> 16 |     ModalHeader,
     | ^^^^^^^^^^^^^^^^
> 17 |     Page,
     | ^^^^^^^^^
> 18 |     Status,
     | ^^^^^^^^^^^
> 19 |     Tab,
     | ^^^^^^^^
> 20 |     Tabs,
     | ^^^^^^^^^
> 21 |     Title
     | ^^^^^^^^^
> 22 | } from '@/components/pages/LoginPage/LoginPage.styled';
     | ^^^^^^^^^^^^^^^^^^^^^^^^^^^^^^^^^^^^^^^^^^^^^^^^^^^^^^^
  23 |
  24 | type User = { username: string; email: string; password: string };
  25 |

The export Status was not found in module [project]/src/components/pages/LoginPage/LoginPage.styled.tsx [client] (ecmascript).
Did you mean to import Tabs?
All exports of the module are statically known (It doesn't have dynamic exports). So it's known statically that the requested export doesn't exist. @ http://localhost:3000/_next/static/chunks/node_modules_next_dist_0bc8q4g._.js:1952
[ 4970510ms] [ERROR] ./src/pages/login.tsx:6:1
Export Status doesn't exist in target module
   4 | import { serverSideTranslations } from 'next-i18next/serverSideTranslations';
   5 | import { useRouter } from 'next/router';
>  6 | import {
     | ^^^^^^^
>  7 |     Action,
     | ^^^^^^^^^^^
>  8 |     AuxiliaryAction,
     | ^^^^^^^^^^^^^^^^^^^^
>  9 |     CheckboxRow,
     | ^^^^^^^^^^^^^^^^
> 10 |     Close,
     | ^^^^^^^^^^
> 11 |     Error,
     | ^^^^^^^^^^
> 12 |     Form,
     | ^^^^^^^^^
> 13 |     Input,
     | ^^^^^^^^^^
> 14 |     Modal,
     | ^^^^^^^^^^
> 15 |     ModalBody,
     | ^^^^^^^^^^^^^^
> 16 |     ModalHeader,
     | ^^^^^^^^^^^^^^^^
> 17 |     Page,
     | ^^^^^^^^^
> 18 |     Status,
     | ^^^^^^^^^^^
> 19 |     Tab,
     | ^^^^^^^^
> 20 |     Tabs,
     | ^^^^^^^^^
> 21 |     Title
     | ^^^^^^^^^
> 22 | } from '@/components/pages/LoginPage/LoginPage.styled';
     | ^^^^^^^^^^^^^^^^^^^^^^^^^^^^^^^^^^^^^^^^^^^^^^^^^^^^^^^
  23 |
  24 | type User = { username: string; email: string; password: string };
  25 |

The export Status was not found in module [project]/src/components/pages/LoginPage/LoginPage.styled.tsx [ssr] (ecmascript).
Did you mean to import Tabs?
All exports of the module are statically known (It doesn't have dynamic exports). So it's known statically that the requested export doesn't exist. @ http://localhost:3000/_next/static/chunks/node_modules_next_dist_0bc8q4g._.js:1952
[ 4970565ms] [LOG] [Fast Refresh] rebuilding @ http://localhost:3000/_next/static/chunks/node_modules_next_dist_0bc8q4g._.js:1233
[ 4973960ms] [ERROR] ./src/pages/login.tsx:6:1
Export Action doesn't exist in target module
   4 | import { serverSideTranslations } from 'next-i18next/serverSideTranslations';
   5 | import { useRouter } from 'next/router';
>  6 | import {
     | ^^^^^^^
>  7 |     Action,
     | ^^^^^^^^^^^
>  8 |     AuxiliaryAction,
     | ^^^^^^^^^^^^^^^^^^^^
>  9 |     CheckboxRow,
     | ^^^^^^^^^^^^^^^^
> 10 |     Close,
     | ^^^^^^^^^^
> 11 |     Error,
     | ^^^^^^^^^^
> 12 |     Form,
     | ^^^^^^^^^
> 13 |     Input,
     | ^^^^^^^^^^
> 14 |     Modal,
     | ^^^^^^^^^^
> 15 |     ModalBody,
     | ^^^^^^^^^^^^^^
> 16 |     ModalHeader,
     | ^^^^^^^^^^^^^^^^
> 17 |     Page,
     | ^^^^^^^^^
> 18 |     Status,
     | ^^^^^^^^^^^
> 19 |     Tab,
     | ^^^^^^^^
> 20 |     Tabs,
     | ^^^^^^^^^
> 21 |     Title
     | ^^^^^^^^^
> 22 | } from '@/components/pages/LoginPage/LoginPage.styled';
     | ^^^^^^^^^^^^^^^^^^^^^^^^^^^^^^^^^^^^^^^^^^^^^^^^^^^^^^^
  23 |
  24 | type User = { username: string; email: string; password: string };
  25 |

The export Action was not found in module [project]/src/components/pages/LoginPage/LoginPage.styled.tsx [client] (ecmascript).
Did you mean to import CheckboxRow?
All exports of the module are statically known (It doesn't have dynamic exports). So it's known statically that the requested export doesn't exist. @ http://localhost:3000/_next/static/chunks/node_modules_next_dist_0bc8q4g._.js:1952
[ 4973960ms] [ERROR] ./src/pages/login.tsx:6:1
Export Action doesn't exist in target module
   4 | import { serverSideTranslations } from 'next-i18next/serverSideTranslations';
   5 | import { useRouter } from 'next/router';
>  6 | import {
     | ^^^^^^^
>  7 |     Action,
     | ^^^^^^^^^^^
>  8 |     AuxiliaryAction,
     | ^^^^^^^^^^^^^^^^^^^^
>  9 |     CheckboxRow,
     | ^^^^^^^^^^^^^^^^
> 10 |     Close,
     | ^^^^^^^^^^
> 11 |     Error,
     | ^^^^^^^^^^
> 12 |     Form,
     | ^^^^^^^^^
> 13 |     Input,
     | ^^^^^^^^^^
> 14 |     Modal,
     | ^^^^^^^^^^
> 15 |     ModalBody,
     | ^^^^^^^^^^^^^^
> 16 |     ModalHeader,
     | ^^^^^^^^^^^^^^^^
> 17 |     Page,
     | ^^^^^^^^^
> 18 |     Status,
     | ^^^^^^^^^^^
> 19 |     Tab,
     | ^^^^^^^^
> 20 |     Tabs,
     | ^^^^^^^^^
> 21 |     Title
     | ^^^^^^^^^
> 22 | } from '@/components/pages/LoginPage/LoginPage.styled';
     | ^^^^^^^^^^^^^^^^^^^^^^^^^^^^^^^^^^^^^^^^^^^^^^^^^^^^^^^
  23 |
  24 | type User = { username: string; email: string; password: string };
  25 |

The export Action was not found in module [project]/src/components/pages/LoginPage/LoginPage.styled.tsx [ssr] (ecmascript).
Did you mean to import CheckboxRow?
All exports of the module are statically known (It doesn't have dynamic exports). So it's known statically that the requested export doesn't exist. @ http://localhost:3000/_next/static/chunks/node_modules_next_dist_0bc8q4g._.js:1952
[ 4973960ms] [ERROR] ./src/pages/login.tsx:6:1
Export AuxiliaryAction doesn't exist in target module
   4 | import { serverSideTranslations } from 'next-i18next/serverSideTranslations';
   5 | import { useRouter } from 'next/router';
>  6 | import {
     | ^^^^^^^
>  7 |     Action,
     | ^^^^^^^^^^^
>  8 |     AuxiliaryAction,
     | ^^^^^^^^^^^^^^^^^^^^
>  9 |     CheckboxRow,
     | ^^^^^^^^^^^^^^^^
> 10 |     Close,
     | ^^^^^^^^^^
> 11 |     Error,
     | ^^^^^^^^^^
> 12 |     Form,
     | ^^^^^^^^^
> 13 |     Input,
     | ^^^^^^^^^^
> 14 |     Modal,
     | ^^^^^^^^^^
> 15 |     ModalBody,
     | ^^^^^^^^^^^^^^
> 16 |     ModalHeader,
     | ^^^^^^^^^^^^^^^^
> 17 |     Page,
     | ^^^^^^^^^
> 18 |     Status,
     | ^^^^^^^^^^^
> 19 |     Tab,
     | ^^^^^^^^
> 20 |     Tabs,
     | ^^^^^^^^^
> 21 |     Title
     | ^^^^^^^^^
> 22 | } from '@/components/pages/LoginPage/LoginPage.styled';
     | ^^^^^^^^^^^^^^^^^^^^^^^^^^^^^^^^^^^^^^^^^^^^^^^^^^^^^^^
  23 |
  24 | type User = { username: string; email: string; password: string };
  25 |

The export AuxiliaryAction was not found in module [project]/src/components/pages/LoginPage/LoginPage.styled.tsx [client] (ecmascript).
Did you mean to import Title?
All exports of the module are statically known (It doesn't have dynamic exports). So it's known statically that the requested export doesn't exist. @ http://localhost:3000/_next/static/chunks/node_modules_next_dist_0bc8q4g._.js:1952
[ 4973961ms] [ERROR] ./src/pages/login.tsx:6:1
Export AuxiliaryAction doesn't exist in target module
   4 | import { serverSideTranslations } from 'next-i18next/serverSideTranslations';
   5 | import { useRouter } from 'next/router';
>  6 | import {
     | ^^^^^^^
>  7 |     Action,
     | ^^^^^^^^^^^
>  8 |     AuxiliaryAction,
     | ^^^^^^^^^^^^^^^^^^^^
>  9 |     CheckboxRow,
     | ^^^^^^^^^^^^^^^^
> 10 |     Close,
     | ^^^^^^^^^^
> 11 |     Error,
     | ^^^^^^^^^^
> 12 |     Form,
     | ^^^^^^^^^
> 13 |     Input,
     | ^^^^^^^^^^
> 14 |     Modal,
     | ^^^^^^^^^^
> 15 |     ModalBody,
     | ^^^^^^^^^^^^^^
> 16 |     ModalHeader,
     | ^^^^^^^^^^^^^^^^
> 17 |     Page,
     | ^^^^^^^^^
> 18 |     Status,
     | ^^^^^^^^^^^
> 19 |     Tab,
     | ^^^^^^^^
> 20 |     Tabs,
     | ^^^^^^^^^
> 21 |     Title
     | ^^^^^^^^^
> 22 | } from '@/components/pages/LoginPage/LoginPage.styled';
     | ^^^^^^^^^^^^^^^^^^^^^^^^^^^^^^^^^^^^^^^^^^^^^^^^^^^^^^^
  23 |
  24 | type User = { username: string; email: string; password: string };
  25 |

The export AuxiliaryAction was not found in module [project]/src/components/pages/LoginPage/LoginPage.styled.tsx [ssr] (ecmascript).
Did you mean to import Title?
All exports of the module are statically known (It doesn't have dynamic exports). So it's known statically that the requested export doesn't exist. @ http://localhost:3000/_next/static/chunks/node_modules_next_dist_0bc8q4g._.js:1952
[ 4973961ms] [ERROR] ./src/pages/login.tsx:6:1
Export Error doesn't exist in target module
   4 | import { serverSideTranslations } from 'next-i18next/serverSideTranslations';
   5 | import { useRouter } from 'next/router';
>  6 | import {
     | ^^^^^^^
>  7 |     Action,
     | ^^^^^^^^^^^
>  8 |     AuxiliaryAction,
     | ^^^^^^^^^^^^^^^^^^^^
>  9 |     CheckboxRow,
     | ^^^^^^^^^^^^^^^^
> 10 |     Close,
     | ^^^^^^^^^^
> 11 |     Error,
     | ^^^^^^^^^^
> 12 |     Form,
     | ^^^^^^^^^
> 13 |     Input,
     | ^^^^^^^^^^
> 14 |     Modal,
     | ^^^^^^^^^^
> 15 |     ModalBody,
     | ^^^^^^^^^^^^^^
> 16 |     ModalHeader,
     | ^^^^^^^^^^^^^^^^
> 17 |     Page,
     | ^^^^^^^^^
> 18 |     Status,
     | ^^^^^^^^^^^
> 19 |     Tab,
     | ^^^^^^^^
> 20 |     Tabs,
     | ^^^^^^^^^
> 21 |     Title
     | ^^^^^^^^^
> 22 | } from '@/components/pages/LoginPage/LoginPage.styled';
     | ^^^^^^^^^^^^^^^^^^^^^^^^^^^^^^^^^^^^^^^^^^^^^^^^^^^^^^^
  23 |
  24 | type User = { username: string; email: string; password: string };
  25 |

The export Error was not found in module [project]/src/components/pages/LoginPage/LoginPage.styled.tsx [client] (ecmascript).
Did you mean to import Form?
All exports of the module are statically known (It doesn't have dynamic exports). So it's known statically that the requested export doesn't exist. @ http://localhost:3000/_next/static/chunks/node_modules_next_dist_0bc8q4g._.js:1952
[ 4973962ms] [ERROR] ./src/pages/login.tsx:6:1
Export Error doesn't exist in target module
   4 | import { serverSideTranslations } from 'next-i18next/serverSideTranslations';
   5 | import { useRouter } from 'next/router';
>  6 | import {
     | ^^^^^^^
>  7 |     Action,
     | ^^^^^^^^^^^
>  8 |     AuxiliaryAction,
     | ^^^^^^^^^^^^^^^^^^^^
>  9 |     CheckboxRow,
     | ^^^^^^^^^^^^^^^^
> 10 |     Close,
     | ^^^^^^^^^^
> 11 |     Error,
     | ^^^^^^^^^^
> 12 |     Form,
     | ^^^^^^^^^
> 13 |     Input,
     | ^^^^^^^^^^
> 14 |     Modal,
     | ^^^^^^^^^^
> 15 |     ModalBody,
     | ^^^^^^^^^^^^^^
> 16 |     ModalHeader,
     | ^^^^^^^^^^^^^^^^
> 17 |     Page,
     | ^^^^^^^^^
> 18 |     Status,
     | ^^^^^^^^^^^
> 19 |     Tab,
     | ^^^^^^^^
> 20 |     Tabs,
     | ^^^^^^^^^
> 21 |     Title
     | ^^^^^^^^^
> 22 | } from '@/components/pages/LoginPage/LoginPage.styled';
     | ^^^^^^^^^^^^^^^^^^^^^^^^^^^^^^^^^^^^^^^^^^^^^^^^^^^^^^^
  23 |
  24 | type User = { username: string; email: string; password: string };
  25 |

The export Error was not found in module [project]/src/components/pages/LoginPage/LoginPage.styled.tsx [ssr] (ecmascript).
Did you mean to import Form?
All exports of the module are statically known (It doesn't have dynamic exports). So it's known statically that the requested export doesn't exist. @ http://localhost:3000/_next/static/chunks/node_modules_next_dist_0bc8q4g._.js:1952
[ 4973962ms] [ERROR] ./src/pages/login.tsx:6:1
Export Status doesn't exist in target module
   4 | import { serverSideTranslations } from 'next-i18next/serverSideTranslations';
   5 | import { useRouter } from 'next/router';
>  6 | import {
     | ^^^^^^^
>  7 |     Action,
     | ^^^^^^^^^^^
>  8 |     AuxiliaryAction,
     | ^^^^^^^^^^^^^^^^^^^^
>  9 |     CheckboxRow,
     | ^^^^^^^^^^^^^^^^
> 10 |     Close,
     | ^^^^^^^^^^
> 11 |     Error,
     | ^^^^^^^^^^
> 12 |     Form,
     | ^^^^^^^^^
> 13 |     Input,
     | ^^^^^^^^^^
> 14 |     Modal,
     | ^^^^^^^^^^
> 15 |     ModalBody,
     | ^^^^^^^^^^^^^^
> 16 |     ModalHeader,
     | ^^^^^^^^^^^^^^^^
> 17 |     Page,
     | ^^^^^^^^^
> 18 |     Status,
     | ^^^^^^^^^^^
> 19 |     Tab,
     | ^^^^^^^^
> 20 |     Tabs,
     | ^^^^^^^^^
> 21 |     Title
     | ^^^^^^^^^
> 22 | } from '@/components/pages/LoginPage/LoginPage.styled';
     | ^^^^^^^^^^^^^^^^^^^^^^^^^^^^^^^^^^^^^^^^^^^^^^^^^^^^^^^
  23 |
  24 | type User = { username: string; email: string; password: string };
  25 |

The export Status was not found in module [project]/src/components/pages/LoginPage/LoginPage.styled.tsx [client] (ecmascript).
Did you mean to import Tabs?
All exports of the module are statically known (It doesn't have dynamic exports). So it's known statically that the requested export doesn't exist. @ http://localhost:3000/_next/static/chunks/node_modules_next_dist_0bc8q4g._.js:1952
[ 4973963ms] [ERROR] ./src/pages/login.tsx:6:1
Export Status doesn't exist in target module
   4 | import { serverSideTranslations } from 'next-i18next/serverSideTranslations';
   5 | import { useRouter } from 'next/router';
>  6 | import {
     | ^^^^^^^
>  7 |     Action,
     | ^^^^^^^^^^^
>  8 |     AuxiliaryAction,
     | ^^^^^^^^^^^^^^^^^^^^
>  9 |     CheckboxRow,
     | ^^^^^^^^^^^^^^^^
> 10 |     Close,
     | ^^^^^^^^^^
> 11 |     Error,
     | ^^^^^^^^^^
> 12 |     Form,
     | ^^^^^^^^^
> 13 |     Input,
     | ^^^^^^^^^^
> 14 |     Modal,
     | ^^^^^^^^^^
> 15 |     ModalBody,
     | ^^^^^^^^^^^^^^
> 16 |     ModalHeader,
     | ^^^^^^^^^^^^^^^^
> 17 |     Page,
     | ^^^^^^^^^
> 18 |     Status,
     | ^^^^^^^^^^^
> 19 |     Tab,
     | ^^^^^^^^
> 20 |     Tabs,
     | ^^^^^^^^^
> 21 |     Title
     | ^^^^^^^^^
> 22 | } from '@/components/pages/LoginPage/LoginPage.styled';
     | ^^^^^^^^^^^^^^^^^^^^^^^^^^^^^^^^^^^^^^^^^^^^^^^^^^^^^^^
  23 |
  24 | type User = { username: string; email: string; password: string };
  25 |

The export Status was not found in module [project]/src/components/pages/LoginPage/LoginPage.styled.tsx [ssr] (ecmascript).
Did you mean to import Tabs?
All exports of the module are statically known (It doesn't have dynamic exports). So it's known statically that the requested export doesn't exist. @ http://localhost:3000/_next/static/chunks/node_modules_next_dist_0bc8q4g._.js:1952
[ 4974009ms] [LOG] [Fast Refresh] rebuilding @ http://localhost:3000/_next/static/chunks/node_modules_next_dist_0bc8q4g._.js:1233
[ 4984981ms] [ERROR] ./src/pages/login.tsx:6:1
Export Action doesn't exist in target module
   4 | import { serverSideTranslations } from 'next-i18next/serverSideTranslations';
   5 | import { useRouter } from 'next/router';
>  6 | import {
     | ^^^^^^^
>  7 |     Action,
     | ^^^^^^^^^^^
>  8 |     AuxiliaryAction,
     | ^^^^^^^^^^^^^^^^^^^^
>  9 |     CheckboxRow,
     | ^^^^^^^^^^^^^^^^
> 10 |     Close,
     | ^^^^^^^^^^
> 11 |     Error,
     | ^^^^^^^^^^
> 12 |     Form,
     | ^^^^^^^^^
> 13 |     Input,
     | ^^^^^^^^^^
> 14 |     Modal,
     | ^^^^^^^^^^
> 15 |     ModalBody,
     | ^^^^^^^^^^^^^^
> 16 |     ModalHeader,
     | ^^^^^^^^^^^^^^^^
> 17 |     Page,
     | ^^^^^^^^^
> 18 |     Status,
     | ^^^^^^^^^^^
> 19 |     Tab,
     | ^^^^^^^^
> 20 |     Tabs,
     | ^^^^^^^^^
> 21 |     Title
     | ^^^^^^^^^
> 22 | } from '@/components/pages/LoginPage/LoginPage.styled';
     | ^^^^^^^^^^^^^^^^^^^^^^^^^^^^^^^^^^^^^^^^^^^^^^^^^^^^^^^
  23 |
  24 | type User = { username: string; email: string; password: string };
  25 |

The export Action was not found in module [project]/src/components/pages/LoginPage/LoginPage.styled.tsx [client] (ecmascript).
Did you mean to import CheckboxRow?
All exports of the module are statically known (It doesn't have dynamic exports). So it's known statically that the requested export doesn't exist. @ http://localhost:3000/_next/static/chunks/node_modules_next_dist_0bc8q4g._.js:1952
[ 4984982ms] [ERROR] ./src/pages/login.tsx:6:1
Export Action doesn't exist in target module
   4 | import { serverSideTranslations } from 'next-i18next/serverSideTranslations';
   5 | import { useRouter } from 'next/router';
>  6 | import {
     | ^^^^^^^
>  7 |     Action,
     | ^^^^^^^^^^^
>  8 |     AuxiliaryAction,
     | ^^^^^^^^^^^^^^^^^^^^
>  9 |     CheckboxRow,
     | ^^^^^^^^^^^^^^^^
> 10 |     Close,
     | ^^^^^^^^^^
> 11 |     Error,
     | ^^^^^^^^^^
> 12 |     Form,
     | ^^^^^^^^^
> 13 |     Input,
     | ^^^^^^^^^^
> 14 |     Modal,
     | ^^^^^^^^^^
> 15 |     ModalBody,
     | ^^^^^^^^^^^^^^
> 16 |     ModalHeader,
     | ^^^^^^^^^^^^^^^^
> 17 |     Page,
     | ^^^^^^^^^
> 18 |     Status,
     | ^^^^^^^^^^^
> 19 |     Tab,
     | ^^^^^^^^
> 20 |     Tabs,
     | ^^^^^^^^^
> 21 |     Title
     | ^^^^^^^^^
> 22 | } from '@/components/pages/LoginPage/LoginPage.styled';
     | ^^^^^^^^^^^^^^^^^^^^^^^^^^^^^^^^^^^^^^^^^^^^^^^^^^^^^^^
  23 |
  24 | type User = { username: string; email: string; password: string };
  25 |

The export Action was not found in module [project]/src/components/pages/LoginPage/LoginPage.styled.tsx [ssr] (ecmascript).
Did you mean to import CheckboxRow?
All exports of the module are statically known (It doesn't have dynamic exports). So it's known statically that the requested export doesn't exist. @ http://localhost:3000/_next/static/chunks/node_modules_next_dist_0bc8q4g._.js:1952
[ 4984982ms] [ERROR] ./src/pages/login.tsx:6:1
Export AuxiliaryAction doesn't exist in target module
   4 | import { serverSideTranslations } from 'next-i18next/serverSideTranslations';
   5 | import { useRouter } from 'next/router';
>  6 | import {
     | ^^^^^^^
>  7 |     Action,
     | ^^^^^^^^^^^
>  8 |     AuxiliaryAction,
     | ^^^^^^^^^^^^^^^^^^^^
>  9 |     CheckboxRow,
     | ^^^^^^^^^^^^^^^^
> 10 |     Close,
     | ^^^^^^^^^^
> 11 |     Error,
     | ^^^^^^^^^^
> 12 |     Form,
     | ^^^^^^^^^
> 13 |     Input,
     | ^^^^^^^^^^
> 14 |     Modal,
     | ^^^^^^^^^^
> 15 |     ModalBody,
     | ^^^^^^^^^^^^^^
> 16 |     ModalHeader,
     | ^^^^^^^^^^^^^^^^
> 17 |     Page,
     | ^^^^^^^^^
> 18 |     Status,
     | ^^^^^^^^^^^
> 19 |     Tab,
     | ^^^^^^^^
> 20 |     Tabs,
     | ^^^^^^^^^
> 21 |     Title
     | ^^^^^^^^^
> 22 | } from '@/components/pages/LoginPage/LoginPage.styled';
     | ^^^^^^^^^^^^^^^^^^^^^^^^^^^^^^^^^^^^^^^^^^^^^^^^^^^^^^^
  23 |
  24 | type User = { username: string; email: string; password: string };
  25 |

The export AuxiliaryAction was not found in module [project]/src/components/pages/LoginPage/LoginPage.styled.tsx [client] (ecmascript).
Did you mean to import Title?
All exports of the module are statically known (It doesn't have dynamic exports). So it's known statically that the requested export doesn't exist. @ http://localhost:3000/_next/static/chunks/node_modules_next_dist_0bc8q4g._.js:1952
[ 4984983ms] [ERROR] ./src/pages/login.tsx:6:1
Export AuxiliaryAction doesn't exist in target module
   4 | import { serverSideTranslations } from 'next-i18next/serverSideTranslations';
   5 | import { useRouter } from 'next/router';
>  6 | import {
     | ^^^^^^^
>  7 |     Action,
     | ^^^^^^^^^^^
>  8 |     AuxiliaryAction,
     | ^^^^^^^^^^^^^^^^^^^^
>  9 |     CheckboxRow,
     | ^^^^^^^^^^^^^^^^
> 10 |     Close,
     | ^^^^^^^^^^
> 11 |     Error,
     | ^^^^^^^^^^
> 12 |     Form,
     | ^^^^^^^^^
> 13 |     Input,
     | ^^^^^^^^^^
> 14 |     Modal,
     | ^^^^^^^^^^
> 15 |     ModalBody,
     | ^^^^^^^^^^^^^^
> 16 |     ModalHeader,
     | ^^^^^^^^^^^^^^^^
> 17 |     Page,
     | ^^^^^^^^^
> 18 |     Status,
     | ^^^^^^^^^^^
> 19 |     Tab,
     | ^^^^^^^^
> 20 |     Tabs,
     | ^^^^^^^^^
> 21 |     Title
     | ^^^^^^^^^
> 22 | } from '@/components/pages/LoginPage/LoginPage.styled';
     | ^^^^^^^^^^^^^^^^^^^^^^^^^^^^^^^^^^^^^^^^^^^^^^^^^^^^^^^
  23 |
  24 | type User = { username: string; email: string; password: string };
  25 |

The export AuxiliaryAction was not found in module [project]/src/components/pages/LoginPage/LoginPage.styled.tsx [ssr] (ecmascript).
Did you mean to import Title?
All exports of the module are statically known (It doesn't have dynamic exports). So it's known statically that the requested export doesn't exist. @ http://localhost:3000/_next/static/chunks/node_modules_next_dist_0bc8q4g._.js:1952
[ 4984983ms] [ERROR] ./src/pages/login.tsx:6:1
Export Error doesn't exist in target module
   4 | import { serverSideTranslations } from 'next-i18next/serverSideTranslations';
   5 | import { useRouter } from 'next/router';
>  6 | import {
     | ^^^^^^^
>  7 |     Action,
     | ^^^^^^^^^^^
>  8 |     AuxiliaryAction,
     | ^^^^^^^^^^^^^^^^^^^^
>  9 |     CheckboxRow,
     | ^^^^^^^^^^^^^^^^
> 10 |     Close,
     | ^^^^^^^^^^
> 11 |     Error,
     | ^^^^^^^^^^
> 12 |     Form,
     | ^^^^^^^^^
> 13 |     Input,
     | ^^^^^^^^^^
> 14 |     Modal,
     | ^^^^^^^^^^
> 15 |     ModalBody,
     | ^^^^^^^^^^^^^^
> 16 |     ModalHeader,
     | ^^^^^^^^^^^^^^^^
> 17 |     Page,
     | ^^^^^^^^^
> 18 |     Status,
     | ^^^^^^^^^^^
> 19 |     Tab,
     | ^^^^^^^^
> 20 |     Tabs,
     | ^^^^^^^^^
> 21 |     Title
     | ^^^^^^^^^
> 22 | } from '@/components/pages/LoginPage/LoginPage.styled';
     | ^^^^^^^^^^^^^^^^^^^^^^^^^^^^^^^^^^^^^^^^^^^^^^^^^^^^^^^
  23 |
  24 | type User = { username: string; email: string; password: string };
  25 |

The export Error was not found in module [project]/src/components/pages/LoginPage/LoginPage.styled.tsx [client] (ecmascript).
Did you mean to import Form?
All exports of the module are statically known (It doesn't have dynamic exports). So it's known statically that the requested export doesn't exist. @ http://localhost:3000/_next/static/chunks/node_modules_next_dist_0bc8q4g._.js:1952
[ 4984983ms] [ERROR] ./src/pages/login.tsx:6:1
Export Error doesn't exist in target module
   4 | import { serverSideTranslations } from 'next-i18next/serverSideTranslations';
   5 | import { useRouter } from 'next/router';
>  6 | import {
     | ^^^^^^^
>  7 |     Action,
     | ^^^^^^^^^^^
>  8 |     AuxiliaryAction,
     | ^^^^^^^^^^^^^^^^^^^^
>  9 |     CheckboxRow,
     | ^^^^^^^^^^^^^^^^
> 10 |     Close,
     | ^^^^^^^^^^
> 11 |     Error,
     | ^^^^^^^^^^
> 12 |     Form,
     | ^^^^^^^^^
> 13 |     Input,
     | ^^^^^^^^^^
> 14 |     Modal,
     | ^^^^^^^^^^
> 15 |     ModalBody,
     | ^^^^^^^^^^^^^^
> 16 |     ModalHeader,
     | ^^^^^^^^^^^^^^^^
> 17 |     Page,
     | ^^^^^^^^^
> 18 |     Status,
     | ^^^^^^^^^^^
> 19 |     Tab,
     | ^^^^^^^^
> 20 |     Tabs,
     | ^^^^^^^^^
> 21 |     Title
     | ^^^^^^^^^
> 22 | } from '@/components/pages/LoginPage/LoginPage.styled';
     | ^^^^^^^^^^^^^^^^^^^^^^^^^^^^^^^^^^^^^^^^^^^^^^^^^^^^^^^
  23 |
  24 | type User = { username: string; email: string; password: string };
  25 |

The export Error was not found in module [project]/src/components/pages/LoginPage/LoginPage.styled.tsx [ssr] (ecmascript).
Did you mean to import Form?
All exports of the module are statically known (It doesn't have dynamic exports). So it's known statically that the requested export doesn't exist. @ http://localhost:3000/_next/static/chunks/node_modules_next_dist_0bc8q4g._.js:1952
[ 4984985ms] [ERROR] ./src/pages/login.tsx:6:1
Export Status doesn't exist in target module
   4 | import { serverSideTranslations } from 'next-i18next/serverSideTranslations';
   5 | import { useRouter } from 'next/router';
>  6 | import {
     | ^^^^^^^
>  7 |     Action,
     | ^^^^^^^^^^^
>  8 |     AuxiliaryAction,
     | ^^^^^^^^^^^^^^^^^^^^
>  9 |     CheckboxRow,
     | ^^^^^^^^^^^^^^^^
> 10 |     Close,
     | ^^^^^^^^^^
> 11 |     Error,
     | ^^^^^^^^^^
> 12 |     Form,
     | ^^^^^^^^^
> 13 |     Input,
     | ^^^^^^^^^^
> 14 |     Modal,
     | ^^^^^^^^^^
> 15 |     ModalBody,
     | ^^^^^^^^^^^^^^
> 16 |     ModalHeader,
     | ^^^^^^^^^^^^^^^^
> 17 |     Page,
     | ^^^^^^^^^
> 18 |     Status,
     | ^^^^^^^^^^^
> 19 |     Tab,
     | ^^^^^^^^
> 20 |     Tabs,
     | ^^^^^^^^^
> 21 |     Title
     | ^^^^^^^^^
> 22 | } from '@/components/pages/LoginPage/LoginPage.styled';
     | ^^^^^^^^^^^^^^^^^^^^^^^^^^^^^^^^^^^^^^^^^^^^^^^^^^^^^^^
  23 |
  24 | type User = { username: string; email: string; password: string };
  25 |

The export Status was not found in module [project]/src/components/pages/LoginPage/LoginPage.styled.tsx [client] (ecmascript).
Did you mean to import Tabs?
All exports of the module are statically known (It doesn't have dynamic exports). So it's known statically that the requested export doesn't exist. @ http://localhost:3000/_next/static/chunks/node_modules_next_dist_0bc8q4g._.js:1952
[ 4984986ms] [ERROR] ./src/pages/login.tsx:6:1
Export Status doesn't exist in target module
   4 | import { serverSideTranslations } from 'next-i18next/serverSideTranslations';
   5 | import { useRouter } from 'next/router';
>  6 | import {
     | ^^^^^^^
>  7 |     Action,
     | ^^^^^^^^^^^
>  8 |     AuxiliaryAction,
     | ^^^^^^^^^^^^^^^^^^^^
>  9 |     CheckboxRow,
     | ^^^^^^^^^^^^^^^^
> 10 |     Close,
     | ^^^^^^^^^^
> 11 |     Error,
     | ^^^^^^^^^^
> 12 |     Form,
     | ^^^^^^^^^
> 13 |     Input,
     | ^^^^^^^^^^
> 14 |     Modal,
     | ^^^^^^^^^^
> 15 |     ModalBody,
     | ^^^^^^^^^^^^^^
> 16 |     ModalHeader,
     | ^^^^^^^^^^^^^^^^
> 17 |     Page,
     | ^^^^^^^^^
> 18 |     Status,
     | ^^^^^^^^^^^
> 19 |     Tab,
     | ^^^^^^^^
> 20 |     Tabs,
     | ^^^^^^^^^
> 21 |     Title
     | ^^^^^^^^^
> 22 | } from '@/components/pages/LoginPage/LoginPage.styled';
     | ^^^^^^^^^^^^^^^^^^^^^^^^^^^^^^^^^^^^^^^^^^^^^^^^^^^^^^^
  23 |
  24 | type User = { username: string; email: string; password: string };
  25 |

The export Status was not found in module [project]/src/components/pages/LoginPage/LoginPage.styled.tsx [ssr] (ecmascript).
Did you mean to import Tabs?
All exports of the module are statically known (It doesn't have dynamic exports). So it's known statically that the requested export doesn't exist. @ http://localhost:3000/_next/static/chunks/node_modules_next_dist_0bc8q4g._.js:1952
[ 4985028ms] [LOG] [Fast Refresh] rebuilding @ http://localhost:3000/_next/static/chunks/node_modules_next_dist_0bc8q4g._.js:1233
[ 4992141ms] [ERROR] ./src/pages/login.tsx:6:1
Export Action doesn't exist in target module
   4 | import { serverSideTranslations } from 'next-i18next/serverSideTranslations';
   5 | import { useRouter } from 'next/router';
>  6 | import {
     | ^^^^^^^
>  7 |     Action,
     | ^^^^^^^^^^^
>  8 |     AuxiliaryAction,
     | ^^^^^^^^^^^^^^^^^^^^
>  9 |     CheckboxRow,
     | ^^^^^^^^^^^^^^^^
> 10 |     Close,
     | ^^^^^^^^^^
> 11 |     Error,
     | ^^^^^^^^^^
> 12 |     Form,
     | ^^^^^^^^^
> 13 |     Input,
     | ^^^^^^^^^^
> 14 |     Modal,
     | ^^^^^^^^^^
> 15 |     ModalBody,
     | ^^^^^^^^^^^^^^
> 16 |     ModalHeader,
     | ^^^^^^^^^^^^^^^^
> 17 |     Page,
     | ^^^^^^^^^
> 18 |     Status,
     | ^^^^^^^^^^^
> 19 |     Tab,
     | ^^^^^^^^
> 20 |     Tabs,
     | ^^^^^^^^^
> 21 |     Title
     | ^^^^^^^^^
> 22 | } from '@/components/pages/LoginPage/LoginPage.styled';
     | ^^^^^^^^^^^^^^^^^^^^^^^^^^^^^^^^^^^^^^^^^^^^^^^^^^^^^^^
  23 |
  24 | type User = { username: string; email: string; password: string };
  25 |

The export Action was not found in module [project]/src/components/pages/LoginPage/LoginPage.styled.tsx [client] (ecmascript).
Did you mean to import CheckboxRow?
All exports of the module are statically known (It doesn't have dynamic exports). So it's known statically that the requested export doesn't exist. @ http://localhost:3000/_next/static/chunks/node_modules_next_dist_0bc8q4g._.js:1952
[ 4992141ms] [ERROR] ./src/pages/login.tsx:6:1
Export Action doesn't exist in target module
   4 | import { serverSideTranslations } from 'next-i18next/serverSideTranslations';
   5 | import { useRouter } from 'next/router';
>  6 | import {
     | ^^^^^^^
>  7 |     Action,
     | ^^^^^^^^^^^
>  8 |     AuxiliaryAction,
     | ^^^^^^^^^^^^^^^^^^^^
>  9 |     CheckboxRow,
     | ^^^^^^^^^^^^^^^^
> 10 |     Close,
     | ^^^^^^^^^^
> 11 |     Error,
     | ^^^^^^^^^^
> 12 |     Form,
     | ^^^^^^^^^
> 13 |     Input,
     | ^^^^^^^^^^
> 14 |     Modal,
     | ^^^^^^^^^^
> 15 |     ModalBody,
     | ^^^^^^^^^^^^^^
> 16 |     ModalHeader,
     | ^^^^^^^^^^^^^^^^
> 17 |     Page,
     | ^^^^^^^^^
> 18 |     Status,
     | ^^^^^^^^^^^
> 19 |     Tab,
     | ^^^^^^^^
> 20 |     Tabs,
     | ^^^^^^^^^
> 21 |     Title
     | ^^^^^^^^^
> 22 | } from '@/components/pages/LoginPage/LoginPage.styled';
     | ^^^^^^^^^^^^^^^^^^^^^^^^^^^^^^^^^^^^^^^^^^^^^^^^^^^^^^^
  23 |
  24 | type User = { username: string; email: string; password: string };
  25 |

The export Action was not found in module [project]/src/components/pages/LoginPage/LoginPage.styled.tsx [ssr] (ecmascript).
Did you mean to import CheckboxRow?
All exports of the module are statically known (It doesn't have dynamic exports). So it's known statically that the requested export doesn't exist. @ http://localhost:3000/_next/static/chunks/node_modules_next_dist_0bc8q4g._.js:1952
[ 4992141ms] [ERROR] ./src/pages/login.tsx:6:1
Export AuxiliaryAction doesn't exist in target module
   4 | import { serverSideTranslations } from 'next-i18next/serverSideTranslations';
   5 | import { useRouter } from 'next/router';
>  6 | import {
     | ^^^^^^^
>  7 |     Action,
     | ^^^^^^^^^^^
>  8 |     AuxiliaryAction,
     | ^^^^^^^^^^^^^^^^^^^^
>  9 |     CheckboxRow,
     | ^^^^^^^^^^^^^^^^
> 10 |     Close,
     | ^^^^^^^^^^
> 11 |     Error,
     | ^^^^^^^^^^
> 12 |     Form,
     | ^^^^^^^^^
> 13 |     Input,
     | ^^^^^^^^^^
> 14 |     Modal,
     | ^^^^^^^^^^
> 15 |     ModalBody,
     | ^^^^^^^^^^^^^^
> 16 |     ModalHeader,
     | ^^^^^^^^^^^^^^^^
> 17 |     Page,
     | ^^^^^^^^^
> 18 |     Status,
     | ^^^^^^^^^^^
> 19 |     Tab,
     | ^^^^^^^^
> 20 |     Tabs,
     | ^^^^^^^^^
> 21 |     Title
     | ^^^^^^^^^
> 22 | } from '@/components/pages/LoginPage/LoginPage.styled';
     | ^^^^^^^^^^^^^^^^^^^^^^^^^^^^^^^^^^^^^^^^^^^^^^^^^^^^^^^
  23 |
  24 | type User = { username: string; email: string; password: string };
  25 |

The export AuxiliaryAction was not found in module [project]/src/components/pages/LoginPage/LoginPage.styled.tsx [client] (ecmascript).
Did you mean to import Title?
All exports of the module are statically known (It doesn't have dynamic exports). So it's known statically that the requested export doesn't exist. @ http://localhost:3000/_next/static/chunks/node_modules_next_dist_0bc8q4g._.js:1952
[ 4992142ms] [ERROR] ./src/pages/login.tsx:6:1
Export AuxiliaryAction doesn't exist in target module
   4 | import { serverSideTranslations } from 'next-i18next/serverSideTranslations';
   5 | import { useRouter } from 'next/router';
>  6 | import {
     | ^^^^^^^
>  7 |     Action,
     | ^^^^^^^^^^^
>  8 |     AuxiliaryAction,
     | ^^^^^^^^^^^^^^^^^^^^
>  9 |     CheckboxRow,
     | ^^^^^^^^^^^^^^^^
> 10 |     Close,
     | ^^^^^^^^^^
> 11 |     Error,
     | ^^^^^^^^^^
> 12 |     Form,
     | ^^^^^^^^^
> 13 |     Input,
     | ^^^^^^^^^^
> 14 |     Modal,
     | ^^^^^^^^^^
> 15 |     ModalBody,
     | ^^^^^^^^^^^^^^
> 16 |     ModalHeader,
     | ^^^^^^^^^^^^^^^^
> 17 |     Page,
     | ^^^^^^^^^
> 18 |     Status,
     | ^^^^^^^^^^^
> 19 |     Tab,
     | ^^^^^^^^
> 20 |     Tabs,
     | ^^^^^^^^^
> 21 |     Title
     | ^^^^^^^^^
> 22 | } from '@/components/pages/LoginPage/LoginPage.styled';
     | ^^^^^^^^^^^^^^^^^^^^^^^^^^^^^^^^^^^^^^^^^^^^^^^^^^^^^^^
  23 |
  24 | type User = { username: string; email: string; password: string };
  25 |

The export AuxiliaryAction was not found in module [project]/src/components/pages/LoginPage/LoginPage.styled.tsx [ssr] (ecmascript).
Did you mean to import Title?
All exports of the module are statically known (It doesn't have dynamic exports). So it's known statically that the requested export doesn't exist. @ http://localhost:3000/_next/static/chunks/node_modules_next_dist_0bc8q4g._.js:1952
[ 4992142ms] [ERROR] ./src/pages/login.tsx:6:1
Export Error doesn't exist in target module
   4 | import { serverSideTranslations } from 'next-i18next/serverSideTranslations';
   5 | import { useRouter } from 'next/router';
>  6 | import {
     | ^^^^^^^
>  7 |     Action,
     | ^^^^^^^^^^^
>  8 |     AuxiliaryAction,
     | ^^^^^^^^^^^^^^^^^^^^
>  9 |     CheckboxRow,
     | ^^^^^^^^^^^^^^^^
> 10 |     Close,
     | ^^^^^^^^^^
> 11 |     Error,
     | ^^^^^^^^^^
> 12 |     Form,
     | ^^^^^^^^^
> 13 |     Input,
     | ^^^^^^^^^^
> 14 |     Modal,
     | ^^^^^^^^^^
> 15 |     ModalBody,
     | ^^^^^^^^^^^^^^
> 16 |     ModalHeader,
     | ^^^^^^^^^^^^^^^^
> 17 |     Page,
     | ^^^^^^^^^
> 18 |     Status,
     | ^^^^^^^^^^^
> 19 |     Tab,
     | ^^^^^^^^
> 20 |     Tabs,
     | ^^^^^^^^^
> 21 |     Title
     | ^^^^^^^^^
> 22 | } from '@/components/pages/LoginPage/LoginPage.styled';
     | ^^^^^^^^^^^^^^^^^^^^^^^^^^^^^^^^^^^^^^^^^^^^^^^^^^^^^^^
  23 |
  24 | type User = { username: string; email: string; password: string };
  25 |

The export Error was not found in module [project]/src/components/pages/LoginPage/LoginPage.styled.tsx [client] (ecmascript).
Did you mean to import Form?
All exports of the module are statically known (It doesn't have dynamic exports). So it's known statically that the requested export doesn't exist. @ http://localhost:3000/_next/static/chunks/node_modules_next_dist_0bc8q4g._.js:1952
[ 4992142ms] [ERROR] ./src/pages/login.tsx:6:1
Export Error doesn't exist in target module
   4 | import { serverSideTranslations } from 'next-i18next/serverSideTranslations';
   5 | import { useRouter } from 'next/router';
>  6 | import {
     | ^^^^^^^
>  7 |     Action,
     | ^^^^^^^^^^^
>  8 |     AuxiliaryAction,
     | ^^^^^^^^^^^^^^^^^^^^
>  9 |     CheckboxRow,
     | ^^^^^^^^^^^^^^^^
> 10 |     Close,
     | ^^^^^^^^^^
> 11 |     Error,
     | ^^^^^^^^^^
> 12 |     Form,
     | ^^^^^^^^^
> 13 |     Input,
     | ^^^^^^^^^^
> 14 |     Modal,
     | ^^^^^^^^^^
> 15 |     ModalBody,
     | ^^^^^^^^^^^^^^
> 16 |     ModalHeader,
     | ^^^^^^^^^^^^^^^^
> 17 |     Page,
     | ^^^^^^^^^
> 18 |     Status,
     | ^^^^^^^^^^^
> 19 |     Tab,
     | ^^^^^^^^
> 20 |     Tabs,
     | ^^^^^^^^^
> 21 |     Title
     | ^^^^^^^^^
> 22 | } from '@/components/pages/LoginPage/LoginPage.styled';
     | ^^^^^^^^^^^^^^^^^^^^^^^^^^^^^^^^^^^^^^^^^^^^^^^^^^^^^^^
  23 |
  24 | type User = { username: string; email: string; password: string };
  25 |

The export Error was not found in module [project]/src/components/pages/LoginPage/LoginPage.styled.tsx [ssr] (ecmascript).
Did you mean to import Form?
All exports of the module are statically known (It doesn't have dynamic exports). So it's known statically that the requested export doesn't exist. @ http://localhost:3000/_next/static/chunks/node_modules_next_dist_0bc8q4g._.js:1952
[ 4992142ms] [ERROR] ./src/pages/login.tsx:6:1
Export Status doesn't exist in target module
   4 | import { serverSideTranslations } from 'next-i18next/serverSideTranslations';
   5 | import { useRouter } from 'next/router';
>  6 | import {
     | ^^^^^^^
>  7 |     Action,
     | ^^^^^^^^^^^
>  8 |     AuxiliaryAction,
     | ^^^^^^^^^^^^^^^^^^^^
>  9 |     CheckboxRow,
     | ^^^^^^^^^^^^^^^^
> 10 |     Close,
     | ^^^^^^^^^^
> 11 |     Error,
     | ^^^^^^^^^^
> 12 |     Form,
     | ^^^^^^^^^
> 13 |     Input,
     | ^^^^^^^^^^
> 14 |     Modal,
     | ^^^^^^^^^^
> 15 |     ModalBody,
     | ^^^^^^^^^^^^^^
> 16 |     ModalHeader,
     | ^^^^^^^^^^^^^^^^
> 17 |     Page,
     | ^^^^^^^^^
> 18 |     Status,
     | ^^^^^^^^^^^
> 19 |     Tab,
     | ^^^^^^^^
> 20 |     Tabs,
     | ^^^^^^^^^
> 21 |     Title
     | ^^^^^^^^^
> 22 | } from '@/components/pages/LoginPage/LoginPage.styled';
     | ^^^^^^^^^^^^^^^^^^^^^^^^^^^^^^^^^^^^^^^^^^^^^^^^^^^^^^^
  23 |
  24 | type User = { username: string; email: string; password: string };
  25 |

The export Status was not found in module [project]/src/components/pages/LoginPage/LoginPage.styled.tsx [client] (ecmascript).
Did you mean to import Tabs?
All exports of the module are statically known (It doesn't have dynamic exports). So it's known statically that the requested export doesn't exist. @ http://localhost:3000/_next/static/chunks/node_modules_next_dist_0bc8q4g._.js:1952
[ 4992142ms] [ERROR] ./src/pages/login.tsx:6:1
Export Status doesn't exist in target module
   4 | import { serverSideTranslations } from 'next-i18next/serverSideTranslations';
   5 | import { useRouter } from 'next/router';
>  6 | import {
     | ^^^^^^^
>  7 |     Action,
     | ^^^^^^^^^^^
>  8 |     AuxiliaryAction,
     | ^^^^^^^^^^^^^^^^^^^^
>  9 |     CheckboxRow,
     | ^^^^^^^^^^^^^^^^
> 10 |     Close,
     | ^^^^^^^^^^
> 11 |     Error,
     | ^^^^^^^^^^
> 12 |     Form,
     | ^^^^^^^^^
> 13 |     Input,
     | ^^^^^^^^^^
> 14 |     Modal,
     | ^^^^^^^^^^
> 15 |     ModalBody,
     | ^^^^^^^^^^^^^^
> 16 |     ModalHeader,
     | ^^^^^^^^^^^^^^^^
> 17 |     Page,
     | ^^^^^^^^^
> 18 |     Status,
     | ^^^^^^^^^^^
> 19 |     Tab,
     | ^^^^^^^^
> 20 |     Tabs,
     | ^^^^^^^^^
> 21 |     Title
     | ^^^^^^^^^
> 22 | } from '@/components/pages/LoginPage/LoginPage.styled';
     | ^^^^^^^^^^^^^^^^^^^^^^^^^^^^^^^^^^^^^^^^^^^^^^^^^^^^^^^
  23 |
  24 | type User = { username: string; email: string; password: string };
  25 |

The export Status was not found in module [project]/src/components/pages/LoginPage/LoginPage.styled.tsx [ssr] (ecmascript).
Did you mean to import Tabs?
All exports of the module are statically known (It doesn't have dynamic exports). So it's known statically that the requested export doesn't exist. @ http://localhost:3000/_next/static/chunks/node_modules_next_dist_0bc8q4g._.js:1952
[ 4992190ms] [LOG] [Fast Refresh] rebuilding @ http://localhost:3000/_next/static/chunks/node_modules_next_dist_0bc8q4g._.js:1233
[ 5036072ms] [ERROR] ./src/pages/login.tsx:6:1
Export Action doesn't exist in target module
   4 | import { serverSideTranslations } from 'next-i18next/serverSideTranslations';
   5 | import { useRouter } from 'next/router';
>  6 | import {
     | ^^^^^^^
>  7 |     Action,
     | ^^^^^^^^^^^
>  8 |     AuxiliaryAction,
     | ^^^^^^^^^^^^^^^^^^^^
>  9 |     CheckboxRow,
     | ^^^^^^^^^^^^^^^^
> 10 |     Close,
     | ^^^^^^^^^^
> 11 |     Error,
     | ^^^^^^^^^^
> 12 |     Form,
     | ^^^^^^^^^
> 13 |     Input,
     | ^^^^^^^^^^
> 14 |     Modal,
     | ^^^^^^^^^^
> 15 |     ModalBody,
     | ^^^^^^^^^^^^^^
> 16 |     ModalHeader,
     | ^^^^^^^^^^^^^^^^
> 17 |     Page,
     | ^^^^^^^^^
> 18 |     Status,
     | ^^^^^^^^^^^
> 19 |     Tab,
     | ^^^^^^^^
> 20 |     Tabs,
     | ^^^^^^^^^
> 21 |     Title
     | ^^^^^^^^^
> 22 | } from '@/components/pages/LoginPage/LoginPage.styled';
     | ^^^^^^^^^^^^^^^^^^^^^^^^^^^^^^^^^^^^^^^^^^^^^^^^^^^^^^^
  23 |
  24 | type User = { username: string; email: string; password: string };
  25 |

The export Action was not found in module [project]/src/components/pages/LoginPage/LoginPage.styled.tsx [client] (ecmascript).
Did you mean to import CheckboxRow?
All exports of the module are statically known (It doesn't have dynamic exports). So it's known statically that the requested export doesn't exist. @ http://localhost:3000/_next/static/chunks/node_modules_next_dist_0bc8q4g._.js:1952
[ 5036072ms] [ERROR] ./src/pages/login.tsx:6:1
Export Action doesn't exist in target module
   4 | import { serverSideTranslations } from 'next-i18next/serverSideTranslations';
   5 | import { useRouter } from 'next/router';
>  6 | import {
     | ^^^^^^^
>  7 |     Action,
     | ^^^^^^^^^^^
>  8 |     AuxiliaryAction,
     | ^^^^^^^^^^^^^^^^^^^^
>  9 |     CheckboxRow,
     | ^^^^^^^^^^^^^^^^
> 10 |     Close,
     | ^^^^^^^^^^
> 11 |     Error,
     | ^^^^^^^^^^
> 12 |     Form,
     | ^^^^^^^^^
> 13 |     Input,
     | ^^^^^^^^^^
> 14 |     Modal,
     | ^^^^^^^^^^
> 15 |     ModalBody,
     | ^^^^^^^^^^^^^^
> 16 |     ModalHeader,
     | ^^^^^^^^^^^^^^^^
> 17 |     Page,
     | ^^^^^^^^^
> 18 |     Status,
     | ^^^^^^^^^^^
> 19 |     Tab,
     | ^^^^^^^^
> 20 |     Tabs,
     | ^^^^^^^^^
> 21 |     Title
     | ^^^^^^^^^
> 22 | } from '@/components/pages/LoginPage/LoginPage.styled';
     | ^^^^^^^^^^^^^^^^^^^^^^^^^^^^^^^^^^^^^^^^^^^^^^^^^^^^^^^
  23 |
  24 | type User = { username: string; email: string; password: string };
  25 |

The export Action was not found in module [project]/src/components/pages/LoginPage/LoginPage.styled.tsx [ssr] (ecmascript).
Did you mean to import CheckboxRow?
All exports of the module are statically known (It doesn't have dynamic exports). So it's known statically that the requested export doesn't exist. @ http://localhost:3000/_next/static/chunks/node_modules_next_dist_0bc8q4g._.js:1952
[ 5036072ms] [ERROR] ./src/pages/login.tsx:6:1
Export AuxiliaryAction doesn't exist in target module
   4 | import { serverSideTranslations } from 'next-i18next/serverSideTranslations';
   5 | import { useRouter } from 'next/router';
>  6 | import {
     | ^^^^^^^
>  7 |     Action,
     | ^^^^^^^^^^^
>  8 |     AuxiliaryAction,
     | ^^^^^^^^^^^^^^^^^^^^
>  9 |     CheckboxRow,
     | ^^^^^^^^^^^^^^^^
> 10 |     Close,
     | ^^^^^^^^^^
> 11 |     Error,
     | ^^^^^^^^^^
> 12 |     Form,
     | ^^^^^^^^^
> 13 |     Input,
     | ^^^^^^^^^^
> 14 |     Modal,
     | ^^^^^^^^^^
> 15 |     ModalBody,
     | ^^^^^^^^^^^^^^
> 16 |     ModalHeader,
     | ^^^^^^^^^^^^^^^^
> 17 |     Page,
     | ^^^^^^^^^
> 18 |     Status,
     | ^^^^^^^^^^^
> 19 |     Tab,
     | ^^^^^^^^
> 20 |     Tabs,
     | ^^^^^^^^^
> 21 |     Title
     | ^^^^^^^^^
> 22 | } from '@/components/pages/LoginPage/LoginPage.styled';
     | ^^^^^^^^^^^^^^^^^^^^^^^^^^^^^^^^^^^^^^^^^^^^^^^^^^^^^^^
  23 |
  24 | type User = { username: string; email: string; password: string };
  25 |

The export AuxiliaryAction was not found in module [project]/src/components/pages/LoginPage/LoginPage.styled.tsx [client] (ecmascript).
Did you mean to import Title?
All exports of the module are statically known (It doesn't have dynamic exports). So it's known statically that the requested export doesn't exist. @ http://localhost:3000/_next/static/chunks/node_modules_next_dist_0bc8q4g._.js:1952
[ 5036073ms] [ERROR] ./src/pages/login.tsx:6:1
Export AuxiliaryAction doesn't exist in target module
   4 | import { serverSideTranslations } from 'next-i18next/serverSideTranslations';
   5 | import { useRouter } from 'next/router';
>  6 | import {
     | ^^^^^^^
>  7 |     Action,
     | ^^^^^^^^^^^
>  8 |     AuxiliaryAction,
     | ^^^^^^^^^^^^^^^^^^^^
>  9 |     CheckboxRow,
     | ^^^^^^^^^^^^^^^^
> 10 |     Close,
     | ^^^^^^^^^^
> 11 |     Error,
     | ^^^^^^^^^^
> 12 |     Form,
     | ^^^^^^^^^
> 13 |     Input,
     | ^^^^^^^^^^
> 14 |     Modal,
     | ^^^^^^^^^^
> 15 |     ModalBody,
     | ^^^^^^^^^^^^^^
> 16 |     ModalHeader,
     | ^^^^^^^^^^^^^^^^
> 17 |     Page,
     | ^^^^^^^^^
> 18 |     Status,
     | ^^^^^^^^^^^
> 19 |     Tab,
     | ^^^^^^^^
> 20 |     Tabs,
     | ^^^^^^^^^
> 21 |     Title
     | ^^^^^^^^^
> 22 | } from '@/components/pages/LoginPage/LoginPage.styled';
     | ^^^^^^^^^^^^^^^^^^^^^^^^^^^^^^^^^^^^^^^^^^^^^^^^^^^^^^^
  23 |
  24 | type User = { username: string; email: string; password: string };
  25 |

The export AuxiliaryAction was not found in module [project]/src/components/pages/LoginPage/LoginPage.styled.tsx [ssr] (ecmascript).
Did you mean to import Title?
All exports of the module are statically known (It doesn't have dynamic exports). So it's known statically that the requested export doesn't exist. @ http://localhost:3000/_next/static/chunks/node_modules_next_dist_0bc8q4g._.js:1952
[ 5036073ms] [ERROR] ./src/pages/login.tsx:6:1
Export Error doesn't exist in target module
   4 | import { serverSideTranslations } from 'next-i18next/serverSideTranslations';
   5 | import { useRouter } from 'next/router';
>  6 | import {
     | ^^^^^^^
>  7 |     Action,
     | ^^^^^^^^^^^
>  8 |     AuxiliaryAction,
     | ^^^^^^^^^^^^^^^^^^^^
>  9 |     CheckboxRow,
     | ^^^^^^^^^^^^^^^^
> 10 |     Close,
     | ^^^^^^^^^^
> 11 |     Error,
     | ^^^^^^^^^^
> 12 |     Form,
     | ^^^^^^^^^
> 13 |     Input,
     | ^^^^^^^^^^
> 14 |     Modal,
     | ^^^^^^^^^^
> 15 |     ModalBody,
     | ^^^^^^^^^^^^^^
> 16 |     ModalHeader,
     | ^^^^^^^^^^^^^^^^
> 17 |     Page,
     | ^^^^^^^^^
> 18 |     Status,
     | ^^^^^^^^^^^
> 19 |     Tab,
     | ^^^^^^^^
> 20 |     Tabs,
     | ^^^^^^^^^
> 21 |     Title
     | ^^^^^^^^^
> 22 | } from '@/components/pages/LoginPage/LoginPage.styled';
     | ^^^^^^^^^^^^^^^^^^^^^^^^^^^^^^^^^^^^^^^^^^^^^^^^^^^^^^^
  23 |
  24 | type User = { username: string; email: string; password: string };
  25 |

The export Error was not found in module [project]/src/components/pages/LoginPage/LoginPage.styled.tsx [client] (ecmascript).
Did you mean to import Form?
All exports of the module are statically known (It doesn't have dynamic exports). So it's known statically that the requested export doesn't exist. @ http://localhost:3000/_next/static/chunks/node_modules_next_dist_0bc8q4g._.js:1952
[ 5036073ms] [ERROR] ./src/pages/login.tsx:6:1
Export Error doesn't exist in target module
   4 | import { serverSideTranslations } from 'next-i18next/serverSideTranslations';
   5 | import { useRouter } from 'next/router';
>  6 | import {
     | ^^^^^^^
>  7 |     Action,
     | ^^^^^^^^^^^
>  8 |     AuxiliaryAction,
     | ^^^^^^^^^^^^^^^^^^^^
>  9 |     CheckboxRow,
     | ^^^^^^^^^^^^^^^^
> 10 |     Close,
     | ^^^^^^^^^^
> 11 |     Error,
     | ^^^^^^^^^^
> 12 |     Form,
     | ^^^^^^^^^
> 13 |     Input,
     | ^^^^^^^^^^
> 14 |     Modal,
     | ^^^^^^^^^^
> 15 |     ModalBody,
     | ^^^^^^^^^^^^^^
> 16 |     ModalHeader,
     | ^^^^^^^^^^^^^^^^
> 17 |     Page,
     | ^^^^^^^^^
> 18 |     Status,
     | ^^^^^^^^^^^
> 19 |     Tab,
     | ^^^^^^^^
> 20 |     Tabs,
     | ^^^^^^^^^
> 21 |     Title
     | ^^^^^^^^^
> 22 | } from '@/components/pages/LoginPage/LoginPage.styled';
     | ^^^^^^^^^^^^^^^^^^^^^^^^^^^^^^^^^^^^^^^^^^^^^^^^^^^^^^^
  23 |
  24 | type User = { username: string; email: string; password: string };
  25 |

The export Error was not found in module [project]/src/components/pages/LoginPage/LoginPage.styled.tsx [ssr] (ecmascript).
Did you mean to import Form?
All exports of the module are statically known (It doesn't have dynamic exports). So it's known statically that the requested export doesn't exist. @ http://localhost:3000/_next/static/chunks/node_modules_next_dist_0bc8q4g._.js:1952
[ 5036073ms] [ERROR] ./src/pages/login.tsx:6:1
Export Status doesn't exist in target module
   4 | import { serverSideTranslations } from 'next-i18next/serverSideTranslations';
   5 | import { useRouter } from 'next/router';
>  6 | import {
     | ^^^^^^^
>  7 |     Action,
     | ^^^^^^^^^^^
>  8 |     AuxiliaryAction,
     | ^^^^^^^^^^^^^^^^^^^^
>  9 |     CheckboxRow,
     | ^^^^^^^^^^^^^^^^
> 10 |     Close,
     | ^^^^^^^^^^
> 11 |     Error,
     | ^^^^^^^^^^
> 12 |     Form,
     | ^^^^^^^^^
> 13 |     Input,
     | ^^^^^^^^^^
> 14 |     Modal,
     | ^^^^^^^^^^
> 15 |     ModalBody,
     | ^^^^^^^^^^^^^^
> 16 |     ModalHeader,
     | ^^^^^^^^^^^^^^^^
> 17 |     Page,
     | ^^^^^^^^^
> 18 |     Status,
     | ^^^^^^^^^^^
> 19 |     Tab,
     | ^^^^^^^^
> 20 |     Tabs,
     | ^^^^^^^^^
> 21 |     Title
     | ^^^^^^^^^
> 22 | } from '@/components/pages/LoginPage/LoginPage.styled';
     | ^^^^^^^^^^^^^^^^^^^^^^^^^^^^^^^^^^^^^^^^^^^^^^^^^^^^^^^
  23 |
  24 | type User = { username: string; email: string; password: string };
  25 |

The export Status was not found in module [project]/src/components/pages/LoginPage/LoginPage.styled.tsx [client] (ecmascript).
Did you mean to import Tabs?
All exports of the module are statically known (It doesn't have dynamic exports). So it's known statically that the requested export doesn't exist. @ http://localhost:3000/_next/static/chunks/node_modules_next_dist_0bc8q4g._.js:1952
[ 5036079ms] [ERROR] ./src/pages/login.tsx:6:1
Export Status doesn't exist in target module
   4 | import { serverSideTranslations } from 'next-i18next/serverSideTranslations';
   5 | import { useRouter } from 'next/router';
>  6 | import {
     | ^^^^^^^
>  7 |     Action,
     | ^^^^^^^^^^^
>  8 |     AuxiliaryAction,
     | ^^^^^^^^^^^^^^^^^^^^
>  9 |     CheckboxRow,
     | ^^^^^^^^^^^^^^^^
> 10 |     Close,
     | ^^^^^^^^^^
> 11 |     Error,
     | ^^^^^^^^^^
> 12 |     Form,
     | ^^^^^^^^^
> 13 |     Input,
     | ^^^^^^^^^^
> 14 |     Modal,
     | ^^^^^^^^^^
> 15 |     ModalBody,
     | ^^^^^^^^^^^^^^
> 16 |     ModalHeader,
     | ^^^^^^^^^^^^^^^^
> 17 |     Page,
     | ^^^^^^^^^
> 18 |     Status,
     | ^^^^^^^^^^^
> 19 |     Tab,
     | ^^^^^^^^
> 20 |     Tabs,
     | ^^^^^^^^^
> 21 |     Title
     | ^^^^^^^^^
> 22 | } from '@/components/pages/LoginPage/LoginPage.styled';
     | ^^^^^^^^^^^^^^^^^^^^^^^^^^^^^^^^^^^^^^^^^^^^^^^^^^^^^^^
  23 |
  24 | type User = { username: string; email: string; password: string };
  25 |

The export Status was not found in module [project]/src/components/pages/LoginPage/LoginPage.styled.tsx [ssr] (ecmascript).
Did you mean to import Tabs?
All exports of the module are statically known (It doesn't have dynamic exports). So it's known statically that the requested export doesn't exist. @ http://localhost:3000/_next/static/chunks/node_modules_next_dist_0bc8q4g._.js:1952
[ 5036079ms] [LOG] [Fast Refresh] rebuilding @ http://localhost:3000/_next/static/chunks/node_modules_next_dist_0bc8q4g._.js:1233
[ 5044890ms] [LOG] [Fast Refresh] rebuilding @ http://localhost:3000/_next/static/chunks/node_modules_next_dist_0bc8q4g._.js:1233
[ 5045422ms] [WARNING] [Fast Refresh] performing full reload because your application had an unrecoverable error @ http://localhost:3000/_next/static/chunks/node_modules_next_dist_0bc8q4g._.js:1233
[ 5045432ms] [WARNING] [Fast Refresh] performing full reload because your application had an unrecoverable error @ http://localhost:3000/_next/static/chunks/node_modules_next_dist_0bc8q4g._.js:1233
[ 5045433ms] [LOG] [Fast Refresh] done in 580ms @ http://localhost:3000/_next/static/chunks/node_modules_next_dist_0bc8q4g._.js:1233
[ 5045574ms] [LOG] [Fast Refresh] rebuilding @ http://localhost:3000/_next/static/chunks/node_modules_next_dist_0bc8q4g._.js:1233
[ 5045954ms] [LOG] [Fast Refresh] done in 492ms @ http://localhost:3000/_next/static/chunks/node_modules_next_dist_0bc8q4g._.js:1233
[ 5046593ms] [INFO] %cDownload the React DevTools for a better development experience: https://reactjs.org/link/react-devtools font-weight:bold @ http://localhost:3000/_next/static/chunks/node_modules_react-dom_cjs_react-dom_development_07i0ttg.js:25055
[ 5046711ms] [LOG] [HMR] connected @ http://localhost:3000/_next/static/chunks/node_modules_next_dist_0bc8q4g._.js:1233
[ 5046712ms] [WARNING] [HMR] Invalid message: {"type":"isrManifest","data":{"/":true,"/tree":true,"/login":true,"/about":false,"/cemetery":true}}
TypeError: Cannot read properties of undefined (reading 'components')
    at handleStaticIndicator (http://localhost:3000/_next/static/chunks/node_modules_next_dist_client_0pe1dg-._.js:2800:46)
    at processMessage (http://localhost:3000/_next/static/chunks/node_modules_next_dist_client_0pe1dg-._.js:2814:17)
    at http://localhost:3000/_next/static/chunks/node_modules_next_dist_client_0pe1dg-._.js:2688:13
    at WebSocket.handleMessage (http://localhost:3000/_next/static/chunks/node_modules_next_dist_client_0pe1dg-._.js:2333:17) @ http://localhost:3000/_next/static/chunks/node_modules_next_dist_0bc8q4g._.js:1233
[ 5065982ms] [LOG] [Fast Refresh] rebuilding @ http://localhost:3000/_next/static/chunks/node_modules_next_dist_0bc8q4g._.js:1233
[ 5070065ms] [LOG] [Fast Refresh] done in 282ms @ http://localhost:3000/_next/static/chunks/node_modules_next_dist_0bc8q4g._.js:1233
[ 5084580ms] [LOG] [Fast Refresh] rebuilding @ http://localhost:3000/_next/static/chunks/node_modules_next_dist_0bc8q4g._.js:1233
[ 5084757ms] [LOG] [Fast Refresh] done in 276ms @ http://localhost:3000/_next/static/chunks/node_modules_next_dist_0bc8q4g._.js:1233
[ 5108058ms] [LOG] [Fast Refresh] rebuilding @ http://localhost:3000/_next/static/chunks/node_modules_next_dist_0bc8q4g._.js:1233
[ 5110997ms] [LOG] [Fast Refresh] done in 2855ms @ http://localhost:3000/_next/static/chunks/node_modules_next_dist_0bc8q4g._.js:1233
[ 5125346ms] [LOG] [Fast Refresh] rebuilding @ http://localhost:3000/_next/static/chunks/node_modules_next_dist_0bc8q4g._.js:1233
[ 5127735ms] [LOG] [Fast Refresh] done in 2495ms @ http://localhost:3000/_next/static/chunks/node_modules_next_dist_0bc8q4g._.js:1233
[ 5127842ms] [LOG] [Fast Refresh] rebuilding @ http://localhost:3000/_next/static/chunks/node_modules_next_dist_0bc8q4g._.js:1233
[ 5128480ms] [LOG] [Fast Refresh] done in 745ms @ http://localhost:3000/_next/static/chunks/node_modules_next_dist_0bc8q4g._.js:1233
[ 5128667ms] [LOG] [Fast Refresh] rebuilding @ http://localhost:3000/_next/static/chunks/node_modules_next_dist_0bc8q4g._.js:1233
[ 5128711ms] [LOG] [Fast Refresh] done in 156ms @ http://localhost:3000/_next/static/chunks/node_modules_next_dist_0bc8q4g._.js:1233
[ 5128822ms] [LOG] [Fast Refresh] rebuilding @ http://localhost:3000/_next/static/chunks/node_modules_next_dist_0bc8q4g._.js:1233
[ 5128873ms] [LOG] [Fast Refresh] done in 152ms @ http://localhost:3000/_next/static/chunks/node_modules_next_dist_0bc8q4g._.js:1233
[ 5129172ms] [LOG] [Fast Refresh] rebuilding @ http://localhost:3000/_next/static/chunks/node_modules_next_dist_0bc8q4g._.js:1233
[ 5129212ms] [LOG] [Fast Refresh] done in 147ms @ http://localhost:3000/_next/static/chunks/node_modules_next_dist_0bc8q4g._.js:1233
[ 5144186ms] [LOG] [Fast Refresh] rebuilding @ http://localhost:3000/_next/static/chunks/node_modules_next_dist_0bc8q4g._.js:1233
[ 5144365ms] [ERROR] ./src/pages/login.tsx:174:25
Expected '</', got ')'
  172 |                                 <AuxiliaryAction type="button" onClick={() => { setMode('...
  173 |                             </Form>
> 174 |                         ) : (
      |                         ^
  175 |                             <Form onSubmit={handleRegister}>
  176 |                                 <label htmlFor="reg-name">{isRu ? 'Имя пользователя' : 'U...
  177 |                                 <Input id="reg-name" name="username" autoComplete="userna...

Parsing ecmascript source code failed @ http://localhost:3000/_next/static/chunks/node_modules_next_dist_0bc8q4g._.js:1952
[ 5144528ms] [ERROR] ./src/pages/login.tsx:174:25
Expected '</', got ')'
  172 |                                 <AuxiliaryAction type="button" onClick={() => { setMode('...
  173 |                             </Form>
> 174 |                         ) : (
      |                         ^
  175 |                             <Form onSubmit={handleRegister}>
  176 |                                 <label htmlFor="reg-name">{isRu ? 'Имя пользователя' : 'U...
  177 |                                 <Input id="reg-name" name="username" autoComplete="userna...

Parsing ecmascript source code failed @ http://localhost:3000/_next/static/chunks/node_modules_next_dist_0bc8q4g._.js:1952
[ 5144622ms] [ERROR] ./src/pages/login.tsx:174:25
Expected '</', got ')'
  172 |                                 <AuxiliaryAction type="button" onClick={() => { setMode('...
  173 |                             </Form>
> 174 |                         ) : (
      |                         ^
  175 |                             <Form onSubmit={handleRegister}>
  176 |                                 <label htmlFor="reg-name">{isRu ? 'Имя пользователя' : 'U...
  177 |                                 <Input id="reg-name" name="username" autoComplete="userna...

Parsing ecmascript source code failed @ http://localhost:3000/_next/static/chunks/node_modules_next_dist_0bc8q4g._.js:1952
[ 5144685ms] [LOG] [Fast Refresh] rebuilding @ http://localhost:3000/_next/static/chunks/node_modules_next_dist_0bc8q4g._.js:1233
[ 5153966ms] [ERROR] ./src/pages/login.tsx:174:25
Expected '</', got ')'
  172 |                                 <AuxiliaryAction type="button" onClick={() => { setMode('...
  173 |                             </Form>
> 174 |                         ) : (
      |                         ^
  175 |                             <Form onSubmit={handleRegister}>
  176 |                                 <label htmlFor="reg-name">{isRu ? 'Имя пользователя' : 'U...
  177 |                                 <Input id="reg-name" name="username" autoComplete="userna...

Parsing ecmascript source code failed @ http://localhost:3000/_next/static/chunks/node_modules_next_dist_0bc8q4g._.js:1952
[ 5154019ms] [LOG] [Fast Refresh] rebuilding @ http://localhost:3000/_next/static/chunks/node_modules_next_dist_0bc8q4g._.js:1233
[ 5164954ms] [ERROR] ./src/pages/login.tsx:174:25
Expected '</', got ')'
  172 |                                 <AuxiliaryAction type="button" onClick={() => { setMode('...
  173 |                             </Form>
> 174 |                         ) : (
      |                         ^
  175 |                             <Form onSubmit={handleRegister}>
  176 |                                 <label htmlFor="reg-name">{isRu ? 'Имя пользователя' : 'U...
  177 |                                 <Input id="reg-name" name="username" autoComplete="userna...

Parsing ecmascript source code failed @ http://localhost:3000/_next/static/chunks/node_modules_next_dist_0bc8q4g._.js:1952
[ 5165013ms] [LOG] [Fast Refresh] rebuilding @ http://localhost:3000/_next/static/chunks/node_modules_next_dist_0bc8q4g._.js:1233
[ 5171953ms] [ERROR] ./src/pages/login.tsx:174:25
Expected '</', got ')'
  172 |                                 <AuxiliaryAction type="button" onClick={() => { setMode('...
  173 |                             </Form>
> 174 |                         ) : (
      |                         ^
  175 |                             <Form onSubmit={handleRegister}>
  176 |                                 <label htmlFor="reg-name">{isRu ? 'Имя пользователя' : 'U...
  177 |                                 <Input id="reg-name" name="username" autoComplete="userna...

Parsing ecmascript source code failed @ http://localhost:3000/_next/static/chunks/node_modules_next_dist_0bc8q4g._.js:1952
[ 5172027ms] [LOG] [Fast Refresh] rebuilding @ http://localhost:3000/_next/static/chunks/node_modules_next_dist_0bc8q4g._.js:1233
[ 5179790ms] [LOG] [Fast Refresh] rebuilding @ http://localhost:3000/_next/static/chunks/node_modules_next_dist_0bc8q4g._.js:1233
[ 5179870ms] [LOG] [Fast Refresh] done in 158ms @ http://localhost:3000/_next/static/chunks/node_modules_next_dist_0bc8q4g._.js:1233
[ 5180011ms] [LOG] [Fast Refresh] rebuilding @ http://localhost:3000/_next/static/chunks/node_modules_next_dist_0bc8q4g._.js:1233
[ 5180986ms] [INFO] %cDownload the React DevTools for a better development experience: https://reactjs.org/link/react-devtools font-weight:bold @ http://localhost:3000/_next/static/chunks/node_modules_react-dom_cjs_react-dom_development_07i0ttg.js:25055
[ 5181357ms] [LOG] [HMR] connected @ http://localhost:3000/_next/static/chunks/node_modules_next_dist_0bc8q4g._.js:1233
[ 5201840ms] [LOG] [Fast Refresh] rebuilding @ http://localhost:3000/_next/static/chunks/node_modules_next_dist_0bc8q4g._.js:1233
[ 5202005ms] [ERROR] ./src/pages/login.tsx:191:25
Expected '</', got ')'
  189 |                                 <Action type="submit">{isRu ? 'Зарегистрироваться' : 'Reg...
  190 |                             </Form>
> 191 |                         )}
      |                         ^
  192 |                     </ModalBody>
  193 |                 </Modal>
  194 |             </Page>

Parsing ecmascript source code failed @ http://localhost:3000/_next/static/chunks/node_modules_next_dist_0bc8q4g._.js:1952
[ 5202083ms] [ERROR] ./src/pages/login.tsx:191:25
Expected '</', got ')'
  189 |                                 <Action type="submit">{isRu ? 'Зарегистрироваться' : 'Reg...
  190 |                             </Form>
> 191 |                         )}
      |                         ^
  192 |                     </ModalBody>
  193 |                 </Modal>
  194 |             </Page>

Parsing ecmascript source code failed @ http://localhost:3000/_next/static/chunks/node_modules_next_dist_0bc8q4g._.js:1952
[ 5202219ms] [LOG] [Fast Refresh] rebuilding @ http://localhost:3000/_next/static/chunks/node_modules_next_dist_0bc8q4g._.js:1233
[ 5202342ms] [ERROR] ./src/pages/login.tsx:191:25
Expected '</', got ')'
  189 |                                 <Action type="submit">{isRu ? 'Зарегистрироваться' : 'Reg...
  190 |                             </Form>
> 191 |                         )}
      |                         ^
  192 |                     </ModalBody>
  193 |                 </Modal>
  194 |             </Page>

Parsing ecmascript source code failed @ http://localhost:3000/_next/static/chunks/node_modules_next_dist_0bc8q4g._.js:1952
[ 5202383ms] [LOG] [Fast Refresh] rebuilding @ http://localhost:3000/_next/static/chunks/node_modules_next_dist_0bc8q4g._.js:1233
[ 5209069ms] [ERROR] ./src/pages/login.tsx:191:25
Expected '</', got ')'
  189 |                                 <Action type="submit">{isRu ? 'Зарегистрироваться' : 'Reg...
  190 |                             </Form>
> 191 |                         )}
      |                         ^
  192 |                     </ModalBody>
  193 |                 </Modal>
  194 |             </Page>

Parsing ecmascript source code failed @ http://localhost:3000/_next/static/chunks/node_modules_next_dist_0bc8q4g._.js:1952
[ 5209129ms] [LOG] [Fast Refresh] rebuilding @ http://localhost:3000/_next/static/chunks/node_modules_next_dist_0bc8q4g._.js:1233
[ 5213979ms] [ERROR] ./src/pages/login.tsx:191:25
Expected '</', got ')'
  189 |                                 <Action type="submit">{isRu ? 'Зарегистрироваться' : 'Reg...
  190 |                             </Form>
> 191 |                         )}
      |                         ^
  192 |                     </ModalBody>
  193 |                 </Modal>
  194 |             </Page>

Parsing ecmascript source code failed @ http://localhost:3000/_next/static/chunks/node_modules_next_dist_0bc8q4g._.js:1952
[ 5214047ms] [LOG] [Fast Refresh] rebuilding @ http://localhost:3000/_next/static/chunks/node_modules_next_dist_0bc8q4g._.js:1233
[ 5220332ms] [LOG] [Fast Refresh] rebuilding @ http://localhost:3000/_next/static/chunks/node_modules_next_dist_0bc8q4g._.js:1233
[ 5224467ms] [LOG] [Fast Refresh] done in 4344ms @ http://localhost:3000/_next/static/chunks/node_modules_next_dist_0bc8q4g._.js:1233
[ 5224625ms] [LOG] [Fast Refresh] rebuilding @ http://localhost:3000/_next/static/chunks/node_modules_next_dist_0bc8q4g._.js:1233
[ 5224736ms] [LOG] [Fast Refresh] done in 214ms @ http://localhost:3000/_next/static/chunks/node_modules_next_dist_0bc8q4g._.js:1233
[ 5224874ms] [LOG] [Fast Refresh] rebuilding @ http://localhost:3000/_next/static/chunks/node_modules_next_dist_0bc8q4g._.js:1233
[ 5225610ms] [INFO] %cDownload the React DevTools for a better development experience: https://reactjs.org/link/react-devtools font-weight:bold @ http://localhost:3000/_next/static/chunks/node_modules_react-dom_cjs_react-dom_development_07i0ttg.js:25055
[ 5225652ms] [LOG] [HMR] connected @ http://localhost:3000/_next/static/chunks/node_modules_next_dist_0bc8q4g._.js:1233
[ 5225653ms] [WARNING] [HMR] Invalid message: {"type":"isrManifest","data":{"/login?next=%2Flogin%3Fnext%3D%252Flogin%253Fnext%253D%25252Flogin%25253Fnext%25253D%2525252Flogin%2525253Fnext%2525253D%252525252Flogin%252525253Fnext%252525253D%25252525252Flogin%25252525253Fnext%25252525253D%2525252525252Flogin%2525252525253Fnext%2525252525253D%252525252525252Flogin%252525252525253Fnext%252525252525253D%25252525252525252Flogin%25252525252525253Fnext%25252525252525253D%2525252525252525252Flogin%2525252525252525253Fnext%2525252525252525253D%252525252525252525252Flogin%252525252525252525253Fnext%252525252525252525253D%25252525252525252525252Flogin%25252525252525252525253Fnext%25252525252525252525253D%2525252525252525252525252Flogin%2525252525252525252525253Fnext%2525252525252525252525253D%252525252525252525252525252Flogin%252525252525252525252525253Fnext%252525252525252525252525253D%25252525252525252525252525252Flogin%25252525252525252525252525253Fnext%25252525252525252525252525253D%2525252525252525252525252525252Flogin%2525252525252525252525252525253Fnext%2525252525252525252525252525253D%252525252525252525252525252525252Flogin%252525252525252525252525252525253Fnext%252525252525252525252525252525253D%25252525252525252525252525252525252Flogin%25252525252525252525252525252525253Fnext%25252525252525252525252525252525253D%2525252525252525252525252525252525252Ftree":false,"/login":true,"/":true,"/tree":true,"/about":true,"/cemetery":true}}
TypeError: Cannot read properties of undefined (reading 'components')
    at handleStaticIndicator (http://localhost:3000/_next/static/chunks/node_modules_next_dist_client_0pe1dg-._.js:2800:46)
    at processMessage (http://localhost:3000/_next/static/chunks/node_modules_next_dist_client_0pe1dg-._.js:2814:17)
    at http://localhost:3000/_next/static/chunks/node_modules_next_dist_client_0pe1dg-._.js:2688:13
    at WebSocket.handleMessage (http://localhost:3000/_next/static/chunks/node_modules_next_dist_client_0pe1dg-._.js:2333:17) @ http://localhost:3000/_next/static/chunks/node_modules_next_dist_0bc8q4g._.js:1233
[ 5239303ms] [LOG] [Fast Refresh] rebuilding @ http://localhost:3000/_next/static/chunks/node_modules_next_dist_0bc8q4g._.js:1233
[ 5239518ms] [LOG] [Fast Refresh] done in 49ms @ http://localhost:3000/_next/static/chunks/node_modules_next_dist_0bc8q4g._.js:1233
[ 5260670ms] [LOG] [Fast Refresh] rebuilding @ http://localhost:3000/_next/static/chunks/node_modules_next_dist_0bc8q4g._.js:1233
[ 5260678ms] [LOG] [Fast Refresh] done in 75ms @ http://localhost:3000/_next/static/chunks/node_modules_next_dist_0bc8q4g._.js:1233
[ 5260797ms] [LOG] [Fast Refresh] rebuilding @ http://localhost:3000/_next/static/chunks/node_modules_next_dist_0bc8q4g._.js:1233
[ 5260908ms] [LOG] [Fast Refresh] done in 218ms @ http://localhost:3000/_next/static/chunks/node_modules_next_dist_0bc8q4g._.js:1233
[ 5281887ms] [LOG] [Fast Refresh] rebuilding @ http://localhost:3000/_next/static/chunks/node_modules_next_dist_0bc8q4g._.js:1233
[ 5282089ms] [LOG] [Fast Refresh] done in 73ms @ http://localhost:3000/_next/static/chunks/node_modules_next_dist_0bc8q4g._.js:1233
[ 5342923ms] [LOG] [Fast Refresh] rebuilding @ http://localhost:3000/_next/static/chunks/node_modules_next_dist_0bc8q4g._.js:1233
[ 5342943ms] [LOG] [Fast Refresh] done in 50ms @ http://localhost:3000/_next/static/chunks/node_modules_next_dist_0bc8q4g._.js:1233
[ 5343058ms] [LOG] [Fast Refresh] rebuilding @ http://localhost:3000/_next/static/chunks/node_modules_next_dist_0bc8q4g._.js:1233
[ 5343090ms] [LOG] [Fast Refresh] done in 144ms @ http://localhost:3000/_next/static/chunks/node_modules_next_dist_0bc8q4g._.js:1233
[ 5361276ms] [LOG] [Fast Refresh] rebuilding @ http://localhost:3000/_next/static/chunks/node_modules_next_dist_0bc8q4g._.js:1233
[ 5361280ms] [LOG] [Fast Refresh] done in 86ms @ http://localhost:3000/_next/static/chunks/node_modules_next_dist_0bc8q4g._.js:1233
[ 5361399ms] [LOG] [Fast Refresh] rebuilding @ http://localhost:3000/_next/static/chunks/node_modules_next_dist_0bc8q4g._.js:1233
[ 5361550ms] [LOG] [Fast Refresh] done in 258ms @ http://localhost:3000/_next/static/chunks/node_modules_next_dist_0bc8q4g._.js:1233
[ 5394970ms] [LOG] [Fast Refresh] rebuilding @ http://localhost:3000/_next/static/chunks/node_modules_next_dist_0bc8q4g._.js:1233
[ 5394978ms] [LOG] [Fast Refresh] done in 74ms @ http://localhost:3000/_next/static/chunks/node_modules_next_dist_0bc8q4g._.js:1233
[ 5395084ms] [LOG] [Fast Refresh] rebuilding @ http://localhost:3000/_next/static/chunks/node_modules_next_dist_0bc8q4g._.js:1233
[ 5395149ms] [LOG] [Fast Refresh] done in 166ms @ http://localhost:3000/_next/static/chunks/node_modules_next_dist_0bc8q4g._.js:1233
[ 5395394ms] [LOG] [Fast Refresh] rebuilding @ http://localhost:3000/_next/static/chunks/node_modules_next_dist_0bc8q4g._.js:1233
[ 5396453ms] [LOG] [Fast Refresh] done in 1175ms @ http://localhost:3000/_next/static/chunks/node_modules_next_dist_0bc8q4g._.js:1233
[ 5401064ms] [LOG] [Fast Refresh] rebuilding @ http://localhost:3000/_next/static/chunks/node_modules_next_dist_0bc8q4g._.js:1233
[ 5401080ms] [LOG] [Fast Refresh] done in 137ms @ http://localhost:3000/_next/static/chunks/node_modules_next_dist_0bc8q4g._.js:1233
[ 5401183ms] [LOG] [Fast Refresh] rebuilding @ http://localhost:3000/_next/static/chunks/node_modules_next_dist_0bc8q4g._.js:1233
[ 5401329ms] [LOG] [Fast Refresh] done in 247ms @ http://localhost:3000/_next/static/chunks/node_modules_next_dist_0bc8q4g._.js:1233
[ 5402398ms] [LOG] [Fast Refresh] rebuilding @ http://localhost:3000/_next/static/chunks/node_modules_next_dist_0bc8q4g._.js:1233
[ 5402509ms] [LOG] [Fast Refresh] done in 196ms @ http://localhost:3000/_next/static/chunks/node_modules_next_dist_0bc8q4g._.js:1233
[ 5402623ms] [LOG] [Fast Refresh] rebuilding @ http://localhost:3000/_next/static/chunks/node_modules_next_dist_0bc8q4g._.js:1233
[ 5402640ms] [LOG] [Fast Refresh] done in 130ms @ http://localhost:3000/_next/static/chunks/node_modules_next_dist_0bc8q4g._.js:1233
[ 5406041ms] [LOG] [Fast Refresh] rebuilding @ http://localhost:3000/_next/static/chunks/node_modules_next_dist_0bc8q4g._.js:1233
[ 5406079ms] [LOG] [Fast Refresh] done in 159ms @ http://localhost:3000/_next/static/chunks/node_modules_next_dist_0bc8q4g._.js:1233
[ 5406192ms] [LOG] [Fast Refresh] rebuilding @ http://localhost:3000/_next/static/chunks/node_modules_next_dist_0bc8q4g._.js:1233
[ 5406335ms] [LOG] [Fast Refresh] done in 253ms @ http://localhost:3000/_next/static/chunks/node_modules_next_dist_0bc8q4g._.js:1233
[ 5417987ms] [LOG] [Fast Refresh] rebuilding @ http://localhost:3000/_next/static/chunks/node_modules_next_dist_0bc8q4g._.js:1233
[ 5417990ms] [LOG] [Fast Refresh] done in 88ms @ http://localhost:3000/_next/static/chunks/node_modules_next_dist_0bc8q4g._.js:1233
[ 5418099ms] [LOG] [Fast Refresh] rebuilding @ http://localhost:3000/_next/static/chunks/node_modules_next_dist_0bc8q4g._.js:1233
[ 5418333ms] [LOG] [Fast Refresh] done in 338ms @ http://localhost:3000/_next/static/chunks/node_modules_next_dist_0bc8q4g._.js:1233
[ 5435817ms] [LOG] [Fast Refresh] rebuilding @ http://localhost:3000/_next/static/chunks/node_modules_next_dist_0bc8q4g._.js:1233
[ 5435984ms] [ERROR] ./src/pages/login.tsx:159:86
Expected '</', got 'jsx text'
  157 | ...           ) : (
  158 | ...               <LoginForm onSubmit={handleForgot}>
> 159 | ...                   <FieldLabel htmlFor="forgot-email">E-mail</label>
      |                                                                        ^^^^^^^^^^^^^^^^^^^^^
> 160 | ...                   <Input id="forgot-email" name="email" type="email" autoComplete="em...
      |    ^^^^^^^^^^^^^^^^^^^^^^^^^^^^^^^^^^^^
  161 | ...                   {error && <Error role="alert">{error}</Error>}
  162 | ...                   <Action type="submit">{isRu ? 'Отправить инструкции' : 'Send instru...
  163 | ...               </LoginForm>

Parsing ecmascript source code failed @ http://localhost:3000/_next/static/chunks/node_modules_next_dist_0bc8q4g._.js:1952
[ 5436208ms] [ERROR] ./src/pages/login.tsx:159:86
Expected '</', got 'jsx text'
  157 | ...           ) : (
  158 | ...               <LoginForm onSubmit={handleForgot}>
> 159 | ...                   <FieldLabel htmlFor="forgot-email">E-mail</label>
      |                                                                        ^^^^^^^^^^^^^^^^^^^^^
> 160 | ...                   <Input id="forgot-email" name="email" type="email" autoComplete="em...
      |    ^^^^^^^^^^^^^^^^^^^^^^^^^^^^^^^^^^^^
  161 | ...                   {error && <Error role="alert">{error}</Error>}
  162 | ...                   <Action type="submit">{isRu ? 'Отправить инструкции' : 'Send instru...
  163 | ...               </LoginForm>

Parsing ecmascript source code failed @ http://localhost:3000/_next/static/chunks/node_modules_next_dist_0bc8q4g._.js:1952
[ 5436274ms] [ERROR] ./src/pages/login.tsx:159:86
Expected '</', got 'jsx text'
  157 | ...           ) : (
  158 | ...               <LoginForm onSubmit={handleForgot}>
> 159 | ...                   <FieldLabel htmlFor="forgot-email">E-mail</label>
      |                                                                        ^^^^^^^^^^^^^^^^^^^^^
> 160 | ...                   <Input id="forgot-email" name="email" type="email" autoComplete="em...
      |    ^^^^^^^^^^^^^^^^^^^^^^^^^^^^^^^^^^^^
  161 | ...                   {error && <Error role="alert">{error}</Error>}
  162 | ...                   <Action type="submit">{isRu ? 'Отправить инструкции' : 'Send instru...
  163 | ...               </LoginForm>

Parsing ecmascript source code failed @ http://localhost:3000/_next/static/chunks/node_modules_next_dist_0bc8q4g._.js:1952
[ 5436327ms] [LOG] [Fast Refresh] rebuilding @ http://localhost:3000/_next/static/chunks/node_modules_next_dist_0bc8q4g._.js:1233
[ 5443113ms] [ERROR] ./src/pages/login.tsx:159:86
Expected '</', got 'jsx text'
  157 | ...           ) : (
  158 | ...               <LoginForm onSubmit={handleForgot}>
> 159 | ...                   <FieldLabel htmlFor="forgot-email">E-mail</label>
      |                                                                        ^^^^^^^^^^^^^^^^^^^^^
> 160 | ...                   <Input id="forgot-email" name="email" type="email" autoComplete="em...
      |    ^^^^^^^^^^^^^^^^^^^^^^^^^^^^^^^^^^^^
  161 | ...                   {error && <Error role="alert">{error}</Error>}
  162 | ...                   <Action type="submit">{isRu ? 'Отправить инструкции' : 'Send instru...
  163 | ...               </LoginForm>

Parsing ecmascript source code failed @ http://localhost:3000/_next/static/chunks/node_modules_next_dist_0bc8q4g._.js:1952
[ 5443184ms] [LOG] [Fast Refresh] rebuilding @ http://localhost:3000/_next/static/chunks/node_modules_next_dist_0bc8q4g._.js:1233
[ 5456629ms] [LOG] [Fast Refresh] rebuilding @ http://localhost:3000/_next/static/chunks/node_modules_next_dist_0bc8q4g._.js:1233
[ 5457138ms] [LOG] [Fast Refresh] done in 424ms @ http://localhost:3000/_next/static/chunks/node_modules_next_dist_0bc8q4g._.js:1233
[ 5457311ms] [LOG] [Fast Refresh] rebuilding @ http://localhost:3000/_next/static/chunks/node_modules_next_dist_0bc8q4g._.js:1233
[ 5457426ms] [LOG] [Fast Refresh] done in 226ms @ http://localhost:3000/_next/static/chunks/node_modules_next_dist_0bc8q4g._.js:1233
[ 5457634ms] [LOG] [Fast Refresh] rebuilding @ http://localhost:3000/_next/static/chunks/node_modules_next_dist_0bc8q4g._.js:1233
[ 5458499ms] [INFO] %cDownload the React DevTools for a better development experience: https://reactjs.org/link/react-devtools font-weight:bold @ http://localhost:3000/_next/static/chunks/node_modules_react-dom_cjs_react-dom_development_07i0ttg.js:25055
[ 5458694ms] [LOG] [HMR] connected @ http://localhost:3000/_next/static/chunks/node_modules_next_dist_0bc8q4g._.js:1233
[ 5571635ms] [LOG] [Fast Refresh] rebuilding @ http://localhost:3000/_next/static/chunks/node_modules_next_dist_0bc8q4g._.js:1233
[ 5571830ms] [LOG] [Fast Refresh] done in 55ms @ http://localhost:3000/_next/static/chunks/node_modules_next_dist_0bc8q4g._.js:1233
[ 5626872ms] [LOG] [Fast Refresh] rebuilding @ http://localhost:3000/_next/static/chunks/node_modules_next_dist_0bc8q4g._.js:1233
[ 5626900ms] [LOG] [Fast Refresh] done in 128ms @ http://localhost:3000/_next/static/chunks/node_modules_next_dist_0bc8q4g._.js:1233
[ 5722619ms] [LOG] [Fast Refresh] rebuilding @ http://localhost:3000/_next/static/chunks/node_modules_next_dist_0bc8q4g._.js:1233
[ 5722664ms] [LOG] [Fast Refresh] done in 151ms @ http://localhost:3000/_next/static/chunks/node_modules_next_dist_0bc8q4g._.js:1233
[ 5722776ms] [LOG] [Fast Refresh] rebuilding @ http://localhost:3000/_next/static/chunks/node_modules_next_dist_0bc8q4g._.js:1233
[ 5722807ms] [LOG] [Fast Refresh] done in 141ms @ http://localhost:3000/_next/static/chunks/node_modules_next_dist_0bc8q4g._.js:1233
[ 5722958ms] [LOG] [Fast Refresh] rebuilding @ http://localhost:3000/_next/static/chunks/node_modules_next_dist_0bc8q4g._.js:1233
[ 5723036ms] [LOG] [Fast Refresh] done in 182ms @ http://localhost:3000/_next/static/chunks/node_modules_next_dist_0bc8q4g._.js:1233
[ 5730414ms] [LOG] [Fast Refresh] rebuilding @ http://localhost:3000/_next/static/chunks/node_modules_next_dist_0bc8q4g._.js:1233
[ 5730420ms] [LOG] [Fast Refresh] done in 112ms @ http://localhost:3000/_next/static/chunks/node_modules_next_dist_0bc8q4g._.js:1233
[ 5738629ms] [LOG] [Fast Refresh] rebuilding @ http://localhost:3000/_next/static/chunks/node_modules_next_dist_0bc8q4g._.js:1233
[ 5738668ms] [LOG] [Fast Refresh] done in 144ms @ http://localhost:3000/_next/static/chunks/node_modules_next_dist_0bc8q4g._.js:1233
[ 5923832ms] [LOG] [Fast Refresh] rebuilding @ http://localhost:3000/_next/static/chunks/node_modules_next_dist_0bc8q4g._.js:1233
[ 5924311ms] [LOG] [Fast Refresh] done in 582ms @ http://localhost:3000/_next/static/chunks/node_modules_next_dist_0bc8q4g._.js:1233
[ 5947698ms] [LOG] [Fast Refresh] rebuilding @ http://localhost:3000/_next/static/chunks/node_modules_next_dist_0bc8q4g._.js:1233
[ 5947861ms] [LOG] [Fast Refresh] done in 269ms @ http://localhost:3000/_next/static/chunks/node_modules_next_dist_0bc8q4g._.js:1233
[ 5968652ms] [LOG] [Fast Refresh] rebuilding @ http://localhost:3000/_next/static/chunks/node_modules_next_dist_0bc8q4g._.js:1233
[ 5968688ms] [LOG] [Fast Refresh] done in 143ms @ http://localhost:3000/_next/static/chunks/node_modules_next_dist_0bc8q4g._.js:1233
[ 5988239ms] [LOG] [Fast Refresh] rebuilding @ http://localhost:3000/_next/static/chunks/node_modules_next_dist_0bc8q4g._.js:1233
[ 5988254ms] [LOG] [Fast Refresh] done in 54ms @ http://localhost:3000/_next/static/chunks/node_modules_next_dist_0bc8q4g._.js:1233
[ 6087869ms] [LOG] [Fast Refresh] rebuilding @ http://localhost:3000/_next/static/chunks/node_modules_next_dist_0bc8q4g._.js:1233
[ 6087886ms] [LOG] [Fast Refresh] done in 36ms @ http://localhost:3000/_next/static/chunks/node_modules_next_dist_0bc8q4g._.js:1233
[ 6114209ms] [LOG] [Fast Refresh] rebuilding @ http://localhost:3000/_next/static/chunks/node_modules_next_dist_0bc8q4g._.js:1233
[ 6114244ms] [LOG] [Fast Refresh] done in 114ms @ http://localhost:3000/_next/static/chunks/node_modules_next_dist_0bc8q4g._.js:1233
[ 6167089ms] [LOG] [Fast Refresh] rebuilding @ http://localhost:3000/_next/static/chunks/node_modules_next_dist_0bc8q4g._.js:1233
[ 6167107ms] [LOG] [Fast Refresh] done in 47ms @ http://localhost:3000/_next/static/chunks/node_modules_next_dist_0bc8q4g._.js:1233
[ 6186583ms] [LOG] [Fast Refresh] rebuilding @ http://localhost:3000/_next/static/chunks/node_modules_next_dist_0bc8q4g._.js:1233
[ 6186733ms] [LOG] [Fast Refresh] done in 261ms @ http://localhost:3000/_next/static/chunks/node_modules_next_dist_0bc8q4g._.js:1233
[ 6198825ms] [LOG] [Fast Refresh] rebuilding @ http://localhost:3000/_next/static/chunks/node_modules_next_dist_0bc8q4g._.js:1233
[ 6198970ms] [LOG] [Fast Refresh] done in 254ms @ http://localhost:3000/_next/static/chunks/node_modules_next_dist_0bc8q4g._.js:1233
[ 6237484ms] [LOG] [Fast Refresh] rebuilding @ http://localhost:3000/_next/static/chunks/node_modules_next_dist_0bc8q4g._.js:1233
[ 6237542ms] [LOG] [Fast Refresh] done in 166ms @ http://localhost:3000/_next/static/chunks/node_modules_next_dist_0bc8q4g._.js:1233
[ 6414281ms] [LOG] [Fast Refresh] rebuilding @ http://localhost:3000/_next/static/chunks/node_modules_next_dist_0bc8q4g._.js:1233
[ 6414307ms] [LOG] [Fast Refresh] done in 86ms @ http://localhost:3000/_next/static/chunks/node_modules_next_dist_0bc8q4g._.js:1233
[ 6444800ms] [LOG] [Fast Refresh] rebuilding @ http://localhost:3000/_next/static/chunks/node_modules_next_dist_0bc8q4g._.js:1233
[ 6444914ms] [LOG] [Fast Refresh] done in 223ms @ http://localhost:3000/_next/static/chunks/node_modules_next_dist_0bc8q4g._.js:1233
[ 6445096ms] [LOG] [Fast Refresh] rebuilding @ http://localhost:3000/_next/static/chunks/node_modules_next_dist_0bc8q4g._.js:1233
[ 6445196ms] [LOG] [Fast Refresh] done in 216ms @ http://localhost:3000/_next/static/chunks/node_modules_next_dist_0bc8q4g._.js:1233
[ 6445241ms] [ERROR] Warning: findDOMNode is deprecated and will be removed in the next major release. Instead, add a ref directly to the element you want to reference. Learn more about using refs safely here: https://reactjs.org/link/strict-mode-find-node%s 
    at Transition (http://localhost:3000/_next/static/chunks/node_modules_0vg60lq._.js:4002:34)
    at SwitchTransition (http://localhost:3000/_next/static/chunks/node_modules_0vg60lq._.js:4565:39)
    at div
    at P (http://localhost:3000/_next/static/chunks/node_modules_0vg60lq._.js:2297:10)
    at AppWrapper (http://localhost:3000/_next/static/chunks/%5Broot-of-the-server%5D__0tlfi-4._.js:1227:23)
    at div
    at RecoilRoot_INTERNAL (http://localhost:3000/_next/static/chunks/node_modules_recoil_es_index_0s4zp2r.js:3375:32)
    at RecoilRoot (http://localhost:3000/_next/static/chunks/node_modules_recoil_es_index_0s4zp2r.js:3522:13)
    at MyApp (http://localhost:3000/_next/static/chunks/%5Broot-of-the-server%5D__0tlfi-4._.js:1375:18)
    at I18nextProvider (http://localhost:3000/_next/static/chunks/node_modules_0vg60lq._.js:4880:21)
    at AppWithTranslation (http://localhost:3000/_next/static/chunks/node_modules_0vg60lq._.js:5213:26)
    at PathnameContextProviderAdapter (http://localhost:3000/_next/static/chunks/node_modules_next_dist_shared_lib_0cx--aq._.js:5590:43)
    at PagesDevOverlayErrorBoundary (http://localhost:3000/_next/static/chunks/node_modules_next_dist_0bc8q4g._.js:1144:9)
    at PagesDevOverlayBridge (http://localhost:3000/_next/static/chunks/node_modules_next_dist_0bc8q4g._.js:1926:34)
    at Container (http://localhost:3000/_next/static/chunks/node_modules_next_dist_client_0pe1dg-._.js:3166:1)
    at AppContainer (http://localhost:3000/_next/static/chunks/node_modules_next_dist_client_0pe1dg-._.js:3289:25)
    at Root (http://localhost:3000/_next/static/chunks/node_modules_next_dist_client_0pe1dg-._.js:3498:17) @ http://localhost:3000/_next/static/chunks/node_modules_next_dist_0bc8q4g._.js:1952
[ 6445886ms] [LOG] [Fast Refresh] rebuilding @ http://localhost:3000/_next/static/chunks/node_modules_next_dist_0bc8q4g._.js:1233
[ 6445921ms] [LOG] [Fast Refresh] done in 140ms @ http://localhost:3000/_next/static/chunks/node_modules_next_dist_0bc8q4g._.js:1233
[ 6446225ms] [LOG] [Fast Refresh] rebuilding @ http://localhost:3000/_next/static/chunks/node_modules_next_dist_0bc8q4g._.js:1233
[ 6446225ms] [LOG] [Fast Refresh] done in 173ms @ http://localhost:3000/_next/static/chunks/node_modules_next_dist_0bc8q4g._.js:1233
[ 6473176ms] [LOG] [Fast Refresh] rebuilding @ http://localhost:3000/_next/static/chunks/node_modules_next_dist_0bc8q4g._.js:1233
[ 6474008ms] [LOG] [Fast Refresh] done in 869ms @ http://localhost:3000/_next/static/chunks/node_modules_next_dist_0bc8q4g._.js:1233
[ 6502515ms] [LOG] [Fast Refresh] rebuilding @ http://localhost:3000/_next/static/chunks/node_modules_next_dist_0bc8q4g._.js:1233
[ 6502563ms] [LOG] [Fast Refresh] done in 59ms @ http://localhost:3000/_next/static/chunks/node_modules_next_dist_0bc8q4g._.js:1233
[ 6518594ms] [LOG] [Fast Refresh] rebuilding @ http://localhost:3000/_next/static/chunks/node_modules_next_dist_0bc8q4g._.js:1233
[ 6518717ms] [LOG] [Fast Refresh] done in 227ms @ http://localhost:3000/_next/static/chunks/node_modules_next_dist_0bc8q4g._.js:1233
[ 6534494ms] [LOG] [Fast Refresh] rebuilding @ http://localhost:3000/_next/static/chunks/node_modules_next_dist_0bc8q4g._.js:1233
[ 6534542ms] [LOG] [Fast Refresh] done in 42ms @ http://localhost:3000/_next/static/chunks/node_modules_next_dist_0bc8q4g._.js:1233
[ 6566239ms] [LOG] [Fast Refresh] rebuilding @ http://localhost:3000/_next/static/chunks/node_modules_next_dist_0bc8q4g._.js:1233
[ 6566288ms] [LOG] [Fast Refresh] done in 50ms @ http://localhost:3000/_next/static/chunks/node_modules_next_dist_0bc8q4g._.js:1233
[ 6598610ms] [LOG] [Fast Refresh] rebuilding @ http://localhost:3000/_next/static/chunks/node_modules_next_dist_0bc8q4g._.js:1233
[ 6598718ms] [LOG] [Fast Refresh] done in 213ms @ http://localhost:3000/_next/static/chunks/node_modules_next_dist_0bc8q4g._.js:1233
[ 6976111ms] [LOG] [Fast Refresh] rebuilding @ http://localhost:3000/_next/static/chunks/node_modules_next_dist_0bc8q4g._.js:1233
[ 6976147ms] [LOG] [Fast Refresh] done in 52ms @ http://localhost:3000/_next/static/chunks/node_modules_next_dist_0bc8q4g._.js:1233
[ 7005771ms] [LOG] [Fast Refresh] rebuilding @ http://localhost:3000/_next/static/chunks/node_modules_next_dist_0bc8q4g._.js:1233
[ 7005802ms] [LOG] [Fast Refresh] done in 43ms @ http://localhost:3000/_next/static/chunks/node_modules_next_dist_0bc8q4g._.js:1233
[ 7036417ms] [LOG] [Fast Refresh] rebuilding @ http://localhost:3000/_next/static/chunks/node_modules_next_dist_0bc8q4g._.js:1233
[ 7036451ms] [LOG] [Fast Refresh] done in 45ms @ http://localhost:3000/_next/static/chunks/node_modules_next_dist_0bc8q4g._.js:1233
[ 7068207ms] [LOG] [Fast Refresh] rebuilding @ http://localhost:3000/_next/static/chunks/node_modules_next_dist_0bc8q4g._.js:1233
[ 7068250ms] [LOG] [Fast Refresh] done in 154ms @ http://localhost:3000/_next/static/chunks/node_modules_next_dist_0bc8q4g._.js:1233
[ 7249231ms] [LOG] [Fast Refresh] rebuilding @ http://localhost:3000/_next/static/chunks/node_modules_next_dist_0bc8q4g._.js:1233
[ 7249265ms] [LOG] [Fast Refresh] done in 38ms @ http://localhost:3000/_next/static/chunks/node_modules_next_dist_0bc8q4g._.js:1233
[ 7280166ms] [LOG] [Fast Refresh] rebuilding @ http://localhost:3000/_next/static/chunks/node_modules_next_dist_0bc8q4g._.js:1233
[ 7280233ms] [LOG] [Fast Refresh] done in 71ms @ http://localhost:3000/_next/static/chunks/node_modules_next_dist_0bc8q4g._.js:1233
[ 7313764ms] [LOG] [Fast Refresh] rebuilding @ http://localhost:3000/_next/static/chunks/node_modules_next_dist_0bc8q4g._.js:1233
[ 7313837ms] [LOG] [Fast Refresh] done in 128ms @ http://localhost:3000/_next/static/chunks/node_modules_next_dist_0bc8q4g._.js:1233
[ 7350706ms] [LOG] [Fast Refresh] rebuilding @ http://localhost:3000/_next/static/chunks/node_modules_next_dist_0bc8q4g._.js:1233
[ 7350742ms] [LOG] [Fast Refresh] done in 51ms @ http://localhost:3000/_next/static/chunks/node_modules_next_dist_0bc8q4g._.js:1233
[ 7385830ms] [LOG] [Fast Refresh] rebuilding @ http://localhost:3000/_next/static/chunks/node_modules_next_dist_0bc8q4g._.js:1233
[ 7385864ms] [LOG] [Fast Refresh] done in 39ms @ http://localhost:3000/_next/static/chunks/node_modules_next_dist_0bc8q4g._.js:1233
[ 7424430ms] [LOG] [Fast Refresh] rebuilding @ http://localhost:3000/_next/static/chunks/node_modules_next_dist_0bc8q4g._.js:1233
[ 7424461ms] [LOG] [Fast Refresh] done in 44ms @ http://localhost:3000/_next/static/chunks/node_modules_next_dist_0bc8q4g._.js:1233
[ 7456577ms] [LOG] [Fast Refresh] rebuilding @ http://localhost:3000/_next/static/chunks/node_modules_next_dist_0bc8q4g._.js:1233
[ 7456608ms] [LOG] [Fast Refresh] done in 40ms @ http://localhost:3000/_next/static/chunks/node_modules_next_dist_0bc8q4g._.js:1233
[ 7656275ms] [LOG] [Fast Refresh] rebuilding @ http://localhost:3000/_next/static/chunks/node_modules_next_dist_0bc8q4g._.js:1233
[ 7656319ms] [LOG] [Fast Refresh] done in 65ms @ http://localhost:3000/_next/static/chunks/node_modules_next_dist_0bc8q4g._.js:1233
[ 7674945ms] [LOG] [Fast Refresh] rebuilding @ http://localhost:3000/_next/static/chunks/node_modules_next_dist_0bc8q4g._.js:1233
[ 7674974ms] [LOG] [Fast Refresh] done in 41ms @ http://localhost:3000/_next/static/chunks/node_modules_next_dist_0bc8q4g._.js:1233
[ 7676495ms] [LOG] [Fast Refresh] rebuilding @ http://localhost:3000/_next/static/chunks/node_modules_next_dist_0bc8q4g._.js:1233
[ 7676522ms] [LOG] [Fast Refresh] done in 43ms @ http://localhost:3000/_next/static/chunks/node_modules_next_dist_0bc8q4g._.js:1233
[ 7688644ms] [LOG] [Fast Refresh] rebuilding @ http://localhost:3000/_next/static/chunks/node_modules_next_dist_0bc8q4g._.js:1233
[ 7688904ms] [LOG] [Fast Refresh] done in 366ms @ http://localhost:3000/_next/static/chunks/node_modules_next_dist_0bc8q4g._.js:1233
[ 7719678ms] [LOG] [Fast Refresh] rebuilding @ http://localhost:3000/_next/static/chunks/node_modules_next_dist_0bc8q4g._.js:1233
[ 7720916ms] [ERROR] ./src/components/pages/LoginPage/LoginPage.styled.tsx:389:19
Expected ';', '}' or <eof>
  387 |         font-size: ${vw(12)}; = styled.div`
  388 |     display: flex;
> 389 |     flex-direction: column;
      |                   ^
  390 |     gap: ${vw(12, 'xs')};
  391 |     color: ${color('ink')};
  392 |     ${manrope};

Parsing ecmascript source code failed

Import traces:
  Browser:
    ./src/components/pages/LoginPage/LoginPage.styled.tsx
    ./src/pages/login.tsx

  SSR:
    ./src/components/pages/LoginPage/LoginPage.styled.tsx
    ./src/pages/login.tsx @ http://localhost:3000/_next/static/chunks/node_modules_next_dist_0bc8q4g._.js:1952
[ 7732954ms] [ERROR] ./src/components/pages/LoginPage/LoginPage.styled.tsx:389:19
Expected ';', '}' or <eof>
  387 |         font-size: ${vw(12)}; = styled.div`
  388 |     display: flex;
> 389 |     flex-direction: column;
      |                   ^
  390 |     gap: ${vw(12, 'xs')};
  391 |     color: ${color('ink')};
  392 |     ${manrope};

Parsing ecmascript source code failed

Import traces:
  Browser:
    ./src/components/pages/LoginPage/LoginPage.styled.tsx
    ./src/pages/login.tsx

  SSR:
    ./src/components/pages/LoginPage/LoginPage.styled.tsx
    ./src/pages/login.tsx @ http://localhost:3000/_next/static/chunks/node_modules_next_dist_0bc8q4g._.js:1952
[ 7733014ms] [LOG] [Fast Refresh] rebuilding @ http://localhost:3000/_next/static/chunks/node_modules_next_dist_0bc8q4g._.js:1233
[ 7744956ms] [ERROR] ./src/components/pages/LoginPage/LoginPage.styled.tsx:389:19
Expected ';', '}' or <eof>
  387 |         font-size: ${vw(12)}; = styled.div`
  388 |     display: flex;
> 389 |     flex-direction: column;
      |                   ^
  390 |     gap: ${vw(12, 'xs')};
  391 |     color: ${color('ink')};
  392 |     ${manrope};

Parsing ecmascript source code failed

Import traces:
  Browser:
    ./src/components/pages/LoginPage/LoginPage.styled.tsx
    ./src/pages/login.tsx

  SSR:
    ./src/components/pages/LoginPage/LoginPage.styled.tsx
    ./src/pages/login.tsx @ http://localhost:3000/_next/static/chunks/node_modules_next_dist_0bc8q4g._.js:1952
[ 7745031ms] [LOG] [Fast Refresh] rebuilding @ http://localhost:3000/_next/static/chunks/node_modules_next_dist_0bc8q4g._.js:1233
[ 7750491ms] [LOG] [Fast Refresh] rebuilding @ http://localhost:3000/_next/static/chunks/node_modules_next_dist_0bc8q4g._.js:1233
[ 7750732ms] [LOG] [Fast Refresh] done in 56ms @ http://localhost:3000/_next/static/chunks/node_modules_next_dist_0bc8q4g._.js:1233
[ 7750992ms] [INFO] %cDownload the React DevTools for a better development experience: https://reactjs.org/link/react-devtools font-weight:bold @ http://localhost:3000/_next/static/chunks/node_modules_react-dom_cjs_react-dom_development_07i0ttg.js:25055
[ 7751165ms] [LOG] [HMR] connected @ http://localhost:3000/_next/static/chunks/node_modules_next_dist_0bc8q4g._.js:1233
[ 7751250ms] [ERROR] Warning: Prop `%s` did not match. Server: %s Client: %s%s href "/login#" "/login?next=%2Flogin%3Fnext%3D%252Flogin%253Fnext%253D%25252Flogin%25253Fnext%25253D%2525252Flogin%2525253Fnext%2525253D%252525252Flogin%252525253Fnext%252525253D%25252525252Flogin%25252525253Fnext%25252525253D%2525252525252Flogin%2525252525253Fnext%2525252525253D%252525252525252Flogin%252525252525253Fnext%252525252525253D%25252525252525252Flogin%25252525252525253Fnext%25252525252525253D%2525252525252525252Flogin%2525252525252525253Fnext%2525252525252525253D%252525252525252525252Flogin%252525252525252525253Fnext%252525252525252525253D%25252525252525252525252Flogin%25252525252525252525253Fnext%25252525252525252525253D%2525252525252525252525252Flogin%2525252525252525252525253Fnext%2525252525252525252525253D%252525252525252525252525252Flogin%252525252525252525252525253Fnext%252525252525252525252525253D%25252525252525252525252525252Flogin%25252525252525252525252525253Fnext%25252525252525252525252525253D%2525252525252525252525252525252Flogin%2525252525252525252525252525253Fnext%2525252525252525252525252525253D%252525252525252525252525252525252Flogin%252525252525252525252525252525253Fnext%252525252525252525252525252525253D%25252525252525252525252525252525252Flogin%25252525252525252525252525252525253Fnext%25252525252525252525252525252525253D%2525252525252525252525252525252525252Flogin%2525252525252525252525252525252525253Fnext%2525252525252525252525252525252525253D%252525252525252525252525252525252525252Flogin%252525252525252525252525252525252525253Fnext%252525252525252525252525252525252525253D%25252525252525252525252525252525252525252Ftree#" 
    at a
    at LinkComponent (http://localhost:3000/_next/static/chunks/node_modules_next_dist_client_0k7d74y._.js:4517:19)
    at P (http://localhost:3000/_next/static/chunks/node_modules_0vg60lq._.js:2297:10)
    at div
    at P (http://localhost:3000/_next/static/chunks/node_modules_0vg60lq._.js:2297:10)
    at div
    at P (http://localhost:3000/_next/static/chunks/node_modules_0vg60lq._.js:2297:10)
    at Sandwich (http://localhost:3000/_next/static/chunks/%5Broot-of-the-server%5D__0k7id9v._.js:2036:198)
    at Layout (http://localhost:3000/_next/static/chunks/%5Broot-of-the-server%5D__0k7id9v._.js:2318:19)
    at LoginPage (http://localhost:3000/_next/static/chunks/%5Broot-of-the-server%5D__0k7id9v._.js:3029:22)
    at Transition (http://localhost:3000/_next/static/chunks/node_modules_0vg60lq._.js:4002:34)
    at SwitchTransition (http://localhost:3000/_next/static/chunks/node_modules_0vg60lq._.js:4565:39)
    at div
    at P (http://localhost:3000/_next/static/chunks/node_modules_0vg60lq._.js:2297:10)
    at AppWrapper (http://localhost:3000/_next/static/chunks/%5Broot-of-the-server%5D__0tlfi-4._.js:1227:23)
    at div
    at RecoilRoot_INTERNAL (http://localhost:3000/_next/static/chunks/node_modules_recoil_es_index_0s4zp2r.js:3375:32)
    at RecoilRoot (http://localhost:3000/_next/static/chunks/node_modules_recoil_es_index_0s4zp2r.js:3522:13)
    at MyApp (http://localhost:3000/_next/static/chunks/%5Broot-of-the-server%5D__0tlfi-4._.js:1375:18)
    at I18nextProvider (http://localhost:3000/_next/static/chunks/node_modules_0vg60lq._.js:4880:21)
    at AppWithTranslation (http://localhost:3000/_next/static/chunks/node_modules_0vg60lq._.js:5213:26)
    at PathnameContextProviderAdapter (http://localhost:3000/_next/static/chunks/node_modules_next_dist_shared_lib_0cx--aq._.js:5590:43)
    at PagesDevOverlayErrorBoundary (http://localhost:3000/_next/static/chunks/node_modules_next_dist_0bc8q4g._.js:1144:9)
    at PagesDevOverlayBridge (http://localhost:3000/_next/static/chunks/node_modules_next_dist_0bc8q4g._.js:1926:34)
    at Container (http://localhost:3000/_next/static/chunks/node_modules_next_dist_client_0pe1dg-._.js:3166:1)
    at AppContainer (http://localhost:3000/_next/static/chunks/node_modules_next_dist_client_0pe1dg-._.js:3289:25)
    at Root (http://localhost:3000/_next/static/chunks/node_modules_next_dist_client_0pe1dg-._.js:3498:17) @ http://localhost:3000/_next/static/chunks/node_modules_next_dist_0bc8q4g._.js:1952
[ 8116318ms] [LOG] [Fast Refresh] rebuilding @ http://localhost:3000/_next/static/chunks/node_modules_next_dist_0bc8q4g._.js:1233
[ 8116343ms] [LOG] [Fast Refresh] done in 39ms @ http://localhost:3000/_next/static/chunks/node_modules_next_dist_0bc8q4g._.js:1233
[ 8145649ms] [LOG] [Fast Refresh] rebuilding @ http://localhost:3000/_next/static/chunks/node_modules_next_dist_0bc8q4g._.js:1233
[ 8145775ms] [LOG] [Fast Refresh] done in 227ms @ http://localhost:3000/_next/static/chunks/node_modules_next_dist_0bc8q4g._.js:1233
[ 8146271ms] [LOG] [Fast Refresh] rebuilding @ http://localhost:3000/_next/static/chunks/node_modules_next_dist_0bc8q4g._.js:1233
[ 8146432ms] [LOG] [Fast Refresh] done in 275ms @ http://localhost:3000/_next/static/chunks/node_modules_next_dist_0bc8q4g._.js:1233
[ 8149661ms] [LOG] [Fast Refresh] rebuilding @ http://localhost:3000/_next/static/chunks/node_modules_next_dist_0bc8q4g._.js:1233
[ 8149774ms] [LOG] [Fast Refresh] done in 218ms @ http://localhost:3000/_next/static/chunks/node_modules_next_dist_0bc8q4g._.js:1233
[ 8158962ms] [LOG] [Fast Refresh] rebuilding @ http://localhost:3000/_next/static/chunks/node_modules_next_dist_0bc8q4g._.js:1233
[ 8159109ms] [LOG] [Fast Refresh] done in 261ms @ http://localhost:3000/_next/static/chunks/node_modules_next_dist_0bc8q4g._.js:1233
[ 8243392ms] [LOG] [Fast Refresh] rebuilding @ http://localhost:3000/_next/static/chunks/node_modules_next_dist_0bc8q4g._.js:1233
[ 8243509ms] [LOG] [Fast Refresh] done in 227ms @ http://localhost:3000/_next/static/chunks/node_modules_next_dist_0bc8q4g._.js:1233
[ 8244793ms] [LOG] [Fast Refresh] rebuilding @ http://localhost:3000/_next/static/chunks/node_modules_next_dist_0bc8q4g._.js:1233
[ 8244824ms] [LOG] [Fast Refresh] done in 139ms @ http://localhost:3000/_next/static/chunks/node_modules_next_dist_0bc8q4g._.js:1233
[ 8245007ms] [LOG] [Fast Refresh] rebuilding @ http://localhost:3000/_next/static/chunks/node_modules_next_dist_0bc8q4g._.js:1233
[ 8245102ms] [LOG] [Fast Refresh] done in 203ms @ http://localhost:3000/_next/static/chunks/node_modules_next_dist_0bc8q4g._.js:1233
[ 8282584ms] [LOG] [Fast Refresh] rebuilding @ http://localhost:3000/_next/static/chunks/node_modules_next_dist_0bc8q4g._.js:1233
[ 8282725ms] [LOG] [Fast Refresh] done in 252ms @ http://localhost:3000/_next/static/chunks/node_modules_next_dist_0bc8q4g._.js:1233
[ 8283110ms] [LOG] [Fast Refresh] rebuilding @ http://localhost:3000/_next/static/chunks/node_modules_next_dist_0bc8q4g._.js:1233
[ 8283171ms] [LOG] [Fast Refresh] done in 166ms @ http://localhost:3000/_next/static/chunks/node_modules_next_dist_0bc8q4g._.js:1233
[ 8283358ms] [LOG] [Fast Refresh] rebuilding @ http://localhost:3000/_next/static/chunks/node_modules_next_dist_0bc8q4g._.js:1233
[ 8283359ms] [LOG] [Fast Refresh] done in 113ms @ http://localhost:3000/_next/static/chunks/node_modules_next_dist_0bc8q4g._.js:1233
[ 8294715ms] [LOG] [Fast Refresh] rebuilding @ http://localhost:3000/_next/static/chunks/node_modules_next_dist_0bc8q4g._.js:1233
[ 8295070ms] [LOG] [Fast Refresh] done in 463ms @ http://localhost:3000/_next/static/chunks/node_modules_next_dist_0bc8q4g._.js:1233
[ 8295348ms] [LOG] [Fast Refresh] rebuilding @ http://localhost:3000/_next/static/chunks/node_modules_next_dist_0bc8q4g._.js:1233
[ 8295381ms] [LOG] [Fast Refresh] done in 140ms @ http://localhost:3000/_next/static/chunks/node_modules_next_dist_0bc8q4g._.js:1233
[ 8820509ms] [LOG] [Fast Refresh] rebuilding @ http://localhost:3000/_next/static/chunks/node_modules_next_dist_0bc8q4g._.js:1233
[ 8820551ms] [LOG] [Fast Refresh] done in 112ms @ http://localhost:3000/_next/static/chunks/node_modules_next_dist_0bc8q4g._.js:1233
[ 8972199ms] [LOG] [Fast Refresh] rebuilding @ http://localhost:3000/_next/static/chunks/node_modules_next_dist_0bc8q4g._.js:1233
[ 8972249ms] [LOG] [Fast Refresh] done in 67ms @ http://localhost:3000/_next/static/chunks/node_modules_next_dist_0bc8q4g._.js:1233
[ 8987301ms] [LOG] [Fast Refresh] rebuilding @ http://localhost:3000/_next/static/chunks/node_modules_next_dist_0bc8q4g._.js:1233
[ 8987638ms] [LOG] [Fast Refresh] done in 452ms @ http://localhost:3000/_next/static/chunks/node_modules_next_dist_0bc8q4g._.js:1233
[ 8991447ms] [LOG] [Fast Refresh] rebuilding @ http://localhost:3000/_next/static/chunks/node_modules_next_dist_0bc8q4g._.js:1233
[ 8991504ms] [LOG] [Fast Refresh] done in 132ms @ http://localhost:3000/_next/static/chunks/node_modules_next_dist_0bc8q4g._.js:1233
[ 8999228ms] [LOG] [Fast Refresh] rebuilding @ http://localhost:3000/_next/static/chunks/node_modules_next_dist_0bc8q4g._.js:1233
[ 8999254ms] [LOG] [Fast Refresh] done in 48ms @ http://localhost:3000/_next/static/chunks/node_modules_next_dist_0bc8q4g._.js:1233
[ 9024797ms] [LOG] [Fast Refresh] rebuilding @ http://localhost:3000/_next/static/chunks/node_modules_next_dist_0bc8q4g._.js:1233
[ 9024826ms] [LOG] [Fast Refresh] done in 55ms @ http://localhost:3000/_next/static/chunks/node_modules_next_dist_0bc8q4g._.js:1233
[ 9026552ms] [LOG] [Fast Refresh] rebuilding @ http://localhost:3000/_next/static/chunks/node_modules_next_dist_0bc8q4g._.js:1233
[ 9026581ms] [LOG] [Fast Refresh] done in 55ms @ http://localhost:3000/_next/static/chunks/node_modules_next_dist_0bc8q4g._.js:1233
[ 9167662ms] [LOG] [Fast Refresh] rebuilding @ http://localhost:3000/_next/static/chunks/node_modules_next_dist_0bc8q4g._.js:1233
[ 9173794ms] [LOG] [Fast Refresh] done in 6248ms @ http://localhost:3000/_next/static/chunks/node_modules_next_dist_0bc8q4g._.js:1233
